2026-07-17 11:10:14,304 - INFO - GET isteï¿½i gï¿½nderiliyor: https://api.stripe.com/v1/customers
2026-07-17 11:10:15,832 - INFO - Baï¿½arï¿½lï¿½ cevap: 200
2026-07-17 11:10:15,841 - INFO - GET isteï¿½i gï¿½nderiliyor: https://api.stripe.com/v1/customers
2026-07-17 11:10:17,145 - INFO - Baï¿½arï¿½lï¿½ cevap: 200
2026-07-17 11:10:17,153 - INFO - GET isteï¿½i gï¿½nderiliyor: https://api.stripe.com/v1/customers
2026-07-17 11:10:18,417 - INFO - Baï¿½arï¿½lï¿½ cevap: 200
2026-07-17 11:10:18,418 - INFO - GET isteï¿½i gï¿½nderiliyor: https://api.stripe.com/v1/payment_intents
2026-07-17 11:10:19,491 - INFO - Baï¿½arï¿½lï¿½ cevap: 200
2026-07-17 11:10:19,495 - INFO - GET isteï¿½i gï¿½nderiliyor: https://api.stripe.com/v1/refunds
2026-07-17 11:10:19,996 - INFO - Baï¿½arï¿½lï¿½ cevap: 200
2026-07-17 11:10:19,998 - INFO - GET isteï¿½i gï¿½nderiliyor: https://api.stripe.com/v1/products
2026-07-17 11:10:20,965 - INFO - Baï¿½arï¿½lï¿½ cevap: 200
2026-07-17 11:10:22,445 - INFO - GET isteï¿½i gï¿½nderiliyor: https://api.stripe.com/v1/customers
2026-07-17 11:10:23,181 - INFO - Baï¿½arï¿½lï¿½ cevap: 200
2026-07-17 11:10:24,431 - INFO - GET isteï¿½i gï¿½nderiliyor: https://api.stripe.com/v1/payment_intents
2026-07-17 11:10:25,368 - INFO - Baï¿½arï¿½lï¿½ cevap: 200
2026-07-17 11:10:25,895 - INFO - GET isteï¿½i gï¿½nderiliyor: https://api.stripe.com/v1/refunds
2026-07-17 11:10:26,550 - INFO - Baï¿½arï¿½lï¿½ cevap: 200
2026-07-17 11:10:30,728 - INFO - GET isteï¿½i gï¿½nderiliyor: https://api.stripe.com/v1/customers
2026-07-17 11:10:30,731 - INFO - GET isteï¿½i gï¿½nderiliyor: https://api.stripe.com/v1/products
2026-07-17 11:10:31,497 - INFO - Baï¿½arï¿½lï¿½ cevap: 200
2026-07-17 11:10:31,569 - INFO - Baï¿½arï¿½lï¿½ cevap: 200
2026-07-17 11:10:39,666 - INFO - POST isteï¿½i gï¿½nderiliyor: https://api.stripe.com/v1/invoices/create_preview
2026-07-17 11:10:40,403 - INFO - Baï¿½arï¿½lï¿½ cevap: 200
2026-07-17 11:10:44,347 - INFO - POST isteï¿½i gï¿½nderiliyor: https://api.stripe.com/v1/invoices
2026-07-17 11:10:45,512 - INFO - Baï¿½arï¿½lï¿½ cevap: 200
2026-07-17 11:10:45,514 - INFO - POST isteï¿½i gï¿½nderiliyor: https://api.stripe.com/v1/invoiceitems
2026-07-17 11:10:46,403 - INFO - Baï¿½arï¿½lï¿½ cevap: 200
2026-07-17 11:10:46,404 - INFO - POST isteï¿½i gï¿½nderiliyor: https://api.stripe.com/v1/invoices/in_1Tu6r1KBkUL9vnMVQC59RqHs/finalize
2026-07-17 11:10:48,604 - INFO - Baï¿½arï¿½lï¿½ cevap: 200
2026-07-17 11:10:51,063 - INFO - GET isteï¿½i gï¿½nderiliyor: https://api.stripe.com/v1/customers
2026-07-17 11:10:52,319 - INFO - Baï¿½arï¿½lï¿½ cevap: 200
2026-07-17 11:10:52,320 - INFO - GET isteï¿½i gï¿½nderiliyor: https://api.stripe.com/v1/customers
2026-07-17 11:10:53,631 - INFO - Baï¿½arï¿½lï¿½ cevap: 200
2026-07-17 11:10:53,633 - INFO - GET isteï¿½i gï¿½nderiliyor: https://api.stripe.com/v1/customers
2026-07-17 11:10:54,515 - INFO - Baï¿½arï¿½lï¿½ cevap: 200
2026-07-17 11:10:54,517 - INFO - GET isteï¿½i gï¿½nderiliyor: https://api.stripe.com/v1/payment_intents
2026-07-17 11:10:55,515 - INFO - Baï¿½arï¿½lï¿½ cevap: 200
2026-07-17 11:10:55,517 - INFO - GET isteï¿½i gï¿½nderiliyor: https://api.stripe.com/v1/refunds
2026-07-17 11:10:56,099 - INFO - Baï¿½arï¿½lï¿½ cevap: 200
2026-07-17 11:10:56,100 - INFO - GET isteï¿½i gï¿½nderiliyor: https://api.stripe.com/v1/products
2026-07-17 11:10:56,764 - INFO - Baï¿½arï¿½lï¿½ cevap: 200
2026-07-17 16:38:44,959 - INFO - POST isteï¿½i gï¿½nderiliyor: https://api.stripe.com/v1/customers
2026-07-17 16:38:45,894 - INFO - Baï¿½arï¿½lï¿½ cevap: 200
2026-07-17 16:38:46,326 - INFO - GET isteï¿½i gï¿½nderiliyor: https://api.stripe.com/v1/customers/cus_UtzyfYUYgd5jcb
2026-07-17 16:38:46,993 - INFO - Baï¿½arï¿½lï¿½ cevap: 200
2026-07-17 16:38:47,011 - INFO - GET isteï¿½i gï¿½nderiliyor: https://api.stripe.com/v1/payment_intents
2026-07-17 16:38:47,699 - INFO - Baï¿½arï¿½lï¿½ cevap: 200
2026-07-17 17:05:45,479 - INFO - GET isteï¿½i gï¿½nderiliyor: https://api.stripe.com/v1/customers
2026-07-17 17:05:47,033 - INFO - Baï¿½arï¿½lï¿½ cevap: 200
2026-07-17 17:05:47,035 - INFO - GET isteï¿½i gï¿½nderiliyor: https://api.stripe.com/v1/customers
2026-07-17 17:05:48,337 - INFO - Baï¿½arï¿½lï¿½ cevap: 200
2026-07-17 17:05:48,341 - INFO - GET isteï¿½i gï¿½nderiliyor: https://api.stripe.com/v1/customers
2026-07-17 17:05:49,373 - INFO - Baï¿½arï¿½lï¿½ cevap: 200
2026-07-17 17:05:49,377 - INFO - GET isteï¿½i gï¿½nderiliyor: https://api.stripe.com/v1/payment_intents
2026-07-17 17:05:50,554 - INFO - Baï¿½arï¿½lï¿½ cevap: 200
2026-07-17 17:05:50,556 - INFO - GET isteï¿½i gï¿½nderiliyor: https://api.stripe.com/v1/refunds
2026-07-17 17:05:51,080 - INFO - Baï¿½arï¿½lï¿½ cevap: 200
2026-07-17 17:05:51,082 - INFO - GET isteï¿½i gï¿½nderiliyor: https://api.stripe.com/v1/products
2026-07-17 17:05:51,931 - INFO - Baï¿½arï¿½lï¿½ cevap: 200
2026-07-17 17:06:19,633 - INFO - GET isteï¿½i gï¿½nderiliyor: https://api.stripe.com/v1/products
2026-07-17 17:06:20,464 - INFO - Baï¿½arï¿½lï¿½ cevap: 200
2026-07-17 17:06:35,116 - INFO - GET isteï¿½i gï¿½nderiliyor: https://api.stripe.com/v1/payment_intents
2026-07-17 17:06:36,395 - INFO - Baï¿½arï¿½lï¿½ cevap: 200
2026-07-17 17:06:54,430 - INFO - GET isteï¿½i gï¿½nderiliyor: https://api.stripe.com/v1/customers
2026-07-17 17:06:55,342 - INFO - Baï¿½arï¿½lï¿½ cevap: 200
2026-07-17 17:06:55,345 - INFO - GET isteï¿½i gï¿½nderiliyor: https://api.stripe.com/v1/customers
2026-07-17 17:06:56,178 - INFO - Baï¿½arï¿½lï¿½ cevap: 200
2026-07-17 17:06:56,183 - INFO - GET isteï¿½i gï¿½nderiliyor: https://api.stripe.com/v1/customers
2026-07-17 17:06:56,958 - INFO - Baï¿½arï¿½lï¿½ cevap: 200
2026-07-17 17:06:56,962 - INFO - GET isteï¿½i gï¿½nderiliyor: https://api.stripe.com/v1/payment_intents
2026-07-17 17:06:57,953 - INFO - Baï¿½arï¿½lï¿½ cevap: 200
2026-07-17 17:06:57,957 - INFO - GET isteï¿½i gï¿½nderiliyor: https://api.stripe.com/v1/refunds
2026-07-17 17:06:58,538 - INFO - Baï¿½arï¿½lï¿½ cevap: 200
2026-07-17 17:06:58,541 - INFO - GET isteï¿½i gï¿½nderiliyor: https://api.stripe.com/v1/products
2026-07-17 17:06:59,190 - INFO - Baï¿½arï¿½lï¿½ cevap: 200
2026-07-17 17:07:43,202 - INFO - GET isteï¿½i gï¿½nderiliyor: https://api.stripe.com/v1/customers
2026-07-17 17:07:46,310 - INFO - Baï¿½arï¿½lï¿½ cevap: 200
2026-07-17 17:07:46,314 - INFO - GET isteï¿½i gï¿½nderiliyor: https://api.stripe.com/v1/customers
2026-07-17 17:07:47,232 - INFO - Baï¿½arï¿½lï¿½ cevap: 200
2026-07-17 17:07:47,235 - INFO - GET isteï¿½i gï¿½nderiliyor: https://api.stripe.com/v1/customers
2026-07-17 17:07:47,985 - INFO - Baï¿½arï¿½lï¿½ cevap: 200
2026-07-17 17:07:47,987 - INFO - GET isteï¿½i gï¿½nderiliyor: https://api.stripe.com/v1/payment_intents
2026-07-17 17:07:49,107 - INFO - Baï¿½arï¿½lï¿½ cevap: 200
2026-07-17 17:07:49,109 - INFO - GET isteï¿½i gï¿½nderiliyor: https://api.stripe.com/v1/refunds
2026-07-17 17:07:49,612 - INFO - Baï¿½arï¿½lï¿½ cevap: 200
2026-07-17 17:07:49,614 - INFO - GET isteï¿½i gï¿½nderiliyor: https://api.stripe.com/v1/products
2026-07-17 17:07:49,888 - INFO - GET isteï¿½i gï¿½nderiliyor: https://api.stripe.com/v1/customers
2026-07-17 17:07:50,387 - INFO - Baï¿½arï¿½lï¿½ cevap: 200
2026-07-17 17:07:50,812 - INFO - Baï¿½arï¿½lï¿½ cevap: 200
2026-07-17 17:12:21,726 - INFO - GET isteï¿½i gï¿½nderiliyor: https://api.stripe.com/v1/customers
2026-07-17 17:12:23,171 - INFO - Baï¿½arï¿½lï¿½ cevap: 200
2026-07-17 17:12:23,173 - INFO - GET isteï¿½i gï¿½nderiliyor: https://api.stripe.com/v1/customers
2026-07-17 17:12:24,557 - INFO - Baï¿½arï¿½lï¿½ cevap: 200
2026-07-17 17:12:24,560 - INFO - GET isteï¿½i gï¿½nderiliyor: https://api.stripe.com/v1/customers
2026-07-17 17:12:25,376 - INFO - Baï¿½arï¿½lï¿½ cevap: 200
2026-07-17 17:12:25,378 - INFO - GET isteï¿½i gï¿½nderiliyor: https://api.stripe.com/v1/payment_intents
2026-07-17 17:12:26,427 - INFO - Baï¿½arï¿½lï¿½ cevap: 200
2026-07-17 17:12:26,430 - INFO - GET isteï¿½i gï¿½nderiliyor: https://api.stripe.com/v1/refunds
2026-07-17 17:12:27,019 - INFO - Baï¿½arï¿½lï¿½ cevap: 200
2026-07-17 17:12:27,021 - INFO - GET isteï¿½i gï¿½nderiliyor: https://api.stripe.com/v1/products
2026-07-17 17:12:27,929 - INFO - Baï¿½arï¿½lï¿½ cevap: 200
2026-07-17 17:15:21,207 - INFO - GET isteï¿½i gï¿½nderiliyor: https://api.stripe.com/v1/customers
2026-07-17 17:15:22,040 - INFO - Baï¿½arï¿½lï¿½ cevap: 200
2026-07-17 17:15:22,043 - INFO - GET isteï¿½i gï¿½nderiliyor: https://api.stripe.com/v1/customers
2026-07-17 17:15:22,881 - INFO - Baï¿½arï¿½lï¿½ cevap: 200
2026-07-17 17:15:22,885 - INFO - GET isteï¿½i gï¿½nderiliyor: https://api.stripe.com/v1/customers
2026-07-17 17:15:23,560 - INFO - Baï¿½arï¿½lï¿½ cevap: 200
2026-07-17 17:15:23,564 - INFO - GET isteï¿½i gï¿½nderiliyor: https://api.stripe.com/v1/payment_intents
2026-07-17 17:15:24,524 - INFO - Baï¿½arï¿½lï¿½ cevap: 200
2026-07-17 17:15:24,527 - INFO - GET isteï¿½i gï¿½nderiliyor: https://api.stripe.com/v1/refunds
2026-07-17 17:15:25,056 - INFO - Baï¿½arï¿½lï¿½ cevap: 200
2026-07-17 17:15:25,058 - INFO - GET isteï¿½i gï¿½nderiliyor: https://api.stripe.com/v1/products
2026-07-17 17:15:26,698 - INFO - Baï¿½arï¿½lï¿½ cevap: 200
2026-07-17 17:16:01,645 - INFO - GET isteï¿½i gï¿½nderiliyor: https://api.stripe.com/v1/customers
2026-07-17 17:16:02,783 - INFO - Baï¿½arï¿½lï¿½ cevap: 200
2026-07-17 17:16:27,578 - INFO - GET isteï¿½i gï¿½nderiliyor: https://api.stripe.com/v1/customers
2026-07-17 17:16:28,531 - INFO - Baï¿½arï¿½lï¿½ cevap: 200
2026-07-17 17:17:20,153 - INFO - GET isteï¿½i gï¿½nderiliyor: https://api.stripe.com/v1/customers
2026-07-17 17:17:21,133 - INFO - Baï¿½arï¿½lï¿½ cevap: 200
2026-07-17 17:17:21,136 - INFO - GET isteï¿½i gï¿½nderiliyor: https://api.stripe.com/v1/customers
2026-07-17 17:17:21,910 - INFO - Baï¿½arï¿½lï¿½ cevap: 200
2026-07-17 17:17:21,912 - INFO - GET isteï¿½i gï¿½nderiliyor: https://api.stripe.com/v1/customers
2026-07-17 17:17:22,564 - INFO - Baï¿½arï¿½lï¿½ cevap: 200
2026-07-17 17:17:22,568 - INFO - GET isteï¿½i gï¿½nderiliyor: https://api.stripe.com/v1/payment_intents
2026-07-17 17:17:23,533 - INFO - Baï¿½arï¿½lï¿½ cevap: 200
2026-07-17 17:17:23,536 - INFO - GET isteï¿½i gï¿½nderiliyor: https://api.stripe.com/v1/refunds
2026-07-17 17:17:24,102 - INFO - Baï¿½arï¿½lï¿½ cevap: 200
2026-07-17 17:17:24,104 - INFO - GET isteï¿½i gï¿½nderiliyor: https://api.stripe.com/v1/products
2026-07-17 17:17:24,700 - INFO - Baï¿½arï¿½lï¿½ cevap: 200
2026-07-17 17:17:36,996 - INFO - GET isteï¿½i gï¿½nderiliyor: https://api.stripe.com/v1/customers
2026-07-17 17:17:38,098 - INFO - Baï¿½arï¿½lï¿½ cevap: 200
2026-07-17 17:17:59,457 - INFO - GET isteï¿½i gï¿½nderiliyor: https://api.stripe.com/v1/customers
2026-07-17 17:18:00,123 - INFO - Baï¿½arï¿½lï¿½ cevap: 200
2026-07-17 17:19:04,369 - INFO - GET isteï¿½i gï¿½nderiliyor: https://api.stripe.com/v1/customers
2026-07-17 17:19:06,601 - INFO - Baï¿½arï¿½lï¿½ cevap: 200
2026-07-17 17:19:06,604 - INFO - GET isteï¿½i gï¿½nderiliyor: https://api.stripe.com/v1/customers
2026-07-17 17:19:16,150 - INFO - Baï¿½arï¿½lï¿½ cevap: 200
2026-07-17 17:19:16,154 - INFO - GET isteï¿½i gï¿½nderiliyor: https://api.stripe.com/v1/customers
2026-07-17 17:19:27,853 - INFO - Baï¿½arï¿½lï¿½ cevap: 200
2026-07-17 17:19:27,857 - INFO - GET isteï¿½i gï¿½nderiliyor: https://api.stripe.com/v1/payment_intents
2026-07-17 17:19:30,031 - INFO - Baï¿½arï¿½lï¿½ cevap: 200
2026-07-17 17:19:30,035 - INFO - GET isteï¿½i gï¿½nderiliyor: https://api.stripe.com/v1/refunds
2026-07-17 17:19:30,670 - INFO - Baï¿½arï¿½lï¿½ cevap: 200
2026-07-17 17:19:30,671 - INFO - GET isteï¿½i gï¿½nderiliyor: https://api.stripe.com/v1/products
2026-07-17 17:19:32,456 - INFO - Baï¿½arï¿½lï¿½ cevap: 200
2026-07-17 17:19:56,635 - INFO - GET isteï¿½i gï¿½nderiliyor: https://api.stripe.com/v1/customers
2026-07-17 17:19:57,319 - INFO - Baï¿½arï¿½lï¿½ cevap: 200
2026-07-17 17:22:02,049 - INFO - GET isteï¿½i gï¿½nderiliyor: https://api.stripe.com/v1/customers
2026-07-17 17:22:02,881 - INFO - Baï¿½arï¿½lï¿½ cevap: 200
2026-07-17 17:22:40,717 - INFO - GET isteï¿½i gï¿½nderiliyor: https://api.stripe.com/v1/customers
2026-07-17 17:22:41,616 - INFO - Baï¿½arï¿½lï¿½ cevap: 200
2026-07-17 17:22:41,620 - INFO - GET isteï¿½i gï¿½nderiliyor: https://api.stripe.com/v1/customers
2026-07-17 17:22:42,524 - INFO - Baï¿½arï¿½lï¿½ cevap: 200
2026-07-17 17:22:42,528 - INFO - GET isteï¿½i gï¿½nderiliyor: https://api.stripe.com/v1/customers
2026-07-17 17:22:43,265 - INFO - Baï¿½arï¿½lï¿½ cevap: 200
2026-07-17 17:22:43,268 - INFO - GET isteï¿½i gï¿½nderiliyor: https://api.stripe.com/v1/payment_intents
2026-07-17 17:22:44,343 - INFO - Baï¿½arï¿½lï¿½ cevap: 200
2026-07-17 17:22:44,346 - INFO - GET isteï¿½i gï¿½nderiliyor: https://api.stripe.com/v1/refunds
2026-07-17 17:22:44,948 - INFO - Baï¿½arï¿½lï¿½ cevap: 200
2026-07-17 17:22:44,949 - INFO - GET isteï¿½i gï¿½nderiliyor: https://api.stripe.com/v1/products
2026-07-17 17:22:45,641 - INFO - Baï¿½arï¿½lï¿½ cevap: 200
2026-07-17 17:23:42,294 - INFO - GET isteï¿½i gï¿½nderiliyor: https://api.stripe.com/v1/customers
2026-07-17 17:23:43,346 - INFO - Baï¿½arï¿½lï¿½ cevap: 200
2026-07-17 17:23:43,349 - INFO - GET isteï¿½i gï¿½nderiliyor: https://api.stripe.com/v1/customers
2026-07-17 17:23:44,249 - INFO - Baï¿½arï¿½lï¿½ cevap: 200
2026-07-17 17:23:44,253 - INFO - GET isteï¿½i gï¿½nderiliyor: https://api.stripe.com/v1/customers
2026-07-17 17:23:44,936 - INFO - Baï¿½arï¿½lï¿½ cevap: 200
2026-07-17 17:23:44,939 - INFO - GET isteï¿½i gï¿½nderiliyor: https://api.stripe.com/v1/payment_intents
2026-07-17 17:23:46,176 - INFO - Baï¿½arï¿½lï¿½ cevap: 200
2026-07-17 17:23:46,177 - INFO - GET isteï¿½i gï¿½nderiliyor: https://api.stripe.com/v1/refunds
2026-07-17 17:23:46,747 - INFO - Baï¿½arï¿½lï¿½ cevap: 200
2026-07-17 17:23:46,749 - INFO - GET isteï¿½i gï¿½nderiliyor: https://api.stripe.com/v1/products
2026-07-17 17:23:47,379 - INFO - Baï¿½arï¿½lï¿½ cevap: 200
2026-07-17 17:25:18,605 - INFO - GET isteï¿½i gï¿½nderiliyor: https://api.stripe.com/v1/customers
2026-07-17 17:25:20,053 - INFO - Baï¿½arï¿½lï¿½ cevap: 200
2026-07-17 17:25:20,059 - INFO - GET isteï¿½i gï¿½nderiliyor: https://api.stripe.com/v1/customers
2026-07-17 17:25:22,362 - INFO - Baï¿½arï¿½lï¿½ cevap: 200
2026-07-17 17:25:22,365 - INFO - GET isteï¿½i gï¿½nderiliyor: https://api.stripe.com/v1/customers
2026-07-17 17:25:23,604 - INFO - Baï¿½arï¿½lï¿½ cevap: 200
2026-07-17 17:25:23,607 - INFO - GET isteï¿½i gï¿½nderiliyor: https://api.stripe.com/v1/payment_intents
2026-07-17 17:25:24,577 - INFO - GET isteï¿½i gï¿½nderiliyor: https://api.stripe.com/v1/customers
2026-07-17 17:25:24,585 - INFO - GET isteï¿½i gï¿½nderiliyor: https://api.stripe.com/v1/products
2026-07-17 17:25:24,810 - INFO - Baï¿½arï¿½lï¿½ cevap: 200
2026-07-17 17:25:24,851 - INFO - GET isteï¿½i gï¿½nderiliyor: https://api.stripe.com/v1/refunds
2026-07-17 17:25:25,370 - INFO - Baï¿½arï¿½lï¿½ cevap: 200
2026-07-17 17:25:25,409 - INFO - GET isteï¿½i gï¿½nderiliyor: https://api.stripe.com/v1/payment_intents
2026-07-17 17:25:25,414 - INFO - Baï¿½arï¿½lï¿½ cevap: 200
2026-07-17 17:25:25,416 - INFO - GET isteï¿½i gï¿½nderiliyor: https://api.stripe.com/v1/products
2026-07-17 17:25:26,120 - INFO - Baï¿½arï¿½lï¿½ cevap: 200
2026-07-17 17:25:26,219 - INFO - Baï¿½arï¿½lï¿½ cevap: 200
2026-07-17 17:25:26,378 - INFO - GET isteï¿½i gï¿½nderiliyor: https://api.stripe.com/v1/customers
2026-07-17 17:25:26,425 - INFO - Baï¿½arï¿½lï¿½ cevap: 200
2026-07-17 17:25:27,057 - INFO - Baï¿½arï¿½lï¿½ cevap: 200
2026-07-17 17:25:30,113 - INFO - GET isteï¿½i gï¿½nderiliyor: https://api.stripe.com/v1/customers
2026-07-17 17:25:31,009 - INFO - Baï¿½arï¿½lï¿½ cevap: 200
2026-07-17 17:25:31,012 - INFO - GET isteï¿½i gï¿½nderiliyor: https://api.stripe.com/v1/customers
2026-07-17 17:25:31,762 - INFO - Baï¿½arï¿½lï¿½ cevap: 200
2026-07-17 17:25:31,765 - INFO - GET isteï¿½i gï¿½nderiliyor: https://api.stripe.com/v1/customers
2026-07-17 17:25:36,670 - INFO - Baï¿½arï¿½lï¿½ cevap: 200
2026-07-17 17:25:36,673 - INFO - GET isteï¿½i gï¿½nderiliyor: https://api.stripe.com/v1/payment_intents
2026-07-17 17:25:37,680 - INFO - Baï¿½arï¿½lï¿½ cevap: 200
2026-07-17 17:25:37,682 - INFO - GET isteï¿½i gï¿½nderiliyor: https://api.stripe.com/v1/refunds
2026-07-17 17:25:38,216 - INFO - Baï¿½arï¿½lï¿½ cevap: 200
2026-07-17 17:25:38,218 - INFO - GET isteï¿½i gï¿½nderiliyor: https://api.stripe.com/v1/products
2026-07-17 17:25:38,968 - INFO - Baï¿½arï¿½lï¿½ cevap: 200
2026-07-17 17:26:05,452 - INFO - POST isteï¿½i gï¿½nderiliyor: https://api.stripe.com/v1/customers
2026-07-17 17:26:06,493 - INFO - Baï¿½arï¿½lï¿½ cevap: 200
2026-07-17 17:26:22,310 - INFO - GET isteï¿½i gï¿½nderiliyor: https://api.stripe.com/v1/customers/cus_Uu0jKN86a5Br32
2026-07-17 17:26:23,923 - INFO - Baï¿½arï¿½lï¿½ cevap: 200
2026-07-17 17:26:23,935 - INFO - GET isteï¿½i gï¿½nderiliyor: https://api.stripe.com/v1/payment_intents
2026-07-17 17:26:24,399 - INFO - Baï¿½arï¿½lï¿½ cevap: 200
2026-07-17 17:26:29,640 - INFO - GET isteï¿½i gï¿½nderiliyor: https://api.stripe.com/v1/payment_intents
2026-07-17 17:26:30,268 - INFO - Baï¿½arï¿½lï¿½ cevap: 200
2026-07-17 20:34:57,550 - INFO - GET isteï¿½i gï¿½nderiliyor: https://api.stripe.com/v1/customers
2026-07-17 20:34:59,210 - INFO - Baï¿½arï¿½lï¿½ cevap: 200
2026-07-17 20:34:59,216 - INFO - GET isteï¿½i gï¿½nderiliyor: https://api.stripe.com/v1/customers
2026-07-17 20:35:01,070 - INFO - Baï¿½arï¿½lï¿½ cevap: 200
2026-07-17 20:35:01,074 - INFO - GET isteï¿½i gï¿½nderiliyor: https://api.stripe.com/v1/customers
2026-07-17 19:56:41,871 - INFO - Baï¿½arï¿½lï¿½ cevap: 200
2026-07-17 19:56:41,873 - INFO - GET isteï¿½i gï¿½nderiliyor: https://api.stripe.com/v1/payment_intents
2026-07-17 19:56:43,014 - INFO - Baï¿½arï¿½lï¿½ cevap: 200
2026-07-17 19:56:43,017 - INFO - GET isteï¿½i gï¿½nderiliyor: https://api.stripe.com/v1/refunds
2026-07-17 19:56:43,661 - INFO - Baï¿½arï¿½lï¿½ cevap: 200
2026-07-17 19:56:43,662 - INFO - GET isteï¿½i gï¿½nderiliyor: https://api.stripe.com/v1/products
2026-07-17 19:56:45,018 - INFO - Baï¿½arï¿½lï¿½ cevap: 200
2026-07-17 19:56:49,106 - INFO - GET isteï¿½i gï¿½nderiliyor: https://api.stripe.com/v1/payment_intents
2026-07-17 19:56:49,960 - INFO - Baï¿½arï¿½lï¿½ cevap: 200
2026-07-17 19:57:02,424 - INFO - GET isteï¿½i gï¿½nderiliyor: https://api.stripe.com/v1/customers/cus_Uu0jKN86a5Br32
2026-07-17 19:57:03,100 - INFO - Baï¿½arï¿½lï¿½ cevap: 200
2026-07-17 19:57:03,128 - INFO - GET isteï¿½i gï¿½nderiliyor: https://api.stripe.com/v1/customers/cus_Uu0jKN86a5Br32
2026-07-17 19:57:03,134 - INFO - GET isteï¿½i gï¿½nderiliyor: https://api.stripe.com/v1/payment_intents
2026-07-17 19:57:03,646 - INFO - Baï¿½arï¿½lï¿½ cevap: 200
2026-07-17 19:57:03,684 - INFO - Baï¿½arï¿½lï¿½ cevap: 200
2026-07-17 19:57:03,729 - INFO - GET isteï¿½i gï¿½nderiliyor: https://api.stripe.com/v1/payment_intents
2026-07-17 19:57:04,259 - INFO - Baï¿½arï¿½lï¿½ cevap: 200
2026-07-17 19:57:12,709 - INFO - GET isteï¿½i gï¿½nderiliyor: https://api.stripe.com/v1/customers
2026-07-17 19:57:13,595 - INFO - Baï¿½arï¿½lï¿½ cevap: 200
2026-07-17 19:57:13,603 - INFO - GET isteï¿½i gï¿½nderiliyor: https://api.stripe.com/v1/customers
2026-07-17 19:57:14,364 - INFO - Baï¿½arï¿½lï¿½ cevap: 200
2026-07-17 19:57:14,367 - INFO - GET isteï¿½i gï¿½nderiliyor: https://api.stripe.com/v1/customers
2026-07-17 19:57:15,175 - INFO - Baï¿½arï¿½lï¿½ cevap: 200
2026-07-17 19:57:15,180 - INFO - GET isteï¿½i gï¿½nderiliyor: https://api.stripe.com/v1/payment_intents
2026-07-17 19:57:15,752 - INFO - GET isteï¿½i gï¿½nderiliyor: https://api.stripe.com/v1/payment_intents
2026-07-17 19:57:16,099 - INFO - Baï¿½arï¿½lï¿½ cevap: 200
2026-07-17 19:57:16,102 - INFO - GET isteï¿½i gï¿½nderiliyor: https://api.stripe.com/v1/refunds
2026-07-17 19:57:16,689 - INFO - Baï¿½arï¿½lï¿½ cevap: 200
2026-07-17 19:57:16,692 - INFO - GET isteï¿½i gï¿½nderiliyor: https://api.stripe.com/v1/products
2026-07-17 19:57:16,891 - INFO - Baï¿½arï¿½lï¿½ cevap: 200
2026-07-17 19:57:17,608 - INFO - Baï¿½arï¿½lï¿½ cevap: 200
2026-07-17 19:57:24,744 - INFO - POST isteï¿½i gï¿½nderiliyor: https://api.stripe.com/v1/payment_intents
2026-07-17 19:57:25,393 - INFO - Baï¿½arï¿½lï¿½ cevap: 200
2026-07-17 19:57:25,498 - INFO - GET isteï¿½i gï¿½nderiliyor: https://api.stripe.com/v1/customers
2026-07-17 19:57:25,508 - INFO - GET isteï¿½i gï¿½nderiliyor: https://api.stripe.com/v1/payment_intents
2026-07-17 19:57:26,373 - INFO - Baï¿½arï¿½lï¿½ cevap: 200
2026-07-17 19:57:26,377 - INFO - GET isteï¿½i gï¿½nderiliyor: https://api.stripe.com/v1/customers
2026-07-17 19:57:26,476 - INFO - Baï¿½arï¿½lï¿½ cevap: 200
2026-07-17 19:57:27,172 - INFO - Baï¿½arï¿½lï¿½ cevap: 200
2026-07-17 19:57:27,175 - INFO - GET isteï¿½i gï¿½nderiliyor: https://api.stripe.com/v1/customers
2026-07-17 19:57:27,875 - INFO - Baï¿½arï¿½lï¿½ cevap: 200
2026-07-17 19:57:27,878 - INFO - GET isteï¿½i gï¿½nderiliyor: https://api.stripe.com/v1/payment_intents
2026-07-17 19:57:29,039 - INFO - Baï¿½arï¿½lï¿½ cevap: 200
2026-07-17 19:57:29,042 - INFO - GET isteï¿½i gï¿½nderiliyor: https://api.stripe.com/v1/refunds
2026-07-17 19:57:30,615 - INFO - Baï¿½arï¿½lï¿½ cevap: 200
2026-07-17 19:57:30,618 - INFO - GET isteï¿½i gï¿½nderiliyor: https://api.stripe.com/v1/products
2026-07-17 19:57:31,434 - INFO - Baï¿½arï¿½lï¿½ cevap: 200
2026-07-17 19:57:31,442 - INFO - GET isteï¿½i gï¿½nderiliyor: https://api.stripe.com/v1/customers
2026-07-17 19:57:31,582 - INFO - GET isteï¿½i gï¿½nderiliyor: https://api.stripe.com/v1/customers/cus_Uu0jKN86a5Br32
2026-07-17 19:57:32,100 - INFO - Baï¿½arï¿½lï¿½ cevap: 200
2026-07-17 19:57:32,123 - INFO - GET isteï¿½i gï¿½nderiliyor: https://api.stripe.com/v1/payment_intents
2026-07-17 19:57:32,280 - INFO - Baï¿½arï¿½lï¿½ cevap: 200
2026-07-17 19:57:32,284 - INFO - GET isteï¿½i gï¿½nderiliyor: https://api.stripe.com/v1/customers
2026-07-17 19:57:32,703 - INFO - Baï¿½arï¿½lï¿½ cevap: 200
2026-07-17 19:57:33,052 - INFO - Baï¿½arï¿½lï¿½ cevap: 200
2026-07-17 19:57:33,054 - INFO - GET isteï¿½i gï¿½nderiliyor: https://api.stripe.com/v1/customers
2026-07-17 19:57:33,844 - INFO - Baï¿½arï¿½lï¿½ cevap: 200
2026-07-17 19:57:33,847 - INFO - GET isteï¿½i gï¿½nderiliyor: https://api.stripe.com/v1/payment_intents
2026-07-17 19:57:34,802 - INFO - Baï¿½arï¿½lï¿½ cevap: 200
2026-07-17 19:57:34,805 - INFO - GET isteï¿½i gï¿½nderiliyor: https://api.stripe.com/v1/refunds
2026-07-17 19:57:35,389 - INFO - Baï¿½arï¿½lï¿½ cevap: 200
2026-07-17 19:57:35,391 - INFO - GET isteï¿½i gï¿½nderiliyor: https://api.stripe.com/v1/products
2026-07-17 19:57:36,245 - INFO - Baï¿½arï¿½lï¿½ cevap: 200
2026-07-17 19:57:37,191 - INFO - GET isteï¿½i gï¿½nderiliyor: https://api.stripe.com/v1/payment_intents/pi_3TuHsvKBkUL9vnMV0K805Czo
2026-07-17 19:57:37,887 - INFO - Baï¿½arï¿½lï¿½ cevap: 200
2026-07-17 19:57:51,491 - INFO - GET isteï¿½i gï¿½nderiliyor: https://api.stripe.com/v1/customers
2026-07-17 19:57:51,494 - INFO - GET isteï¿½i gï¿½nderiliyor: https://api.stripe.com/v1/products
2026-07-17 19:57:52,535 - INFO - Baï¿½arï¿½lï¿½ cevap: 200
2026-07-17 19:57:52,733 - INFO - Baï¿½arï¿½lï¿½ cevap: 200
2026-07-17 19:58:01,537 - INFO - POST isteï¿½i gï¿½nderiliyor: https://api.stripe.com/v1/invoices/create_preview
2026-07-17 19:58:02,349 - INFO - Baï¿½arï¿½lï¿½ cevap: 200
2026-07-17 19:58:04,939 - INFO - POST isteï¿½i gï¿½nderiliyor: https://api.stripe.com/v1/invoices
2026-07-17 19:58:05,821 - INFO - Baï¿½arï¿½lï¿½ cevap: 200
2026-07-17 19:58:05,823 - INFO - POST isteï¿½i gï¿½nderiliyor: https://api.stripe.com/v1/invoiceitems
2026-07-17 19:58:06,589 - INFO - Baï¿½arï¿½lï¿½ cevap: 200
2026-07-17 19:58:06,591 - INFO - POST isteï¿½i gï¿½nderiliyor: https://api.stripe.com/v1/invoices/in_1TuHtZKBkUL9vnMVh2v8wl1t/finalize
2026-07-17 19:58:08,507 - INFO - Baï¿½arï¿½lï¿½ cevap: 200
2026-07-17 19:58:11,189 - INFO - GET isteï¿½i gï¿½nderiliyor: https://api.stripe.com/v1/customers
2026-07-17 19:58:12,326 - INFO - Baï¿½arï¿½lï¿½ cevap: 200
2026-07-17 19:58:12,330 - INFO - GET isteï¿½i gï¿½nderiliyor: https://api.stripe.com/v1/customers
2026-07-17 19:58:13,892 - INFO - Baï¿½arï¿½lï¿½ cevap: 200
2026-07-17 19:58:13,895 - INFO - GET isteï¿½i gï¿½nderiliyor: https://api.stripe.com/v1/customers
2026-07-17 19:58:14,792 - INFO - Baï¿½arï¿½lï¿½ cevap: 200
2026-07-17 19:58:14,794 - INFO - GET isteï¿½i gï¿½nderiliyor: https://api.stripe.com/v1/payment_intents
2026-07-17 19:58:16,181 - INFO - Baï¿½arï¿½lï¿½ cevap: 200
2026-07-17 19:58:16,183 - INFO - GET isteï¿½i gï¿½nderiliyor: https://api.stripe.com/v1/refunds
2026-07-17 19:58:16,761 - INFO - Baï¿½arï¿½lï¿½ cevap: 200
2026-07-17 19:58:16,762 - INFO - GET isteï¿½i gï¿½nderiliyor: https://api.stripe.com/v1/products
2026-07-17 19:58:17,521 - INFO - Baï¿½arï¿½lï¿½ cevap: 200
2026-07-17 19:58:33,515 - INFO - GET isteï¿½i gï¿½nderiliyor: https://api.stripe.com/v1/customers/cus_Uu0jKN86a5Br32
2026-07-17 19:58:34,265 - INFO - Baï¿½arï¿½lï¿½ cevap: 200
2026-07-17 19:58:34,281 - INFO - GET isteï¿½i gï¿½nderiliyor: https://api.stripe.com/v1/payment_intents
2026-07-17 19:58:35,131 - INFO - Baï¿½arï¿½lï¿½ cevap: 200
2026-07-17 19:58:43,704 - INFO - GET isteï¿½i gï¿½nderiliyor: https://api.stripe.com/v1/payment_intents
2026-07-17 19:58:44,283 - INFO - Baï¿½arï¿½lï¿½ cevap: 200
2026-07-19 15:48:53,291 - INFO - GET isteï¿½i gï¿½nderiliyor: https://api.stripe.com/v1/customers
2026-07-19 15:48:54,848 - INFO - Baï¿½arï¿½lï¿½ cevap: 200
2026-07-19 15:48:54,852 - INFO - GET isteï¿½i gï¿½nderiliyor: https://api.stripe.com/v1/customers
2026-07-19 15:48:56,326 - INFO - Baï¿½arï¿½lï¿½ cevap: 200
2026-07-19 15:48:56,330 - INFO - GET isteï¿½i gï¿½nderiliyor: https://api.stripe.com/v1/customers
2026-07-19 15:48:57,739 - INFO - Baï¿½arï¿½lï¿½ cevap: 200
2026-07-19 15:48:57,740 - INFO - GET isteï¿½i gï¿½nderiliyor: https://api.stripe.com/v1/payment_intents
2026-07-19 15:48:59,089 - INFO - Baï¿½arï¿½lï¿½ cevap: 200
2026-07-19 15:48:59,090 - INFO - GET isteï¿½i gï¿½nderiliyor: https://api.stripe.com/v1/refunds
2026-07-19 15:48:59,738 - INFO - Baï¿½arï¿½lï¿½ cevap: 200
2026-07-19 15:48:59,740 - INFO - GET isteï¿½i gï¿½nderiliyor: https://api.stripe.com/v1/products
2026-07-19 15:49:00,554 - INFO - Baï¿½arï¿½lï¿½ cevap: 200
2026-07-19 15:49:04,040 - INFO - GET isteï¿½i gï¿½nderiliyor: https://api.stripe.com/v1/customers
2026-07-19 15:49:04,873 - INFO - Baï¿½arï¿½lï¿½ cevap: 200
2026-07-19 15:49:04,875 - INFO - GET isteï¿½i gï¿½nderiliyor: https://api.stripe.com/v1/customers
2026-07-19 15:49:05,666 - INFO - Baï¿½arï¿½lï¿½ cevap: 200
2026-07-19 15:49:05,670 - INFO - GET isteï¿½i gï¿½nderiliyor: https://api.stripe.com/v1/customers
2026-07-19 15:49:06,406 - INFO - Baï¿½arï¿½lï¿½ cevap: 200
2026-07-19 15:49:06,408 - INFO - GET isteï¿½i gï¿½nderiliyor: https://api.stripe.com/v1/payment_intents
2026-07-19 15:49:07,507 - INFO - Baï¿½arï¿½lï¿½ cevap: 200
2026-07-19 15:49:07,510 - INFO - GET isteï¿½i gï¿½nderiliyor: https://api.stripe.com/v1/refunds
2026-07-19 15:49:07,992 - INFO - Baï¿½arï¿½lï¿½ cevap: 200
2026-07-19 15:49:07,993 - INFO - GET isteï¿½i gï¿½nderiliyor: https://api.stripe.com/v1/products
2026-07-19 15:49:08,706 - INFO - Baï¿½arï¿½lï¿½ cevap: 200
2026-07-19 15:49:09,429 - INFO - GET isteï¿½i gï¿½nderiliyor: https://api.stripe.com/v1/customers/cus_Uu0jKN86a5Br32
2026-07-19 15:49:14,361 - INFO - Baï¿½arï¿½lï¿½ cevap: 200
2026-07-19 15:49:14,368 - INFO - GET isteï¿½i gï¿½nderiliyor: https://api.stripe.com/v1/payment_intents
2026-07-19 15:49:15,009 - INFO - Baï¿½arï¿½lï¿½ cevap: 200
2026-07-19 15:49:24,838 - INFO - GET isteï¿½i gï¿½nderiliyor: https://api.stripe.com/v1/payment_intents
2026-07-19 15:49:25,568 - INFO - Baï¿½arï¿½lï¿½ cevap: 200
2026-07-19 15:49:29,786 - INFO - GET isteï¿½i gï¿½nderiliyor: https://api.stripe.com/v1/payment_intents
2026-07-19 15:49:30,499 - INFO - Baï¿½arï¿½lï¿½ cevap: 200
2026-07-20 10:22:26,722 - INFO - GET isteði gönderiliyor: https://api.stripe.com/v1/customers
2026-07-20 10:22:28,475 - INFO - Baþarýlý cevap: 200
2026-07-20 10:22:28,486 - INFO - GET isteði gönderiliyor: https://api.stripe.com/v1/customers
2026-07-20 10:22:29,708 - INFO - Baþarýlý cevap: 200
2026-07-20 10:22:29,711 - INFO - GET isteði gönderiliyor: https://api.stripe.com/v1/customers
2026-07-20 10:22:30,981 - INFO - Baþarýlý cevap: 200
2026-07-20 10:22:30,984 - INFO - GET isteði gönderiliyor: https://api.stripe.com/v1/payment_intents
2026-07-20 10:22:32,249 - INFO - Baþarýlý cevap: 200
2026-07-20 10:22:32,253 - INFO - GET isteði gönderiliyor: https://api.stripe.com/v1/refunds
2026-07-20 10:22:32,960 - INFO - Baþarýlý cevap: 200
2026-07-20 10:22:32,966 - INFO - GET isteði gönderiliyor: https://api.stripe.com/v1/products
2026-07-20 10:22:33,676 - INFO - Baþarýlý cevap: 200
2026-07-20 10:22:34,577 - INFO - GET isteði gönderiliyor: https://api.stripe.com/v1/customers
2026-07-20 10:22:35,230 - INFO - Baþarýlý cevap: 200
2026-07-20 10:22:38,374 - INFO - GET isteði gönderiliyor: https://api.stripe.com/v1/products
2026-07-20 10:22:38,975 - INFO - Baþarýlý cevap: 200
2026-07-20 10:22:40,488 - INFO - GET isteði gönderiliyor: https://api.stripe.com/v1/payment_intents
2026-07-20 10:22:41,343 - INFO - Baþarýlý cevap: 200
2026-07-20 10:22:42,334 - INFO - GET isteði gönderiliyor: https://api.stripe.com/v1/refunds
2026-07-20 10:22:43,074 - INFO - Baþarýlý cevap: 200
2026-07-20 10:22:52,834 - INFO - GET isteði gönderiliyor: https://api.stripe.com/v1/customers/cus_Uu0jKN86a5Br32
2026-07-20 10:22:53,402 - INFO - Baþarýlý cevap: 200
2026-07-20 10:22:53,413 - INFO - GET isteði gönderiliyor: https://api.stripe.com/v1/payment_intents
2026-07-20 10:22:54,236 - INFO - Baþarýlý cevap: 200
2026-07-20 10:23:06,919 - INFO - GET isteði gönderiliyor: https://api.stripe.com/v1/payment_intents
2026-07-20 10:23:07,543 - INFO - Baþarýlý cevap: 200
2026-07-20 10:23:10,138 - INFO - GET isteði gönderiliyor: https://api.stripe.com/v1/customers
2026-07-20 10:23:10,886 - INFO - Baþarýlý cevap: 200
2026-07-20 10:23:10,887 - INFO - GET isteði gönderiliyor: https://api.stripe.com/v1/customers
2026-07-20 10:23:11,669 - INFO - Baþarýlý cevap: 200
2026-07-20 10:23:11,673 - INFO - GET isteði gönderiliyor: https://api.stripe.com/v1/customers
2026-07-20 10:23:12,393 - INFO - Baþarýlý cevap: 200
2026-07-20 10:23:12,397 - INFO - GET isteði gönderiliyor: https://api.stripe.com/v1/payment_intents
2026-07-20 10:23:13,502 - INFO - Baþarýlý cevap: 200
2026-07-20 10:23:13,505 - INFO - GET isteði gönderiliyor: https://api.stripe.com/v1/refunds
2026-07-20 10:23:14,000 - INFO - Baþarýlý cevap: 200
2026-07-20 10:23:14,002 - INFO - GET isteði gönderiliyor: https://api.stripe.com/v1/products
2026-07-20 10:23:14,639 - INFO - Baþarýlý cevap: 200
2026-07-20 10:23:17,585 - INFO - GET isteði gönderiliyor: https://api.stripe.com/v1/payment_intents
2026-07-20 10:23:18,396 - INFO - Baþarýlý cevap: 200
2026-07-20 10:23:33,777 - INFO - GET isteði gönderiliyor: https://api.stripe.com/v1/customers
2026-07-20 10:23:33,779 - INFO - GET isteði gönderiliyor: https://api.stripe.com/v1/products
2026-07-20 10:23:34,454 - INFO - Baþarýlý cevap: 200
2026-07-20 10:23:34,563 - INFO - Baþarýlý cevap: 200
2026-07-20 10:23:48,049 - INFO - GET isteði gönderiliyor: https://api.stripe.com/v1/payment_intents
2026-07-20 10:23:48,676 - INFO - Baþarýlý cevap: 200
2026-07-20 10:24:17,419 - INFO - GET isteði gönderiliyor: https://api.stripe.com/v1/payment_intents
2026-07-20 10:24:17,988 - INFO - Baþarýlý cevap: 200
2026-07-20 10:24:19,104 - INFO - GET isteði gönderiliyor: https://api.stripe.com/v1/payment_intents/pi_3TuHtcKBkUL9vnMV1A1akWYi
2026-07-20 10:24:19,771 - INFO - Baþarýlý cevap: 200
2026-07-20 10:25:05,380 - INFO - GET isteði gönderiliyor: https://api.stripe.com/v1/customers
2026-07-20 10:25:06,203 - INFO - Baþarýlý cevap: 200
2026-07-20 10:25:06,206 - INFO - GET isteði gönderiliyor: https://api.stripe.com/v1/customers
2026-07-20 10:25:06,931 - INFO - Baþarýlý cevap: 200
2026-07-20 10:25:06,932 - INFO - GET isteði gönderiliyor: https://api.stripe.com/v1/customers
2026-07-20 10:25:07,534 - INFO - Baþarýlý cevap: 200
2026-07-20 10:25:07,537 - INFO - GET isteði gönderiliyor: https://api.stripe.com/v1/payment_intents
2026-07-20 10:25:08,793 - INFO - Baþarýlý cevap: 200
2026-07-20 10:25:08,796 - INFO - GET isteði gönderiliyor: https://api.stripe.com/v1/refunds
2026-07-20 10:25:09,382 - INFO - Baþarýlý cevap: 200
2026-07-20 10:25:09,384 - INFO - GET isteði gönderiliyor: https://api.stripe.com/v1/products
2026-07-20 10:25:09,967 - INFO - Baþarýlý cevap: 200
2026-07-20 10:25:10,952 - INFO - GET isteði gönderiliyor: https://api.stripe.com/v1/customers
2026-07-20 10:25:11,629 - INFO - Baþarýlý cevap: 200
2026-07-20 10:25:13,984 - INFO - GET isteði gönderiliyor: https://api.stripe.com/v1/products
2026-07-20 10:25:14,462 - INFO - Baþarýlý cevap: 200
2026-07-20 10:25:15,826 - INFO - GET isteði gönderiliyor: https://api.stripe.com/v1/customers
2026-07-20 10:25:15,827 - INFO - GET isteði gönderiliyor: https://api.stripe.com/v1/products
2026-07-20 10:25:16,519 - INFO - Baþarýlý cevap: 200
2026-07-20 10:25:16,654 - INFO - Baþarýlý cevap: 200
2026-07-20 10:25:18,676 - INFO - GET isteði gönderiliyor: https://api.stripe.com/v1/payment_intents
2026-07-20 10:25:19,738 - INFO - Baþarýlý cevap: 200
2026-07-20 10:25:35,667 - INFO - GET isteði gönderiliyor: https://api.stripe.com/v1/customers
2026-07-20 10:25:35,669 - INFO - GET isteði gönderiliyor: https://api.stripe.com/v1/products
2026-07-20 10:25:36,380 - INFO - Baþarýlý cevap: 200
2026-07-20 10:25:36,972 - INFO - Baþarýlý cevap: 200
2026-07-20 10:25:52,934 - INFO - POST isteði gönderiliyor: https://api.stripe.com/v1/invoices/create_preview
2026-07-20 10:25:53,645 - INFO - Baþarýlý cevap: 200
2026-07-20 10:25:58,911 - INFO - POST isteði gönderiliyor: https://api.stripe.com/v1/invoices
2026-07-20 10:25:59,727 - INFO - Baþarýlý cevap: 200
2026-07-20 10:25:59,729 - INFO - POST isteði gönderiliyor: https://api.stripe.com/v1/invoiceitems
2026-07-20 10:26:00,390 - INFO - Baþarýlý cevap: 200
2026-07-20 10:26:00,395 - INFO - POST isteði gönderiliyor: https://api.stripe.com/v1/invoices/in_1TvBaNKBkUL9vnMV9mWST8Ks/finalize
2026-07-20 10:26:02,169 - INFO - Baþarýlý cevap: 200
2026-07-20 10:26:04,892 - INFO - GET isteði gönderiliyor: https://api.stripe.com/v1/customers
2026-07-20 10:26:06,646 - INFO - Baþarýlý cevap: 200
2026-07-20 10:26:06,650 - INFO - GET isteði gönderiliyor: https://api.stripe.com/v1/customers
2026-07-20 10:26:07,867 - INFO - Baþarýlý cevap: 200
2026-07-20 10:26:07,870 - INFO - GET isteði gönderiliyor: https://api.stripe.com/v1/customers
2026-07-20 10:26:08,744 - INFO - Baþarýlý cevap: 200
2026-07-20 10:26:08,745 - INFO - GET isteði gönderiliyor: https://api.stripe.com/v1/payment_intents
2026-07-20 10:26:09,734 - INFO - Baþarýlý cevap: 200
2026-07-20 10:26:09,737 - INFO - GET isteði gönderiliyor: https://api.stripe.com/v1/refunds
2026-07-20 10:26:10,294 - INFO - Baþarýlý cevap: 200
2026-07-20 10:26:10,296 - INFO - GET isteði gönderiliyor: https://api.stripe.com/v1/products
2026-07-20 10:26:10,918 - INFO - Baþarýlý cevap: 200
2026-07-20 10:26:13,554 - INFO - GET isteði gönderiliyor: https://api.stripe.com/v1/customers/cus_Uu0jKN86a5Br32
2026-07-20 10:26:14,160 - INFO - Baþarýlý cevap: 200
2026-07-20 10:26:14,168 - INFO - GET isteði gönderiliyor: https://api.stripe.com/v1/payment_intents
2026-07-20 10:26:14,722 - INFO - Baþarýlý cevap: 200
2026-07-20 10:26:16,881 - INFO - GET isteði gönderiliyor: https://api.stripe.com/v1/payment_intents/pi_3TvBaPKBkUL9vnMV1McS5T8B
2026-07-20 10:26:17,506 - INFO - Baþarýlý cevap: 200
2026-07-20 10:26:29,936 - INFO - GET isteði gönderiliyor: https://api.stripe.com/v1/payment_intents/pi_3TuHtcKBkUL9vnMV1A1akWYi
2026-07-20 10:26:30,580 - INFO - Baþarýlý cevap: 200
2026-07-20 10:30:00,230 - INFO - GET isteði gönderiliyor: https://api.stripe.com/v1/customers
2026-07-20 10:30:01,123 - INFO - Baþarýlý cevap: 200
2026-07-20 10:30:01,127 - INFO - GET isteði gönderiliyor: https://api.stripe.com/v1/customers
2026-07-20 10:30:01,888 - INFO - Baþarýlý cevap: 200
2026-07-20 10:30:01,890 - INFO - GET isteði gönderiliyor: https://api.stripe.com/v1/customers
2026-07-20 10:30:02,587 - INFO - Baþarýlý cevap: 200
2026-07-20 10:30:02,592 - INFO - GET isteði gönderiliyor: https://api.stripe.com/v1/payment_intents
2026-07-20 10:30:03,663 - INFO - Baþarýlý cevap: 200
2026-07-20 10:30:03,665 - INFO - GET isteði gönderiliyor: https://api.stripe.com/v1/refunds
2026-07-20 10:30:04,147 - INFO - Baþarýlý cevap: 200
2026-07-20 10:30:04,151 - INFO - GET isteði gönderiliyor: https://api.stripe.com/v1/products
2026-07-20 10:30:04,792 - INFO - Baþarýlý cevap: 200
2026-07-20 10:30:47,743 - INFO - GET isteði gönderiliyor: https://api.stripe.com/v1/customers/cus_Uu0jKN86a5Br32
2026-07-20 10:30:50,331 - INFO - Baþarýlý cevap: 200
2026-07-20 10:30:50,338 - INFO - GET isteði gönderiliyor: https://api.stripe.com/v1/customers/cus_Uu0jKN86a5Br32
2026-07-20 10:30:50,344 - INFO - GET isteði gönderiliyor: https://api.stripe.com/v1/payment_intents
2026-07-20 10:30:50,855 - INFO - Baþarýlý cevap: 200
2026-07-20 10:30:51,030 - INFO - Baþarýlý cevap: 200
2026-07-20 10:30:51,036 - INFO - GET isteði gönderiliyor: https://api.stripe.com/v1/payment_intents
2026-07-20 10:30:51,680 - INFO - Baþarýlý cevap: 200
2026-07-20 10:30:54,205 - INFO - GET isteði gönderiliyor: https://api.stripe.com/v1/payment_intents/pi_3TvBaPKBkUL9vnMV1McS5T8B
2026-07-20 10:30:54,736 - INFO - Baþarýlý cevap: 200
2026-07-20 10:31:12,902 - INFO - GET isteði gönderiliyor: https://api.stripe.com/v1/payment_intents
2026-07-20 10:31:13,649 - INFO - Baþarýlý cevap: 200
2026-07-20 10:31:16,205 - INFO - GET isteði gönderiliyor: https://api.stripe.com/v1/payment_intents/pi_3TvBaPKBkUL9vnMV1McS5T8B
2026-07-20 10:31:16,761 - INFO - Baþarýlý cevap: 200
2026-07-20 10:31:25,694 - INFO - GET isteði gönderiliyor: https://api.stripe.com/v1/payment_intents/pi_3TvBaPKBkUL9vnMV1McS5T8B
2026-07-20 10:31:26,361 - INFO - Baþarýlý cevap: 200
2026-07-20 10:35:15,015 - INFO - GET isteði gönderiliyor: https://api.stripe.com/v1/customers
2026-07-20 10:35:16,781 - INFO - Baþarýlý cevap: 200
2026-07-20 10:35:16,785 - INFO - GET isteði gönderiliyor: https://api.stripe.com/v1/customers
2026-07-20 10:35:18,123 - INFO - Baþarýlý cevap: 200
2026-07-20 10:35:18,127 - INFO - GET isteði gönderiliyor: https://api.stripe.com/v1/customers
2026-07-20 10:35:18,153 - INFO - GET isteði gönderiliyor: https://api.stripe.com/v1/customers
2026-07-20 10:35:18,778 - INFO - Baþarýlý cevap: 200
2026-07-20 10:35:19,102 - INFO - Baþarýlý cevap: 200
2026-07-20 10:35:19,107 - INFO - GET isteði gönderiliyor: https://api.stripe.com/v1/payment_intents
2026-07-20 10:35:20,284 - INFO - Baþarýlý cevap: 200
2026-07-20 10:35:20,286 - INFO - GET isteði gönderiliyor: https://api.stripe.com/v1/refunds
2026-07-20 10:35:20,818 - INFO - Baþarýlý cevap: 200
2026-07-20 10:35:20,821 - INFO - GET isteði gönderiliyor: https://api.stripe.com/v1/products
2026-07-20 10:35:21,648 - INFO - Baþarýlý cevap: 200
2026-07-20 10:35:44,866 - INFO - GET isteði gönderiliyor: https://api.stripe.com/v1/customers/cus_Uu0jKN86a5Br32
2026-07-20 10:35:47,746 - INFO - Baþarýlý cevap: 200
2026-07-20 10:35:49,637 - INFO - GET isteði gönderiliyor: https://api.stripe.com/v1/customers/cus_Uu0jKN86a5Br32
2026-07-20 10:35:50,319 - INFO - Baþarýlý cevap: 200
2026-07-20 10:36:02,135 - INFO - GET isteði gönderiliyor: https://api.stripe.com/v1/customers/cus_Uu0jKN86a5Br32
2026-07-20 10:36:03,105 - INFO - Baþarýlý cevap: 200
2026-07-20 10:36:05,177 - INFO - GET isteði gönderiliyor: https://api.stripe.com/v1/payment_intents
2026-07-20 10:36:05,782 - INFO - Baþarýlý cevap: 200
2026-07-20 10:36:11,840 - INFO - GET isteði gönderiliyor: https://api.stripe.com/v1/payment_intents
2026-07-20 10:36:12,460 - INFO - Baþarýlý cevap: 200
2026-07-20 10:37:45,898 - INFO - GET isteði gönderiliyor: https://api.stripe.com/v1/payment_intents/pi_3TvBaPKBkUL9vnMV1McS5T8B
2026-07-20 10:37:47,002 - INFO - Baþarýlý cevap: 200
2026-07-20 10:37:48,203 - INFO - GET isteði gönderiliyor: https://api.stripe.com/v1/payment_intents/pi_3TvBaPKBkUL9vnMV1McS5T8B
2026-07-20 10:37:49,867 - INFO - Baþarýlý cevap: 200
2026-07-20 10:38:40,679 - INFO - GET isteði gönderiliyor: https://api.stripe.com/v1/payment_intents
2026-07-20 10:38:42,315 - INFO - Baþarýlý cevap: 200
2026-07-20 10:41:09,264 - INFO - GET isteði gönderiliyor: https://api.stripe.com/v1/payment_intents/pi_3TvBaPKBkUL9vnMV1McS5T8B
2026-07-20 10:41:12,282 - INFO - Baþarýlý cevap: 200
2026-07-20 10:41:15,195 - INFO - GET isteði gönderiliyor: https://api.stripe.com/v1/payment_intents/pi_3TvBaPKBkUL9vnMV1McS5T8B
2026-07-20 10:41:15,803 - INFO - Baþarýlý cevap: 200
2026-07-20 10:50:11,610 - INFO - GET isteði gönderiliyor: https://api.stripe.com/v1/payment_intents/pi_3TvBaPKBkUL9vnMV1McS5T8B
2026-07-20 10:50:34,048 - INFO - GET isteði gönderiliyor: https://api.stripe.com/v1/customers
2026-07-20 10:50:35,788 - INFO - Baþarýlý cevap: 200
2026-07-20 10:50:35,793 - INFO - GET isteði gönderiliyor: https://api.stripe.com/v1/customers
2026-07-20 10:50:36,552 - INFO - GET isteði gönderiliyor: https://api.stripe.com/v1/customers/cus_Uu0jKN86a5Br32
2026-07-20 10:50:37,059 - INFO - Baþarýlý cevap: 200
2026-07-20 10:50:37,064 - INFO - GET isteði gönderiliyor: https://api.stripe.com/v1/customers
2026-07-20 10:50:37,110 - INFO - Baþarýlý cevap: 200
2026-07-20 10:50:37,118 - INFO - GET isteði gönderiliyor: https://api.stripe.com/v1/payment_intents
2026-07-20 10:50:37,759 - INFO - Baþarýlý cevap: 200
2026-07-20 10:50:38,061 - INFO - Baþarýlý cevap: 200
2026-07-20 10:50:38,065 - INFO - GET isteði gönderiliyor: https://api.stripe.com/v1/payment_intents
2026-07-20 10:50:39,127 - INFO - Baþarýlý cevap: 200
2026-07-20 10:50:39,129 - INFO - GET isteði gönderiliyor: https://api.stripe.com/v1/refunds
2026-07-20 10:50:39,719 - INFO - Baþarýlý cevap: 200
2026-07-20 10:50:39,722 - INFO - GET isteði gönderiliyor: https://api.stripe.com/v1/products
2026-07-20 10:50:40,529 - INFO - Baþarýlý cevap: 200
2026-07-20 10:51:09,162 - INFO - GET isteði gönderiliyor: https://api.stripe.com/v1/customers
2026-07-20 10:51:10,174 - INFO - Baþarýlý cevap: 200
2026-07-20 10:51:10,178 - INFO - GET isteði gönderiliyor: https://api.stripe.com/v1/customers
2026-07-20 10:51:10,912 - INFO - Baþarýlý cevap: 200
2026-07-20 10:51:10,916 - INFO - GET isteði gönderiliyor: https://api.stripe.com/v1/customers
2026-07-20 10:51:11,557 - INFO - Baþarýlý cevap: 200
2026-07-20 10:51:11,561 - INFO - GET isteði gönderiliyor: https://api.stripe.com/v1/payment_intents
2026-07-20 10:51:13,021 - INFO - Baþarýlý cevap: 200
2026-07-20 10:51:13,024 - INFO - GET isteði gönderiliyor: https://api.stripe.com/v1/refunds
2026-07-20 10:51:13,588 - INFO - Baþarýlý cevap: 200
2026-07-20 10:51:13,591 - INFO - GET isteði gönderiliyor: https://api.stripe.com/v1/products
2026-07-20 10:51:14,592 - INFO - Baþarýlý cevap: 200
2026-07-20 10:51:49,473 - INFO - GET isteði gönderiliyor: https://api.stripe.com/v1/customers/cus_Uu0jKN86a5Br32
2026-07-20 10:51:50,165 - INFO - Baþarýlý cevap: 200
2026-07-20 10:51:50,176 - INFO - GET isteði gönderiliyor: https://api.stripe.com/v1/payment_intents
2026-07-20 10:51:50,843 - INFO - Baþarýlý cevap: 200
2026-07-20 10:51:52,428 - INFO - GET isteði gönderiliyor: https://api.stripe.com/v1/payment_intents/pi_3TvBaPKBkUL9vnMV1McS5T8B
2026-07-20 10:51:53,029 - INFO - Baþarýlý cevap: 200
2026-07-20 10:56:06,516 - INFO - GET isteði gönderiliyor: https://api.stripe.com/v1/payment_intents
2026-07-20 10:56:07,609 - INFO - Baþarýlý cevap: 200
2026-07-20 10:56:32,941 - INFO - GET isteði gönderiliyor: https://api.stripe.com/v1/customers
2026-07-20 10:56:33,742 - INFO - Baþarýlý cevap: 200
2026-07-20 10:56:46,257 - INFO - GET isteði gönderiliyor: https://api.stripe.com/v1/customers/cus_Uu0jKN86a5Br32
2026-07-20 10:56:47,012 - INFO - Baþarýlý cevap: 200
2026-07-20 10:56:47,020 - INFO - GET isteði gönderiliyor: https://api.stripe.com/v1/payment_intents
2026-07-20 10:56:47,640 - INFO - Baþarýlý cevap: 200
2026-07-20 10:56:49,077 - INFO - GET isteði gönderiliyor: https://api.stripe.com/v1/customers
2026-07-20 10:56:50,330 - INFO - Baþarýlý cevap: 200
2026-07-20 10:56:50,332 - INFO - GET isteði gönderiliyor: https://api.stripe.com/v1/customers
2026-07-20 10:56:50,883 - INFO - GET isteði gönderiliyor: https://api.stripe.com/v1/customers/cus_Uu0jKN86a5Br32
2026-07-20 10:56:51,420 - INFO - Baþarýlý cevap: 200
2026-07-20 10:56:51,430 - INFO - GET isteði gönderiliyor: https://api.stripe.com/v1/payment_intents
2026-07-20 10:56:51,585 - INFO - Baþarýlý cevap: 200
2026-07-20 10:56:51,587 - INFO - GET isteði gönderiliyor: https://api.stripe.com/v1/customers
2026-07-20 10:56:52,117 - INFO - Baþarýlý cevap: 200
2026-07-20 10:56:52,548 - INFO - Baþarýlý cevap: 200
2026-07-20 10:56:52,550 - INFO - GET isteði gönderiliyor: https://api.stripe.com/v1/payment_intents
2026-07-20 10:56:53,547 - INFO - Baþarýlý cevap: 200
2026-07-20 10:56:53,549 - INFO - GET isteði gönderiliyor: https://api.stripe.com/v1/refunds
2026-07-20 10:56:54,121 - INFO - Baþarýlý cevap: 200
2026-07-20 10:56:54,124 - INFO - GET isteði gönderiliyor: https://api.stripe.com/v1/products
2026-07-20 10:56:54,926 - INFO - GET isteði gönderiliyor: https://api.stripe.com/v1/customers/cus_Uu0jKN86a5Br32
2026-07-20 10:56:54,962 - INFO - Baþarýlý cevap: 200
2026-07-20 10:56:55,422 - INFO - Baþarýlý cevap: 200
2026-07-20 10:56:55,428 - INFO - GET isteði gönderiliyor: https://api.stripe.com/v1/payment_intents
2026-07-20 10:56:56,060 - INFO - Baþarýlý cevap: 200
2026-07-20 10:56:57,998 - INFO - GET isteði gönderiliyor: https://api.stripe.com/v1/payment_intents/pi_3TvBaPKBkUL9vnMV1McS5T8B
2026-07-20 10:56:58,573 - INFO - Baþarýlý cevap: 200
2026-07-20 11:41:44,247 - INFO - GET isteði gönderiliyor: https://api.stripe.com/v1/customers/cus_Uu0jKN86a5Br32
2026-07-20 11:41:44,999 - INFO - Baþarýlý cevap: 200
2026-07-20 11:41:45,015 - INFO - GET isteði gönderiliyor: https://api.stripe.com/v1/payment_intents
2026-07-20 11:41:45,700 - INFO - Baþarýlý cevap: 200
2026-07-20 11:42:00,432 - INFO - GET isteði gönderiliyor: https://api.stripe.com/v1/payment_intents/pi_3TvBaPKBkUL9vnMV1McS5T8B
2026-07-20 11:42:01,101 - INFO - Baþarýlý cevap: 200
2026-07-20 11:46:03,760 - INFO - POST isteði gönderiliyor: https://api.stripe.com/v1/payment_intents
2026-07-20 11:46:04,658 - INFO - Baþarýlý cevap: 200
2026-07-20 11:46:04,676 - INFO - POST isteði gönderiliyor: https://api.stripe.com/v1/prices
2026-07-20 11:46:05,329 - INFO - Baþarýlý cevap: 200
2026-07-20 11:46:05,339 - INFO - GET isteði gönderiliyor: https://api.stripe.com/v1/products
2026-07-20 11:46:06,425 - INFO - Baþarýlý cevap: 200
2026-07-20 11:46:31,619 - INFO - POST isteði gönderiliyor: https://api.stripe.com/v1/payment_intents
2026-07-20 11:46:32,339 - INFO - Baþarýlý cevap: 200
2026-07-20 11:46:32,346 - INFO - POST isteði gönderiliyor: https://api.stripe.com/v1/prices
2026-07-20 11:46:32,894 - INFO - Baþarýlý cevap: 200
2026-07-20 11:46:32,905 - INFO - GET isteði gönderiliyor: https://api.stripe.com/v1/products
2026-07-20 11:46:33,580 - INFO - Baþarýlý cevap: 200
2026-07-20 11:47:42,134 - INFO - GET isteði gönderiliyor: https://api.stripe.com/v1/customers
2026-07-20 11:47:42,989 - INFO - Baþarýlý cevap: 200
2026-07-20 11:47:46,996 - INFO - GET isteði gönderiliyor: https://api.stripe.com/v1/customers/cus_Uu0jKN86a5Br32
2026-07-20 11:47:47,651 - INFO - Baþarýlý cevap: 200
2026-07-20 11:47:47,665 - INFO - GET isteði gönderiliyor: https://api.stripe.com/v1/payment_intents
2026-07-20 11:47:48,342 - INFO - Baþarýlý cevap: 200
2026-07-20 11:47:51,381 - INFO - GET isteði gönderiliyor: https://api.stripe.com/v1/payment_intents/pi_3TvBaPKBkUL9vnMV1McS5T8B
2026-07-20 11:47:51,958 - INFO - Baþarýlý cevap: 200
2026-07-20 11:47:56,230 - INFO - GET isteði gönderiliyor: https://api.stripe.com/v1/payment_intents/pi_3TuHtcKBkUL9vnMV1A1akWYi
2026-07-20 11:47:56,831 - INFO - Baþarýlý cevap: 200
2026-07-20 12:52:58,314 - INFO - GET isteði gönderiliyor: https://api.stripe.com/v1/customers
2026-07-20 12:52:59,730 - INFO - Baþarýlý cevap: 200
2026-07-20 12:52:59,732 - INFO - GET isteði gönderiliyor: https://api.stripe.com/v1/customers
2026-07-20 12:53:01,012 - INFO - Baþarýlý cevap: 200
2026-07-20 12:53:01,014 - INFO - GET isteði gönderiliyor: https://api.stripe.com/v1/customers
2026-07-20 12:53:02,117 - INFO - Baþarýlý cevap: 200
2026-07-20 12:53:02,119 - INFO - GET isteði gönderiliyor: https://api.stripe.com/v1/payment_intents
2026-07-20 12:53:03,190 - INFO - Baþarýlý cevap: 200
2026-07-20 12:53:03,193 - INFO - GET isteði gönderiliyor: https://api.stripe.com/v1/refunds
2026-07-20 12:53:03,758 - INFO - Baþarýlý cevap: 200
2026-07-20 12:53:03,760 - INFO - GET isteði gönderiliyor: https://api.stripe.com/v1/products
2026-07-20 12:53:04,507 - INFO - Baþarýlý cevap: 200
2026-07-20 12:53:04,997 - INFO - GET isteði gönderiliyor: https://api.stripe.com/v1/customers/cus_Uu0jKN86a5Br32
2026-07-20 12:53:05,568 - INFO - Baþarýlý cevap: 200
2026-07-20 12:53:05,578 - INFO - GET isteði gönderiliyor: https://api.stripe.com/v1/payment_intents
2026-07-20 12:53:06,130 - INFO - Baþarýlý cevap: 200
2026-07-20 13:38:50,677 - INFO - GET isteði gönderiliyor: https://api.stripe.com/v1/customers
2026-07-20 13:38:52,243 - INFO - Baþarýlý cevap: 200
2026-07-20 13:38:52,248 - INFO - GET isteði gönderiliyor: https://api.stripe.com/v1/customers
2026-07-20 13:38:53,688 - INFO - Baþarýlý cevap: 200
2026-07-20 13:38:53,691 - INFO - GET isteði gönderiliyor: https://api.stripe.com/v1/customers
2026-07-20 13:38:54,685 - INFO - Baþarýlý cevap: 200
2026-07-20 13:38:54,690 - INFO - GET isteði gönderiliyor: https://api.stripe.com/v1/payment_intents
2026-07-20 13:38:55,649 - INFO - GET isteði gönderiliyor: https://api.stripe.com/v1/customers/cus_Uu0jKN86a5Br32
2026-07-20 13:38:55,882 - INFO - Baþarýlý cevap: 200
2026-07-20 13:38:55,885 - INFO - GET isteði gönderiliyor: https://api.stripe.com/v1/refunds
2026-07-20 13:38:56,162 - INFO - Baþarýlý cevap: 200
2026-07-20 13:38:56,171 - INFO - GET isteði gönderiliyor: https://api.stripe.com/v1/payment_intents
2026-07-20 13:38:56,435 - INFO - Baþarýlý cevap: 200
2026-07-20 13:38:56,438 - INFO - GET isteði gönderiliyor: https://api.stripe.com/v1/products
2026-07-20 13:38:56,796 - INFO - Baþarýlý cevap: 200
2026-07-20 13:38:57,220 - INFO - Baþarýlý cevap: 200
2026-07-20 13:44:39,635 - INFO - POST isteði gönderiliyor: https://api.stripe.com/v1/payment_intents
2026-07-20 13:44:40,618 - INFO - Baþarýlý cevap: 200
2026-07-20 13:44:40,626 - INFO - POST isteði gönderiliyor: https://api.stripe.com/v1/prices
2026-07-20 13:44:41,261 - INFO - Baþarýlý cevap: 200
2026-07-20 13:44:41,267 - INFO - GET isteði gönderiliyor: https://api.stripe.com/v1/products
2026-07-20 13:44:41,913 - INFO - Baþarýlý cevap: 200
2026-07-20 14:01:25,486 - INFO - GET isteði gönderiliyor: https://api.stripe.com/v1/customers
2026-07-20 14:01:26,844 - INFO - Baþarýlý cevap: 200
2026-07-20 14:01:26,847 - INFO - GET isteði gönderiliyor: https://api.stripe.com/v1/customers
2026-07-20 14:01:28,599 - INFO - Baþarýlý cevap: 200
2026-07-20 14:01:28,604 - INFO - GET isteði gönderiliyor: https://api.stripe.com/v1/customers
2026-07-20 14:01:29,563 - INFO - Baþarýlý cevap: 200
2026-07-20 14:01:29,567 - INFO - GET isteði gönderiliyor: https://api.stripe.com/v1/payment_intents
2026-07-20 14:01:29,910 - INFO - GET isteði gönderiliyor: https://api.stripe.com/v1/customers
2026-07-20 14:01:30,642 - INFO - Baþarýlý cevap: 200
2026-07-20 14:01:30,646 - INFO - GET isteði gönderiliyor: https://api.stripe.com/v1/refunds
2026-07-20 14:01:30,735 - INFO - Baþarýlý cevap: 200
2026-07-20 14:01:30,737 - INFO - GET isteði gönderiliyor: https://api.stripe.com/v1/customers
2026-07-20 14:01:31,174 - INFO - Baþarýlý cevap: 200
2026-07-20 14:01:31,177 - INFO - GET isteði gönderiliyor: https://api.stripe.com/v1/products
2026-07-20 14:01:31,429 - INFO - Baþarýlý cevap: 200
2026-07-20 14:01:31,431 - INFO - GET isteði gönderiliyor: https://api.stripe.com/v1/customers
2026-07-20 14:01:31,835 - INFO - Baþarýlý cevap: 200
2026-07-20 14:01:32,124 - INFO - Baþarýlý cevap: 200
2026-07-20 14:01:32,128 - INFO - GET isteði gönderiliyor: https://api.stripe.com/v1/payment_intents
2026-07-20 14:01:33,198 - INFO - Baþarýlý cevap: 200
2026-07-20 14:01:33,202 - INFO - GET isteði gönderiliyor: https://api.stripe.com/v1/refunds
2026-07-20 14:01:33,718 - INFO - Baþarýlý cevap: 200
2026-07-20 14:01:33,720 - INFO - GET isteði gönderiliyor: https://api.stripe.com/v1/products
2026-07-20 14:01:34,328 - INFO - Baþarýlý cevap: 200
2026-07-20 14:02:07,236 - INFO - GET isteði gönderiliyor: https://api.stripe.com/v1/customers
2026-07-20 14:02:08,029 - INFO - Baþarýlý cevap: 200
2026-07-20 14:02:10,549 - INFO - GET isteði gönderiliyor: https://api.stripe.com/v1/products
2026-07-20 14:02:11,129 - INFO - Baþarýlý cevap: 200
2026-07-20 14:02:14,706 - INFO - GET isteði gönderiliyor: https://api.stripe.com/v1/payment_intents
2026-07-20 14:02:15,785 - INFO - Baþarýlý cevap: 200
2026-07-20 14:02:33,057 - INFO - GET isteði gönderiliyor: https://api.stripe.com/v1/payment_intents
2026-07-20 14:02:33,798 - INFO - Baþarýlý cevap: 200
2026-07-20 14:02:47,318 - INFO - GET isteði gönderiliyor: https://api.stripe.com/v1/customers/cus_Uu0jKN86a5Br32
2026-07-20 14:02:47,955 - INFO - Baþarýlý cevap: 200
2026-07-20 14:02:47,967 - INFO - GET isteði gönderiliyor: https://api.stripe.com/v1/payment_intents
2026-07-20 14:02:49,092 - INFO - Baþarýlý cevap: 200
2026-07-20 14:03:01,212 - INFO - GET isteði gönderiliyor: https://api.stripe.com/v1/payment_intents
2026-07-20 14:03:01,876 - INFO - Baþarýlý cevap: 200
2026-07-20 14:03:28,733 - INFO - GET isteði gönderiliyor: https://api.stripe.com/v1/customers
2026-07-20 14:03:28,741 - INFO - GET isteði gönderiliyor: https://api.stripe.com/v1/products
2026-07-20 14:03:29,082 - INFO - GET isteði gönderiliyor: https://api.stripe.com/v1/refunds
2026-07-20 14:03:29,460 - INFO - Baþarýlý cevap: 200
2026-07-20 14:03:29,496 - INFO - GET isteði gönderiliyor: https://api.stripe.com/v1/payment_intents
2026-07-20 14:03:29,580 - INFO - Baþarýlý cevap: 200
2026-07-20 14:03:29,584 - INFO - Baþarýlý cevap: 200
2026-07-20 14:03:30,238 - INFO - Baþarýlý cevap: 200
2026-07-20 14:03:36,483 - INFO - GET isteði gönderiliyor: https://api.stripe.com/v1/customers/cus_Uu0jKN86a5Br32
2026-07-20 14:03:37,012 - INFO - Baþarýlý cevap: 200
2026-07-20 14:03:37,020 - INFO - GET isteði gönderiliyor: https://api.stripe.com/v1/payment_intents
2026-07-20 14:03:37,622 - INFO - Baþarýlý cevap: 200
2026-07-20 14:03:51,642 - INFO - GET isteði gönderiliyor: https://api.stripe.com/v1/payment_intents
2026-07-20 14:03:53,416 - INFO - Baþarýlý cevap: 200
2026-07-20 14:03:53,429 - INFO - GET isteði gönderiliyor: https://api.stripe.com/v1/payment_intents
2026-07-20 14:03:53,622 - INFO - GET isteði gönderiliyor: https://api.stripe.com/v1/products
2026-07-20 14:03:54,139 - INFO - Baþarýlý cevap: 200
2026-07-20 14:03:54,300 - INFO - Baþarýlý cevap: 200
2026-07-20 15:45:48,467 - INFO - GET isteði gönderiliyor: https://api.stripe.com/v1/customers
2026-07-20 15:45:50,699 - INFO - Baþarýlý cevap: 200
2026-07-20 15:45:50,737 - INFO - GET isteði gönderiliyor: https://api.stripe.com/v1/customers
2026-07-20 15:45:52,345 - INFO - Baþarýlý cevap: 200
2026-07-20 15:45:52,350 - INFO - GET isteði gönderiliyor: https://api.stripe.com/v1/customers
2026-07-20 15:45:53,002 - INFO - GET isteði gönderiliyor: https://api.stripe.com/v1/customers
2026-07-20 15:45:53,619 - INFO - Baþarýlý cevap: 200
2026-07-20 15:45:53,624 - INFO - GET isteði gönderiliyor: https://api.stripe.com/v1/payment_intents
2026-07-20 15:45:53,694 - INFO - Baþarýlý cevap: 200
2026-07-20 15:45:54,978 - INFO - Baþarýlý cevap: 200
2026-07-20 15:45:54,982 - INFO - GET isteði gönderiliyor: https://api.stripe.com/v1/refunds
2026-07-20 15:45:55,018 - INFO - GET isteði gönderiliyor: https://api.stripe.com/v1/products
2026-07-20 15:45:55,516 - INFO - Baþarýlý cevap: 200
2026-07-20 15:45:55,519 - INFO - GET isteði gönderiliyor: https://api.stripe.com/v1/products
2026-07-20 15:45:55,576 - INFO - Baþarýlý cevap: 200
2026-07-20 15:45:56,311 - INFO - Baþarýlý cevap: 200
2026-07-20 15:46:00,739 - INFO - GET isteði gönderiliyor: https://api.stripe.com/v1/customers/cus_Uu0jKN86a5Br32
2026-07-20 15:46:01,254 - INFO - Baþarýlý cevap: 200
2026-07-20 15:46:01,273 - INFO - GET isteði gönderiliyor: https://api.stripe.com/v1/payment_intents
2026-07-20 15:46:01,910 - INFO - Baþarýlý cevap: 200
2026-07-20 15:50:46,139 - INFO - GET isteði gönderiliyor: https://api.stripe.com/v1/payment_intents
2026-07-20 15:50:46,925 - INFO - Baþarýlý cevap: 200
2026-07-20 15:50:48,411 - INFO - GET isteði gönderiliyor: https://api.stripe.com/v1/customers/cus_Uu0jKN86a5Br32
2026-07-20 15:50:49,051 - INFO - Baþarýlý cevap: 200
2026-07-20 15:50:49,092 - INFO - GET isteði gönderiliyor: https://api.stripe.com/v1/payment_intents
2026-07-20 15:50:49,756 - INFO - Baþarýlý cevap: 200
2026-07-20 15:50:59,354 - INFO - GET isteði gönderiliyor: https://api.stripe.com/v1/customers/cus_Uu0jKN86a5Br32
2026-07-20 15:51:00,059 - INFO - Baþarýlý cevap: 200
2026-07-20 15:51:00,098 - INFO - GET isteði gönderiliyor: https://api.stripe.com/v1/payment_intents
2026-07-20 15:51:00,659 - INFO - Baþarýlý cevap: 200
2026-07-20 16:03:58,685 - INFO - GET isteði gönderiliyor: https://api.stripe.com/v1/customers/cus_Uu0jKN86a5Br32
2026-07-20 16:04:00,126 - INFO - Baþarýlý cevap: 200
2026-07-20 16:04:00,167 - INFO - GET isteði gönderiliyor: https://api.stripe.com/v1/payment_intents
2026-07-20 16:04:00,845 - INFO - Baþarýlý cevap: 200
2026-07-20 16:06:56,301 - INFO - GET isteði gönderiliyor: https://api.stripe.com/v1/customers/cus_Uu0jKN86a5Br32
2026-07-20 16:06:56,861 - INFO - Baþarýlý cevap: 200
2026-07-20 16:06:56,875 - INFO - GET isteði gönderiliyor: https://api.stripe.com/v1/payment_intents
2026-07-20 16:06:57,446 - INFO - Baþarýlý cevap: 200
2026-07-20 16:07:06,726 - INFO - GET isteði gönderiliyor: https://api.stripe.com/v1/payment_intents
2026-07-20 16:07:07,366 - INFO - Baþarýlý cevap: 200
2026-07-20 16:07:43,307 - INFO - GET isteði gönderiliyor: https://api.stripe.com/v1/payment_intents
2026-07-20 16:07:44,054 - INFO - Baþarýlý cevap: 200
2026-07-20 16:28:14,620 - INFO - GET isteði gönderiliyor: https://api.stripe.com/v1/customers
2026-07-20 16:28:15,390 - INFO - Baþarýlý cevap: 200
2026-07-20 16:28:16,690 - INFO - GET isteði gönderiliyor: https://api.stripe.com/v1/customers
2026-07-20 16:28:18,015 - INFO - Baþarýlý cevap: 200
2026-07-20 16:28:18,018 - INFO - GET isteði gönderiliyor: https://api.stripe.com/v1/customers
2026-07-20 16:28:19,244 - INFO - Baþarýlý cevap: 200
2026-07-20 16:28:19,248 - INFO - GET isteði gönderiliyor: https://api.stripe.com/v1/customers
2026-07-20 16:28:20,150 - INFO - Baþarýlý cevap: 200
2026-07-20 16:28:20,155 - INFO - GET isteði gönderiliyor: https://api.stripe.com/v1/payment_intents
2026-07-20 16:28:21,201 - INFO - Baþarýlý cevap: 200
2026-07-20 16:28:21,204 - INFO - GET isteði gönderiliyor: https://api.stripe.com/v1/refunds
2026-07-20 16:28:21,761 - INFO - Baþarýlý cevap: 200
2026-07-20 16:28:21,765 - INFO - GET isteði gönderiliyor: https://api.stripe.com/v1/products
2026-07-20 16:28:22,450 - INFO - Baþarýlý cevap: 200
2026-07-20 16:28:24,873 - INFO - GET isteði gönderiliyor: https://api.stripe.com/v1/customers
2026-07-20 16:28:25,376 - INFO - Baþarýlý cevap: 200
2026-07-20 16:28:54,432 - INFO - GET isteði gönderiliyor: https://api.stripe.com/v1/products
2026-07-20 16:28:55,042 - INFO - Baþarýlý cevap: 200
2026-07-20 16:28:57,937 - INFO - GET isteði gönderiliyor: https://api.stripe.com/v1/products
2026-07-20 16:28:58,574 - INFO - Baþarýlý cevap: 200
2026-07-20 16:28:59,508 - INFO - GET isteði gönderiliyor: https://api.stripe.com/v1/payment_intents
2026-07-20 16:29:00,438 - INFO - Baþarýlý cevap: 200
2026-07-20 16:29:05,502 - INFO - GET isteði gönderiliyor: https://api.stripe.com/v1/customers/cus_Uu0jKN86a5Br32
2026-07-20 16:29:06,022 - INFO - Baþarýlý cevap: 200
2026-07-20 16:29:06,035 - INFO - GET isteði gönderiliyor: https://api.stripe.com/v1/payment_intents
2026-07-20 16:29:06,687 - INFO - Baþarýlý cevap: 200
2026-07-20 16:29:51,839 - INFO - GET isteði gönderiliyor: https://api.stripe.com/v1/payment_intents
2026-07-20 16:29:52,513 - INFO - Baþarýlý cevap: 200
2026-07-20 16:30:28,202 - INFO - GET isteði gönderiliyor: https://api.stripe.com/v1/customers
2026-07-20 16:30:28,248 - INFO - GET isteði gönderiliyor: https://api.stripe.com/v1/products
2026-07-20 16:30:28,943 - INFO - Baþarýlý cevap: 200
2026-07-20 16:30:29,096 - INFO - Baþarýlý cevap: 200
2026-07-20 16:30:41,181 - INFO - POST isteði gönderiliyor: https://api.stripe.com/v1/invoices/create_preview
2026-07-20 16:30:41,798 - INFO - Baþarýlý cevap: 200
2026-07-20 16:30:46,155 - INFO - POST isteði gönderiliyor: https://api.stripe.com/v1/invoices/create_preview
2026-07-20 16:30:47,078 - INFO - Baþarýlý cevap: 200
2026-07-20 16:31:09,118 - INFO - GET isteði gönderiliyor: https://api.stripe.com/v1/customers
2026-07-20 16:31:09,999 - INFO - Baþarýlý cevap: 200
2026-07-20 16:31:10,005 - INFO - GET isteði gönderiliyor: https://api.stripe.com/v1/customers
2026-07-20 16:31:10,737 - INFO - Baþarýlý cevap: 200
2026-07-20 16:31:10,740 - INFO - GET isteði gönderiliyor: https://api.stripe.com/v1/customers
2026-07-20 16:31:11,411 - INFO - Baþarýlý cevap: 200
2026-07-20 16:31:11,415 - INFO - GET isteði gönderiliyor: https://api.stripe.com/v1/payment_intents
2026-07-20 16:31:12,432 - INFO - Baþarýlý cevap: 200
2026-07-20 16:31:12,434 - INFO - GET isteði gönderiliyor: https://api.stripe.com/v1/refunds
2026-07-20 16:31:12,929 - INFO - Baþarýlý cevap: 200
2026-07-20 16:31:12,932 - INFO - GET isteði gönderiliyor: https://api.stripe.com/v1/products
2026-07-20 16:31:13,548 - INFO - Baþarýlý cevap: 200
2026-07-20 16:31:16,848 - INFO - POST isteði gönderiliyor: https://api.stripe.com/v1/invoices
2026-07-20 16:31:17,585 - INFO - Baþarýlý cevap: 200
2026-07-20 16:31:17,588 - INFO - POST isteði gönderiliyor: https://api.stripe.com/v1/invoiceitems
2026-07-20 16:31:18,256 - INFO - Baþarýlý cevap: 200
2026-07-20 16:31:18,257 - INFO - POST isteði gönderiliyor: https://api.stripe.com/v1/invoiceitems
2026-07-20 16:31:18,876 - INFO - Baþarýlý cevap: 200
2026-07-20 16:31:18,877 - INFO - POST isteði gönderiliyor: https://api.stripe.com/v1/invoices/in_1TvHHtKBkUL9vnMV0rbNb5Ow/finalize
2026-07-20 16:31:20,429 - INFO - Baþarýlý cevap: 200
2026-07-20 16:31:23,806 - INFO - GET isteði gönderiliyor: https://api.stripe.com/v1/customers
2026-07-20 16:31:25,542 - INFO - Baþarýlý cevap: 200
2026-07-20 16:31:25,546 - INFO - GET isteði gönderiliyor: https://api.stripe.com/v1/customers
2026-07-20 16:31:27,289 - INFO - GET isteði gönderiliyor: https://api.stripe.com/v1/customers/cus_Uu0jKN86a5Br32
2026-07-20 16:31:27,503 - INFO - Baþarýlý cevap: 200
2026-07-20 16:31:27,507 - INFO - GET isteði gönderiliyor: https://api.stripe.com/v1/customers
2026-07-20 16:31:27,822 - INFO - Baþarýlý cevap: 200
2026-07-20 16:31:27,833 - INFO - GET isteði gönderiliyor: https://api.stripe.com/v1/payment_intents
2026-07-20 16:31:28,605 - INFO - Baþarýlý cevap: 200
2026-07-20 16:31:28,782 - INFO - Baþarýlý cevap: 200
2026-07-20 16:31:28,785 - INFO - GET isteði gönderiliyor: https://api.stripe.com/v1/payment_intents
2026-07-20 16:31:30,180 - INFO - Baþarýlý cevap: 200
2026-07-20 16:31:30,181 - INFO - GET isteði gönderiliyor: https://api.stripe.com/v1/refunds
2026-07-20 16:31:30,668 - INFO - Baþarýlý cevap: 200
2026-07-20 16:31:30,670 - INFO - GET isteði gönderiliyor: https://api.stripe.com/v1/products
2026-07-20 16:31:31,307 - INFO - Baþarýlý cevap: 200
2026-07-20 16:31:31,716 - INFO - GET isteði gönderiliyor: https://api.stripe.com/v1/payment_intents/pi_3TvHHvKBkUL9vnMV0FeWnEV2
2026-07-20 16:31:32,338 - INFO - Baþarýlý cevap: 200
2026-07-20 16:32:11,654 - INFO - GET isteði gönderiliyor: https://api.stripe.com/v1/customers
2026-07-20 16:32:11,664 - INFO - GET isteði gönderiliyor: https://api.stripe.com/v1/products
2026-07-20 16:32:12,313 - INFO - Baþarýlý cevap: 200
2026-07-20 16:32:12,471 - INFO - Baþarýlý cevap: 200
2026-07-20 16:32:13,781 - INFO - GET isteði gönderiliyor: https://api.stripe.com/v1/customers
2026-07-20 16:32:13,784 - INFO - GET isteði gönderiliyor: https://api.stripe.com/v1/products
2026-07-20 16:32:14,422 - INFO - Baþarýlý cevap: 200
2026-07-20 16:32:14,560 - INFO - Baþarýlý cevap: 200
2026-07-20 16:33:00,218 - INFO - GET isteði gönderiliyor: https://api.stripe.com/v1/customers
2026-07-20 16:33:01,097 - INFO - Baþarýlý cevap: 200
2026-07-20 16:35:18,358 - INFO - GET isteði gönderiliyor: https://api.stripe.com/v1/customers/cus_Uu0jKN86a5Br32
2026-07-20 16:35:18,870 - INFO - Baþarýlý cevap: 200
2026-07-20 16:35:18,880 - INFO - GET isteði gönderiliyor: https://api.stripe.com/v1/payment_intents
2026-07-20 16:35:19,456 - INFO - Baþarýlý cevap: 200
2026-07-20 16:36:32,366 - INFO - GET isteði gönderiliyor: https://api.stripe.com/v1/customers
2026-07-20 16:36:32,367 - INFO - GET isteði gönderiliyor: https://api.stripe.com/v1/products
2026-07-20 16:36:33,213 - INFO - Baþarýlý cevap: 200
2026-07-20 16:36:34,255 - INFO - Baþarýlý cevap: 200
2026-07-20 16:36:56,859 - INFO - GET isteði gönderiliyor: https://api.stripe.com/v1/customers/cus_Uu0jKN86a5Br32
2026-07-20 16:36:57,345 - INFO - Baþarýlý cevap: 200
2026-07-20 16:36:57,357 - INFO - GET isteði gönderiliyor: https://api.stripe.com/v1/payment_intents
2026-07-20 16:36:58,714 - INFO - Baþarýlý cevap: 200
2026-07-20 19:47:39,577 - INFO - GET isteði gönderiliyor: https://api.stripe.com/v1/customers
2026-07-20 19:47:41,329 - INFO - Baþarýlý cevap: 200
2026-07-20 19:47:41,335 - INFO - GET isteði gönderiliyor: https://api.stripe.com/v1/customers
2026-07-20 19:47:43,014 - INFO - Baþarýlý cevap: 200
2026-07-20 19:47:43,017 - INFO - GET isteði gönderiliyor: https://api.stripe.com/v1/customers
2026-07-20 19:47:44,220 - INFO - Baþarýlý cevap: 200
2026-07-20 19:47:44,223 - INFO - GET isteði gönderiliyor: https://api.stripe.com/v1/payment_intents
2026-07-20 19:47:45,555 - INFO - Baþarýlý cevap: 200
2026-07-20 19:47:45,558 - INFO - GET isteði gönderiliyor: https://api.stripe.com/v1/refunds
2026-07-20 19:47:46,120 - INFO - Baþarýlý cevap: 200
2026-07-20 19:47:46,122 - INFO - GET isteði gönderiliyor: https://api.stripe.com/v1/products
2026-07-20 19:47:46,892 - INFO - Baþarýlý cevap: 200
2026-07-20 19:48:50,602 - INFO - GET isteði gönderiliyor: https://api.stripe.com/v1/customers
2026-07-20 19:48:51,598 - INFO - Baþarýlý cevap: 200
2026-07-20 19:48:51,602 - INFO - GET isteði gönderiliyor: https://api.stripe.com/v1/customers
2026-07-20 19:48:52,373 - INFO - Baþarýlý cevap: 200
2026-07-20 19:48:52,374 - INFO - GET isteði gönderiliyor: https://api.stripe.com/v1/customers
2026-07-20 19:48:53,121 - INFO - Baþarýlý cevap: 200
2026-07-20 19:48:53,125 - INFO - GET isteði gönderiliyor: https://api.stripe.com/v1/payment_intents
2026-07-20 19:49:15,567 - INFO - GET isteði gönderiliyor: https://api.stripe.com/v1/payment_intents
2026-07-20 19:49:16,686 - INFO - Baþarýlý cevap: 200
2026-07-20 19:52:30,140 - INFO - GET isteði gönderiliyor: https://api.stripe.com/v1/customers
2026-07-20 19:52:30,839 - INFO - Baþarýlý cevap: 200
2026-07-20 19:52:35,480 - INFO - GET isteði gönderiliyor: https://api.stripe.com/v1/customers
2026-07-20 19:52:35,483 - INFO - GET isteði gönderiliyor: https://api.stripe.com/v1/products
2026-07-20 19:52:36,157 - INFO - Baþarýlý cevap: 200
2026-07-20 19:52:36,317 - INFO - Baþarýlý cevap: 200
2026-07-20 20:05:25,490 - INFO - GET isteði gönderiliyor: https://api.stripe.com/v1/customers
2026-07-20 20:05:27,308 - INFO - Baþarýlý cevap: 200
2026-07-20 20:05:27,313 - INFO - GET isteði gönderiliyor: https://api.stripe.com/v1/customers
2026-07-20 20:05:29,016 - INFO - Baþarýlý cevap: 200
2026-07-20 20:05:29,021 - INFO - GET isteði gönderiliyor: https://api.stripe.com/v1/customers
2026-07-20 20:05:30,205 - INFO - Baþarýlý cevap: 200
2026-07-20 20:05:30,209 - INFO - GET isteði gönderiliyor: https://api.stripe.com/v1/payment_intents
2026-07-20 20:05:31,470 - INFO - Baþarýlý cevap: 200
2026-07-20 20:05:31,473 - INFO - GET isteði gönderiliyor: https://api.stripe.com/v1/refunds
2026-07-20 20:05:31,590 - INFO - GET isteði gönderiliyor: https://api.stripe.com/v1/customers
2026-07-20 20:05:32,040 - INFO - Baþarýlý cevap: 200
2026-07-20 20:05:32,043 - INFO - GET isteði gönderiliyor: https://api.stripe.com/v1/products
2026-07-20 20:05:32,770 - INFO - Baþarýlý cevap: 200
2026-07-20 20:05:33,976 - INFO - Baþarýlý cevap: 200
2026-07-20 20:05:36,921 - INFO - GET isteði gönderiliyor: https://api.stripe.com/v1/customers
2026-07-20 20:05:37,450 - INFO - Baþarýlý cevap: 200
2026-07-20 20:05:39,499 - INFO - GET isteði gönderiliyor: https://api.stripe.com/v1/customers
2026-07-20 20:05:39,501 - INFO - GET isteði gönderiliyor: https://api.stripe.com/v1/products
2026-07-20 20:05:39,504 - INFO - GET isteði gönderiliyor: https://api.stripe.com/v1/invoices
2026-07-20 20:05:41,288 - INFO - Baþarýlý cevap: 200
2026-07-20 20:05:41,422 - INFO - Baþarýlý cevap: 200
2026-07-20 20:05:41,733 - INFO - Baþarýlý cevap: 200
2026-07-20 20:05:57,101 - INFO - GET isteði gönderiliyor: https://api.stripe.com/v1/customers/cus_Uu0jKN86a5Br32
2026-07-20 20:05:57,968 - INFO - Baþarýlý cevap: 200
2026-07-20 20:05:57,983 - INFO - GET isteði gönderiliyor: https://api.stripe.com/v1/payment_intents
2026-07-20 20:05:58,683 - INFO - Baþarýlý cevap: 200
2026-07-20 20:06:02,746 - INFO - GET isteði gönderiliyor: https://api.stripe.com/v1/invoices
2026-07-20 20:06:03,404 - INFO - Baþarýlý cevap: 200
2026-07-20 20:06:04,874 - INFO - GET isteði gönderiliyor: https://api.stripe.com/v1/payment_intents
2026-07-20 20:06:05,581 - INFO - Baþarýlý cevap: 200
2026-07-20 20:06:10,688 - INFO - GET isteði gönderiliyor: https://api.stripe.com/v1/customers
2026-07-20 20:06:10,690 - INFO - GET isteði gönderiliyor: https://api.stripe.com/v1/products
2026-07-20 20:06:10,694 - INFO - GET isteði gönderiliyor: https://api.stripe.com/v1/invoices
2026-07-20 20:06:11,245 - INFO - Baþarýlý cevap: 200
2026-07-20 20:06:11,403 - INFO - Baþarýlý cevap: 200
2026-07-20 20:06:11,491 - INFO - Baþarýlý cevap: 200
2026-07-20 20:09:19,738 - INFO - GET isteði gönderiliyor: https://api.stripe.com/v1/customers
2026-07-20 20:09:20,394 - INFO - Baþarýlý cevap: 200
2026-07-20 20:09:30,290 - INFO - GET isteði gönderiliyor: https://api.stripe.com/v1/products
2026-07-20 20:09:30,875 - INFO - Baþarýlý cevap: 200
2026-07-20 20:09:33,940 - INFO - GET isteði gönderiliyor: https://api.stripe.com/v1/payment_intents
2026-07-20 20:09:34,927 - INFO - Baþarýlý cevap: 200
2026-07-20 20:09:37,475 - INFO - GET isteði gönderiliyor: https://api.stripe.com/v1/payment_intents
2026-07-20 20:09:38,303 - INFO - Baþarýlý cevap: 200
2026-07-20 20:09:38,609 - INFO - GET isteði gönderiliyor: https://api.stripe.com/v1/customers
2026-07-20 20:09:38,611 - INFO - GET isteði gönderiliyor: https://api.stripe.com/v1/invoices
2026-07-20 20:09:38,615 - INFO - GET isteði gönderiliyor: https://api.stripe.com/v1/products
2026-07-20 20:09:39,293 - INFO - Baþarýlý cevap: 200
2026-07-20 20:09:39,448 - INFO - Baþarýlý cevap: 200
2026-07-20 20:09:39,647 - INFO - Baþarýlý cevap: 200
2026-07-20 20:10:12,873 - INFO - POST isteði gönderiliyor: https://api.stripe.com/v1/invoices/create_preview
2026-07-20 20:10:13,729 - INFO - Baþarýlý cevap: 200
2026-07-20 20:10:22,689 - INFO - POST isteði gönderiliyor: https://api.stripe.com/v1/invoices
2026-07-20 20:10:23,638 - INFO - Baþarýlý cevap: 200
2026-07-20 20:10:23,640 - INFO - POST isteði gönderiliyor: https://api.stripe.com/v1/invoiceitems
2026-07-20 20:10:24,816 - INFO - Baþarýlý cevap: 200
2026-07-20 20:10:24,818 - INFO - POST isteði gönderiliyor: https://api.stripe.com/v1/invoices/in_1TvKhvKBkUL9vnMVTyvAMb8A/finalize
2026-07-20 20:10:26,478 - INFO - Baþarýlý cevap: 200
2026-07-20 20:10:26,490 - INFO - GET isteði gönderiliyor: https://api.stripe.com/v1/invoices
2026-07-20 20:10:26,491 - INFO - GET isteði gönderiliyor: https://api.stripe.com/v1/customers
2026-07-20 20:10:27,461 - INFO - Baþarýlý cevap: 200
2026-07-20 20:10:28,571 - INFO - Baþarýlý cevap: 200
2026-07-20 20:10:28,575 - INFO - GET isteði gönderiliyor: https://api.stripe.com/v1/customers
2026-07-20 20:10:30,337 - INFO - Baþarýlý cevap: 200
2026-07-20 20:10:30,340 - INFO - GET isteði gönderiliyor: https://api.stripe.com/v1/customers
2026-07-20 20:10:31,441 - INFO - Baþarýlý cevap: 200
2026-07-20 20:10:31,445 - INFO - GET isteði gönderiliyor: https://api.stripe.com/v1/payment_intents
2026-07-20 20:10:32,770 - INFO - Baþarýlý cevap: 200
2026-07-20 20:10:32,774 - INFO - GET isteði gönderiliyor: https://api.stripe.com/v1/refunds
2026-07-20 20:10:33,318 - INFO - Baþarýlý cevap: 200
2026-07-20 20:10:33,322 - INFO - GET isteði gönderiliyor: https://api.stripe.com/v1/products
2026-07-20 20:10:34,030 - INFO - Baþarýlý cevap: 200
2026-07-20 20:10:53,406 - INFO - POST isteði gönderiliyor: https://api.stripe.com/v1/invoices/create_preview
2026-07-20 20:10:54,196 - INFO - Baþarýlý cevap: 200
2026-07-20 20:10:59,210 - INFO - POST isteði gönderiliyor: https://api.stripe.com/v1/invoices
2026-07-20 20:10:59,970 - INFO - Baþarýlý cevap: 200
2026-07-20 20:10:59,971 - INFO - POST isteði gönderiliyor: https://api.stripe.com/v1/invoiceitems
2026-07-20 20:11:00,646 - INFO - Baþarýlý cevap: 200
2026-07-20 20:11:00,648 - INFO - POST isteði gönderiliyor: https://api.stripe.com/v1/invoices/in_1TvKiVKBkUL9vnMVepdnWF0a/finalize
2026-07-20 20:11:03,132 - INFO - Baþarýlý cevap: 200
2026-07-20 20:11:03,138 - INFO - GET isteði gönderiliyor: https://api.stripe.com/v1/invoices
2026-07-20 20:11:03,140 - INFO - GET isteði gönderiliyor: https://api.stripe.com/v1/customers
2026-07-20 20:11:04,290 - INFO - Baþarýlý cevap: 200
2026-07-20 20:11:04,718 - INFO - Baþarýlý cevap: 200
2026-07-20 20:11:04,722 - INFO - GET isteði gönderiliyor: https://api.stripe.com/v1/customers
2026-07-20 20:11:06,190 - INFO - Baþarýlý cevap: 200
2026-07-20 20:11:06,193 - INFO - GET isteði gönderiliyor: https://api.stripe.com/v1/customers
2026-07-20 20:11:07,225 - INFO - Baþarýlý cevap: 200
2026-07-20 20:11:07,228 - INFO - GET isteði gönderiliyor: https://api.stripe.com/v1/payment_intents
2026-07-20 20:11:08,537 - INFO - Baþarýlý cevap: 200
2026-07-20 20:11:08,541 - INFO - GET isteði gönderiliyor: https://api.stripe.com/v1/refunds
2026-07-20 20:11:09,180 - INFO - Baþarýlý cevap: 200
2026-07-20 20:11:09,181 - INFO - GET isteði gönderiliyor: https://api.stripe.com/v1/products
2026-07-20 20:11:09,944 - INFO - Baþarýlý cevap: 200
2026-07-20 20:11:22,280 - INFO - GET isteði gönderiliyor: https://api.stripe.com/v1/products
2026-07-20 20:11:22,823 - INFO - Baþarýlý cevap: 200
2026-07-20 20:11:23,534 - INFO - GET isteði gönderiliyor: https://api.stripe.com/v1/payment_intents
2026-07-20 20:11:24,551 - INFO - Baþarýlý cevap: 200
2026-07-20 20:11:27,569 - INFO - GET isteði gönderiliyor: https://api.stripe.com/v1/customers
2026-07-20 20:11:27,571 - INFO - GET isteði gönderiliyor: https://api.stripe.com/v1/products
2026-07-20 20:11:27,576 - INFO - GET isteði gönderiliyor: https://api.stripe.com/v1/invoices
2026-07-20 20:11:28,436 - INFO - Baþarýlý cevap: 200
2026-07-20 20:11:28,501 - INFO - Baþarýlý cevap: 200
2026-07-20 20:11:28,555 - INFO - Baþarýlý cevap: 200
2026-07-20 20:15:12,886 - INFO - GET isteði gönderiliyor: https://api.stripe.com/v1/customers
2026-07-20 20:15:13,539 - INFO - Baþarýlý cevap: 200
2026-07-20 20:15:19,468 - INFO - GET isteði gönderiliyor: https://api.stripe.com/v1/customers
2026-07-20 20:15:19,469 - INFO - GET isteði gönderiliyor: https://api.stripe.com/v1/products
2026-07-20 20:15:19,473 - INFO - GET isteði gönderiliyor: https://api.stripe.com/v1/invoices
2026-07-20 20:15:20,386 - INFO - Baþarýlý cevap: 200
2026-07-20 20:15:20,387 - INFO - Baþarýlý cevap: 200
2026-07-20 20:15:21,316 - INFO - Baþarýlý cevap: 200
2026-07-20 20:15:32,009 - INFO - GET isteði gönderiliyor: https://api.stripe.com/v1/payment_intents
2026-07-20 20:15:32,913 - INFO - Baþarýlý cevap: 200
2026-07-20 20:15:34,168 - INFO - GET isteði gönderiliyor: https://api.stripe.com/v1/payment_intents
2026-07-20 20:15:35,137 - INFO - Baþarýlý cevap: 200
2026-07-20 20:15:41,363 - INFO - GET isteði gönderiliyor: https://api.stripe.com/v1/payment_intents
2026-07-20 20:15:42,352 - INFO - Baþarýlý cevap: 200
2026-07-20 20:15:45,146 - INFO - GET isteði gönderiliyor: https://api.stripe.com/v1/payment_intents
2026-07-20 20:15:46,131 - INFO - Baþarýlý cevap: 200
2026-07-20 20:15:48,879 - INFO - GET isteði gönderiliyor: https://api.stripe.com/v1/refunds
2026-07-20 20:15:50,079 - INFO - Baþarýlý cevap: 200
2026-07-20 20:15:50,633 - INFO - GET isteði gönderiliyor: https://api.stripe.com/v1/customers
2026-07-20 20:15:50,635 - INFO - GET isteði gönderiliyor: https://api.stripe.com/v1/products
2026-07-20 20:15:50,637 - INFO - GET isteði gönderiliyor: https://api.stripe.com/v1/invoices
2026-07-20 20:15:51,383 - INFO - Baþarýlý cevap: 200
2026-07-20 20:15:51,390 - INFO - Baþarýlý cevap: 200
2026-07-20 20:15:51,473 - INFO - Baþarýlý cevap: 200
2026-07-20 20:16:12,875 - INFO - GET isteði gönderiliyor: https://api.stripe.com/v1/customers
2026-07-20 20:16:12,877 - INFO - GET isteði gönderiliyor: https://api.stripe.com/v1/products
2026-07-20 20:16:12,878 - INFO - GET isteði gönderiliyor: https://api.stripe.com/v1/invoices
2026-07-20 20:16:13,775 - INFO - Baþarýlý cevap: 200
2026-07-20 20:16:13,860 - INFO - Baþarýlý cevap: 200
2026-07-20 20:16:14,220 - INFO - Baþarýlý cevap: 200
2026-07-20 20:16:42,930 - INFO - GET isteði gönderiliyor: https://api.stripe.com/v1/customers
2026-07-20 20:16:43,731 - INFO - Baþarýlý cevap: 200
2026-07-20 20:16:43,733 - INFO - GET isteði gönderiliyor: https://api.stripe.com/v1/customers
2026-07-20 20:16:45,119 - INFO - Baþarýlý cevap: 200
2026-07-20 20:16:45,121 - INFO - GET isteði gönderiliyor: https://api.stripe.com/v1/customers
2026-07-20 20:16:46,085 - INFO - Baþarýlý cevap: 200
2026-07-20 20:16:46,089 - INFO - GET isteði gönderiliyor: https://api.stripe.com/v1/payment_intents
2026-07-20 20:16:47,322 - INFO - Baþarýlý cevap: 200
2026-07-20 20:16:47,325 - INFO - GET isteði gönderiliyor: https://api.stripe.com/v1/refunds
2026-07-20 20:16:47,869 - INFO - Baþarýlý cevap: 200
2026-07-20 20:16:47,871 - INFO - GET isteði gönderiliyor: https://api.stripe.com/v1/products
2026-07-20 20:16:48,482 - INFO - Baþarýlý cevap: 200
2026-07-20 20:16:54,195 - INFO - GET isteði gönderiliyor: https://api.stripe.com/v1/customers
2026-07-20 20:16:54,196 - INFO - GET isteði gönderiliyor: https://api.stripe.com/v1/products
2026-07-20 20:16:54,199 - INFO - GET isteði gönderiliyor: https://api.stripe.com/v1/invoices
2026-07-20 20:16:54,813 - INFO - Baþarýlý cevap: 200
2026-07-20 20:16:54,863 - INFO - Baþarýlý cevap: 200
2026-07-20 20:16:54,953 - INFO - Baþarýlý cevap: 200
2026-07-20 20:17:04,676 - INFO - GET isteði gönderiliyor: https://api.stripe.com/v1/invoices
2026-07-20 20:17:05,603 - INFO - Baþarýlý cevap: 200
2026-07-20 20:17:08,669 - INFO - GET isteði gönderiliyor: https://api.stripe.com/v1/invoices
2026-07-20 20:17:09,721 - INFO - Baþarýlý cevap: 200
2026-07-20 20:17:15,059 - INFO - GET isteði gönderiliyor: https://api.stripe.com/v1/invoices
2026-07-20 20:17:16,273 - INFO - Baþarýlý cevap: 200
2026-07-20 20:17:19,762 - INFO - GET isteði gönderiliyor: https://api.stripe.com/v1/invoices
2026-07-20 20:17:20,487 - INFO - Baþarýlý cevap: 200
2026-07-20 20:17:28,723 - INFO - GET isteði gönderiliyor: https://api.stripe.com/v1/invoices
2026-07-20 20:17:29,461 - INFO - Baþarýlý cevap: 200
2026-07-20 20:17:31,779 - INFO - GET isteði gönderiliyor: https://api.stripe.com/v1/invoices
2026-07-20 20:17:32,504 - INFO - Baþarýlý cevap: 200
2026-07-20 20:17:33,001 - INFO - GET isteði gönderiliyor: https://api.stripe.com/v1/invoices
2026-07-20 20:17:33,798 - INFO - Baþarýlý cevap: 200
2026-07-20 20:17:34,293 - INFO - GET isteði gönderiliyor: https://api.stripe.com/v1/invoices
2026-07-20 20:17:35,165 - INFO - Baþarýlý cevap: 200
2026-07-20 20:21:23,690 - INFO - GET isteði gönderiliyor: https://api.stripe.com/v1/customers
2026-07-20 20:21:24,954 - INFO - Baþarýlý cevap: 200
2026-07-20 20:21:24,958 - INFO - GET isteði gönderiliyor: https://api.stripe.com/v1/customers
2026-07-20 20:21:25,732 - INFO - Baþarýlý cevap: 200
2026-07-20 20:21:25,735 - INFO - GET isteði gönderiliyor: https://api.stripe.com/v1/customers
2026-07-20 20:21:26,363 - INFO - Baþarýlý cevap: 200
2026-07-20 20:21:26,367 - INFO - GET isteði gönderiliyor: https://api.stripe.com/v1/payment_intents
2026-07-20 20:21:27,547 - INFO - Baþarýlý cevap: 200
2026-07-20 20:21:27,552 - INFO - GET isteði gönderiliyor: https://api.stripe.com/v1/refunds
2026-07-20 20:21:28,109 - INFO - Baþarýlý cevap: 200
2026-07-20 20:21:28,113 - INFO - GET isteði gönderiliyor: https://api.stripe.com/v1/products
2026-07-20 20:21:28,878 - INFO - Baþarýlý cevap: 200
2026-07-20 20:21:31,178 - INFO - GET isteði gönderiliyor: https://api.stripe.com/v1/customers
2026-07-20 20:21:31,180 - INFO - GET isteði gönderiliyor: https://api.stripe.com/v1/products
2026-07-20 20:21:31,845 - INFO - Baþarýlý cevap: 200
2026-07-20 20:21:31,931 - INFO - Baþarýlý cevap: 200
2026-07-20 20:21:34,602 - INFO - GET isteði gönderiliyor: https://api.stripe.com/v1/invoices
2026-07-20 20:21:35,800 - INFO - Baþarýlý cevap: 200
2026-07-20 20:21:37,359 - INFO - GET isteði gönderiliyor: https://api.stripe.com/v1/invoices
2026-07-20 20:21:38,014 - INFO - Baþarýlý cevap: 200
2026-07-20 20:21:38,927 - INFO - GET isteði gönderiliyor: https://api.stripe.com/v1/invoices
2026-07-20 20:21:39,611 - INFO - Baþarýlý cevap: 200
2026-07-20 20:21:40,714 - INFO - GET isteði gönderiliyor: https://api.stripe.com/v1/invoices
2026-07-20 20:21:41,368 - INFO - Baþarýlý cevap: 200
2026-07-20 20:21:41,981 - INFO - GET isteði gönderiliyor: https://api.stripe.com/v1/invoices
2026-07-20 20:21:42,771 - INFO - Baþarýlý cevap: 200
2026-07-21 10:01:04,039 - INFO - GET isteði gönderiliyor: https://api.stripe.com/v1/customers
2026-07-21 10:01:05,365 - INFO - Baþarýlý cevap: 200
2026-07-21 10:01:05,370 - INFO - GET isteði gönderiliyor: https://api.stripe.com/v1/customers
2026-07-21 10:01:07,104 - INFO - Baþarýlý cevap: 200
2026-07-21 10:01:07,106 - INFO - GET isteði gönderiliyor: https://api.stripe.com/v1/customers
2026-07-21 10:01:08,298 - INFO - Baþarýlý cevap: 200
2026-07-21 10:01:08,301 - INFO - GET isteði gönderiliyor: https://api.stripe.com/v1/payment_intents
2026-07-21 10:01:08,771 - INFO - GET isteði gönderiliyor: https://api.stripe.com/v1/customers
2026-07-21 10:01:08,772 - INFO - GET isteði gönderiliyor: https://api.stripe.com/v1/products
2026-07-21 10:01:09,534 - INFO - Baþarýlý cevap: 200
2026-07-21 10:01:09,541 - INFO - Baþarýlý cevap: 200
2026-07-21 10:01:09,707 - INFO - Baþarýlý cevap: 200
2026-07-21 10:01:09,710 - INFO - GET isteði gönderiliyor: https://api.stripe.com/v1/refunds
2026-07-21 10:01:10,223 - INFO - Baþarýlý cevap: 200
2026-07-21 10:01:10,224 - INFO - GET isteði gönderiliyor: https://api.stripe.com/v1/products
2026-07-21 10:01:10,334 - INFO - GET isteði gönderiliyor: https://api.stripe.com/v1/invoices
2026-07-21 10:01:10,945 - INFO - Baþarýlý cevap: 200
2026-07-21 10:01:11,512 - INFO - Baþarýlý cevap: 200
2026-07-21 10:01:15,064 - INFO - GET isteði gönderiliyor: https://api.stripe.com/v1/invoices
2026-07-21 10:01:16,046 - INFO - Baþarýlý cevap: 200
2026-07-21 10:01:17,767 - INFO - GET isteði gönderiliyor: https://api.stripe.com/v1/invoices
2026-07-21 10:01:18,436 - INFO - Baþarýlý cevap: 200
2026-07-21 10:01:24,569 - INFO - GET isteði gönderiliyor: https://api.stripe.com/v1/customers/cus_Uu0jKN86a5Br32
2026-07-21 10:01:25,107 - INFO - Baþarýlý cevap: 200
2026-07-21 10:01:25,118 - INFO - GET isteði gönderiliyor: https://api.stripe.com/v1/payment_intents
2026-07-21 10:01:25,744 - INFO - Baþarýlý cevap: 200
2026-07-21 10:01:38,669 - INFO - GET isteði gönderiliyor: https://api.stripe.com/v1/invoices
2026-07-21 10:01:39,481 - INFO - Baþarýlý cevap: 200
2026-07-21 10:01:45,046 - INFO - GET isteði gönderiliyor: https://api.stripe.com/v1/payment_intents
2026-07-21 10:01:45,642 - INFO - Baþarýlý cevap: 200
2026-07-21 10:03:20,281 - INFO - GET isteði gönderiliyor: https://api.stripe.com/v1/invoices
2026-07-21 10:03:21,458 - INFO - Baþarýlý cevap: 200
2026-07-21 10:03:33,264 - INFO - GET isteði gönderiliyor: https://api.stripe.com/v1/customers
2026-07-21 10:03:34,027 - INFO - Baþarýlý cevap: 200
2026-07-21 10:03:34,032 - INFO - GET isteði gönderiliyor: https://api.stripe.com/v1/customers
2026-07-21 10:03:34,720 - INFO - Baþarýlý cevap: 200
2026-07-21 10:03:34,724 - INFO - GET isteði gönderiliyor: https://api.stripe.com/v1/customers
2026-07-21 10:03:35,382 - INFO - Baþarýlý cevap: 200
2026-07-21 10:03:35,387 - INFO - GET isteði gönderiliyor: https://api.stripe.com/v1/payment_intents
2026-07-21 10:03:35,523 - INFO - GET isteði gönderiliyor: https://api.stripe.com/v1/customers/cus_Uu0jKN86a5Br32
2026-07-21 10:03:35,962 - INFO - Baþarýlý cevap: 200
2026-07-21 10:03:35,975 - INFO - GET isteði gönderiliyor: https://api.stripe.com/v1/payment_intents
2026-07-21 10:03:36,479 - INFO - Baþarýlý cevap: 200
2026-07-21 10:03:36,485 - INFO - GET isteði gönderiliyor: https://api.stripe.com/v1/refunds
2026-07-21 10:03:36,655 - INFO - Baþarýlý cevap: 200
2026-07-21 10:03:37,023 - INFO - Baþarýlý cevap: 200
2026-07-21 10:03:37,024 - INFO - GET isteði gönderiliyor: https://api.stripe.com/v1/products
2026-07-21 10:03:37,878 - INFO - Baþarýlý cevap: 200
2026-07-21 10:06:08,677 - INFO - POST isteði gönderiliyor: https://api.stripe.com/v1/payment_intents
2026-07-21 10:06:09,452 - INFO - Baþarýlý cevap: 200
2026-07-21 10:06:09,461 - INFO - POST isteði gönderiliyor: https://api.stripe.com/v1/prices
2026-07-21 10:06:10,069 - INFO - Baþarýlý cevap: 200
2026-07-21 10:06:10,079 - INFO - GET isteði gönderiliyor: https://api.stripe.com/v1/products
2026-07-21 10:06:10,340 - INFO - GET isteði gönderiliyor: https://api.stripe.com/v1/customers
2026-07-21 10:06:10,695 - INFO - Baþarýlý cevap: 200
2026-07-21 10:06:11,796 - INFO - Baþarýlý cevap: 200
2026-07-21 10:06:11,801 - INFO - GET isteði gönderiliyor: https://api.stripe.com/v1/customers
2026-07-21 10:06:12,964 - INFO - Baþarýlý cevap: 200
2026-07-21 10:06:12,967 - INFO - GET isteði gönderiliyor: https://api.stripe.com/v1/customers
2026-07-21 10:06:14,142 - INFO - Baþarýlý cevap: 200
2026-07-21 10:06:14,145 - INFO - GET isteði gönderiliyor: https://api.stripe.com/v1/payment_intents
2026-07-21 10:06:15,316 - INFO - Baþarýlý cevap: 200
2026-07-21 10:06:15,317 - INFO - GET isteði gönderiliyor: https://api.stripe.com/v1/refunds
2026-07-21 10:06:15,919 - INFO - Baþarýlý cevap: 200
2026-07-21 10:06:15,922 - INFO - GET isteði gönderiliyor: https://api.stripe.com/v1/products
2026-07-21 10:06:16,655 - INFO - Baþarýlý cevap: 200
2026-07-21 10:06:37,173 - INFO - GET isteði gönderiliyor: https://api.stripe.com/v1/customers
2026-07-21 10:06:37,966 - INFO - Baþarýlý cevap: 200
2026-07-21 10:06:37,972 - INFO - GET isteði gönderiliyor: https://api.stripe.com/v1/customers
2026-07-21 10:06:38,810 - INFO - Baþarýlý cevap: 200
2026-07-21 10:06:38,813 - INFO - GET isteði gönderiliyor: https://api.stripe.com/v1/customers
2026-07-21 10:06:39,673 - INFO - Baþarýlý cevap: 200
2026-07-21 10:06:39,677 - INFO - GET isteði gönderiliyor: https://api.stripe.com/v1/payment_intents
2026-07-21 10:06:40,437 - INFO - GET isteði gönderiliyor: https://api.stripe.com/v1/customers/cus_Uu0jKN86a5Br32
2026-07-21 10:06:40,962 - INFO - Baþarýlý cevap: 200
2026-07-21 10:06:40,977 - INFO - GET isteði gönderiliyor: https://api.stripe.com/v1/payment_intents
2026-07-21 10:06:41,131 - INFO - Baþarýlý cevap: 200
2026-07-21 10:06:41,136 - INFO - GET isteði gönderiliyor: https://api.stripe.com/v1/refunds
2026-07-21 10:06:41,621 - INFO - Baþarýlý cevap: 200
2026-07-21 10:06:41,622 - INFO - Baþarýlý cevap: 200
2026-07-21 10:06:41,625 - INFO - GET isteði gönderiliyor: https://api.stripe.com/v1/products
2026-07-21 10:06:42,380 - INFO - Baþarýlý cevap: 200
2026-07-21 10:07:06,577 - INFO - GET isteði gönderiliyor: https://api.stripe.com/v1/invoices
2026-07-21 10:07:07,389 - INFO - Baþarýlý cevap: 200
2026-07-21 10:07:07,528 - INFO - GET isteði gönderiliyor: https://api.stripe.com/v1/payment_intents
2026-07-21 10:07:08,401 - INFO - Baþarýlý cevap: 200
2026-07-21 10:07:14,868 - INFO - POST isteði gönderiliyor: https://api.stripe.com/v1/payment_intents
2026-07-21 10:07:15,626 - INFO - Baþarýlý cevap: 200
2026-07-21 10:07:17,148 - INFO - GET isteði gönderiliyor: https://api.stripe.com/v1/payment_intents
2026-07-21 10:07:17,915 - INFO - Baþarýlý cevap: 200
2026-07-21 10:07:17,923 - INFO - GET isteði gönderiliyor: https://api.stripe.com/v1/payment_intents
2026-07-21 10:07:18,577 - INFO - Baþarýlý cevap: 200
2026-07-21 10:07:29,159 - INFO - GET isteði gönderiliyor: https://api.stripe.com/v1/customers
2026-07-21 10:07:29,841 - INFO - Baþarýlý cevap: 200
2026-07-21 10:07:29,847 - INFO - GET isteði gönderiliyor: https://api.stripe.com/v1/customers
2026-07-21 10:07:30,574 - INFO - Baþarýlý cevap: 200
2026-07-21 10:07:30,578 - INFO - GET isteði gönderiliyor: https://api.stripe.com/v1/customers
2026-07-21 10:07:31,210 - INFO - Baþarýlý cevap: 200
2026-07-21 10:07:31,213 - INFO - GET isteði gönderiliyor: https://api.stripe.com/v1/payment_intents
2026-07-21 10:07:32,420 - INFO - Baþarýlý cevap: 200
2026-07-21 10:07:32,423 - INFO - GET isteði gönderiliyor: https://api.stripe.com/v1/refunds
2026-07-21 10:07:32,968 - INFO - Baþarýlý cevap: 200
2026-07-21 10:07:32,970 - INFO - GET isteði gönderiliyor: https://api.stripe.com/v1/products
2026-07-21 10:07:33,512 - INFO - Baþarýlý cevap: 200
2026-07-21 10:12:25,367 - INFO - GET isteði gönderiliyor: https://api.stripe.com/v1/invoices
2026-07-21 10:12:26,120 - INFO - Baþarýlý cevap: 200
2026-07-21 10:12:30,025 - INFO - GET isteði gönderiliyor: https://api.stripe.com/v1/payment_intents
2026-07-21 10:12:30,795 - INFO - Baþarýlý cevap: 200
2026-07-21 10:12:39,129 - INFO - GET isteði gönderiliyor: https://api.stripe.com/v1/invoices
2026-07-21 10:12:39,758 - INFO - Baþarýlý cevap: 200
2026-07-21 10:12:46,525 - INFO - GET isteði gönderiliyor: https://api.stripe.com/v1/customers
2026-07-21 10:12:46,526 - INFO - GET isteði gönderiliyor: https://api.stripe.com/v1/products
2026-07-21 10:12:47,225 - INFO - Baþarýlý cevap: 200
2026-07-21 10:12:47,825 - INFO - Baþarýlý cevap: 200
2026-07-21 10:12:48,916 - INFO - GET isteði gönderiliyor: https://api.stripe.com/v1/invoices
2026-07-21 10:12:50,075 - INFO - Baþarýlý cevap: 200
2026-07-21 10:18:59,619 - INFO - GET isteði gönderiliyor: https://api.stripe.com/v1/customers
2026-07-21 10:19:01,338 - INFO - Baþarýlý cevap: 200
2026-07-21 10:19:01,343 - INFO - GET isteði gönderiliyor: https://api.stripe.com/v1/customers
2026-07-21 10:19:02,667 - INFO - Baþarýlý cevap: 200
2026-07-21 10:19:02,669 - INFO - GET isteði gönderiliyor: https://api.stripe.com/v1/customers
2026-07-21 10:19:03,609 - INFO - Baþarýlý cevap: 200
2026-07-21 10:19:03,612 - INFO - GET isteði gönderiliyor: https://api.stripe.com/v1/payment_intents
2026-07-21 10:19:04,817 - INFO - Baþarýlý cevap: 200
2026-07-21 10:19:04,819 - INFO - GET isteði gönderiliyor: https://api.stripe.com/v1/refunds
2026-07-21 10:19:05,304 - INFO - Baþarýlý cevap: 200
2026-07-21 10:19:05,306 - INFO - GET isteði gönderiliyor: https://api.stripe.com/v1/products
2026-07-21 10:19:05,420 - INFO - GET isteði gönderiliyor: https://api.stripe.com/v1/customers
2026-07-21 10:19:05,423 - INFO - GET isteði gönderiliyor: https://api.stripe.com/v1/products
2026-07-21 10:19:05,964 - INFO - Baþarýlý cevap: 200
2026-07-21 10:19:06,068 - INFO - Baþarýlý cevap: 200
2026-07-21 10:19:06,153 - INFO - Baþarýlý cevap: 200
2026-07-21 10:19:09,565 - INFO - GET isteði gönderiliyor: https://api.stripe.com/v1/invoices
2026-07-21 10:19:10,472 - INFO - Baþarýlý cevap: 200
2026-07-21 10:19:13,779 - INFO - GET isteði gönderiliyor: https://api.stripe.com/v1/invoices
2026-07-21 10:19:14,699 - INFO - Baþarýlý cevap: 200
2026-07-21 10:19:15,467 - INFO - GET isteði gönderiliyor: https://api.stripe.com/v1/invoices
2026-07-21 10:19:16,327 - INFO - Baþarýlý cevap: 200
2026-07-21 10:19:16,937 - INFO - GET isteði gönderiliyor: https://api.stripe.com/v1/invoices
2026-07-21 10:19:17,805 - INFO - Baþarýlý cevap: 200
2026-07-21 10:19:18,280 - INFO - GET isteði gönderiliyor: https://api.stripe.com/v1/invoices
2026-07-21 10:19:18,919 - INFO - Baþarýlý cevap: 200
2026-07-21 10:19:21,396 - INFO - GET isteði gönderiliyor: https://api.stripe.com/v1/invoices
2026-07-21 10:19:22,193 - INFO - Baþarýlý cevap: 200
2026-07-21 10:19:24,562 - INFO - GET isteði gönderiliyor: https://api.stripe.com/v1/customers/cus_Uu0jKN86a5Br32
2026-07-21 10:19:25,177 - INFO - Baþarýlý cevap: 200
2026-07-21 10:19:25,192 - INFO - GET isteði gönderiliyor: https://api.stripe.com/v1/payment_intents
2026-07-21 10:19:25,834 - INFO - Baþarýlý cevap: 200
2026-07-21 10:19:28,851 - INFO - GET isteði gönderiliyor: https://api.stripe.com/v1/invoices
2026-07-21 10:19:29,541 - INFO - Baþarýlý cevap: 200
2026-07-21 11:15:56,824 - INFO - POST isteði gönderiliyor: https://api.stripe.com/v1/payment_intents
2026-07-21 11:15:57,784 - INFO - Baþarýlý cevap: 200
2026-07-21 11:15:57,796 - INFO - POST isteði gönderiliyor: https://api.stripe.com/v1/prices
2026-07-21 11:15:58,979 - INFO - Baþarýlý cevap: 200
2026-07-21 11:15:58,991 - INFO - GET isteði gönderiliyor: https://api.stripe.com/v1/products
2026-07-21 11:15:59,579 - INFO - Baþarýlý cevap: 200
2026-07-21 11:16:30,428 - INFO - GET isteði gönderiliyor: https://api.stripe.com/v1/customers
2026-07-21 11:16:31,749 - INFO - Baþarýlý cevap: 200
2026-07-21 11:16:31,750 - INFO - GET isteði gönderiliyor: https://api.stripe.com/v1/customers
2026-07-21 11:16:32,819 - INFO - Baþarýlý cevap: 200
2026-07-21 11:16:32,821 - INFO - GET isteði gönderiliyor: https://api.stripe.com/v1/customers
2026-07-21 11:16:33,693 - INFO - Baþarýlý cevap: 200
2026-07-21 11:16:33,697 - INFO - GET isteði gönderiliyor: https://api.stripe.com/v1/payment_intents
2026-07-21 11:16:34,804 - INFO - Baþarýlý cevap: 200
2026-07-21 11:16:34,807 - INFO - GET isteði gönderiliyor: https://api.stripe.com/v1/refunds
2026-07-21 11:16:35,280 - INFO - Baþarýlý cevap: 200
2026-07-21 11:16:35,284 - INFO - GET isteði gönderiliyor: https://api.stripe.com/v1/products
2026-07-21 11:16:35,330 - INFO - GET isteði gönderiliyor: https://api.stripe.com/v1/customers/cus_Uu0jKN86a5Br32
2026-07-21 11:16:35,817 - INFO - Baþarýlý cevap: 200
2026-07-21 11:16:35,829 - INFO - GET isteði gönderiliyor: https://api.stripe.com/v1/payment_intents
2026-07-21 11:16:35,920 - INFO - Baþarýlý cevap: 200
2026-07-21 11:16:36,370 - INFO - Baþarýlý cevap: 200
2026-07-21 11:16:38,771 - INFO - GET isteði gönderiliyor: https://api.stripe.com/v1/invoices
2026-07-21 11:16:39,437 - INFO - Baþarýlý cevap: 200
2026-07-21 11:17:19,102 - INFO - GET isteði gönderiliyor: https://api.stripe.com/v1/invoices
2026-07-21 11:17:19,871 - INFO - Baþarýlý cevap: 200
2026-07-21 11:27:07,857 - INFO - GET isteði gönderiliyor: https://api.stripe.com/v1/customers
2026-07-21 11:27:08,517 - INFO - Baþarýlý cevap: 200
2026-07-21 11:27:15,946 - INFO - GET isteði gönderiliyor: https://api.stripe.com/v1/customers
2026-07-21 11:27:15,949 - INFO - GET isteði gönderiliyor: https://api.stripe.com/v1/products
2026-07-21 11:27:16,671 - INFO - Baþarýlý cevap: 200
2026-07-21 11:27:17,174 - INFO - Baþarýlý cevap: 200
2026-07-21 11:27:34,202 - INFO - GET isteði gönderiliyor: https://api.stripe.com/v1/customers/cus_Uu0jKN86a5Br32
2026-07-21 11:27:34,845 - INFO - Baþarýlý cevap: 200
2026-07-21 11:27:34,854 - INFO - GET isteði gönderiliyor: https://api.stripe.com/v1/payment_intents
2026-07-21 11:27:35,528 - INFO - Baþarýlý cevap: 200
2026-07-21 11:27:36,690 - INFO - GET isteði gönderiliyor: https://api.stripe.com/v1/invoices
2026-07-21 11:27:37,223 - INFO - Baþarýlý cevap: 200
2026-07-21 11:36:43,380 - INFO - GET isteði gönderiliyor: https://api.stripe.com/v1/customers/cus_Uu0jKN86a5Br32
2026-07-21 11:36:44,107 - INFO - Baþarýlý cevap: 200
2026-07-21 11:36:44,117 - INFO - GET isteði gönderiliyor: https://api.stripe.com/v1/payment_intents
2026-07-21 11:36:44,820 - INFO - Baþarýlý cevap: 200
2026-07-21 11:36:46,327 - INFO - GET isteði gönderiliyor: https://api.stripe.com/v1/invoices
2026-07-21 11:36:46,964 - INFO - Baþarýlý cevap: 200
2026-07-21 11:36:46,976 - INFO - GET isteði gönderiliyor: https://api.stripe.com/v1/invoices
2026-07-21 11:36:47,481 - INFO - Baþarýlý cevap: 200
2026-07-21 11:38:49,163 - INFO - GET isteði gönderiliyor: https://api.stripe.com/v1/customers
2026-07-21 11:38:50,380 - INFO - Baþarýlý cevap: 200
2026-07-21 11:38:50,384 - INFO - GET isteði gönderiliyor: https://api.stripe.com/v1/customers
2026-07-21 11:38:51,777 - INFO - GET isteði gönderiliyor: https://api.stripe.com/v1/customers/cus_Uu0jKN86a5Br32
2026-07-21 11:38:52,330 - INFO - Baþarýlý cevap: 200
2026-07-21 11:38:52,347 - INFO - GET isteði gönderiliyor: https://api.stripe.com/v1/payment_intents
2026-07-21 11:38:52,535 - INFO - Baþarýlý cevap: 200
2026-07-21 11:38:52,536 - INFO - GET isteði gönderiliyor: https://api.stripe.com/v1/customers
2026-07-21 11:38:53,080 - INFO - Baþarýlý cevap: 200
2026-07-21 11:38:53,642 - INFO - Baþarýlý cevap: 200
2026-07-21 11:38:53,645 - INFO - GET isteði gönderiliyor: https://api.stripe.com/v1/payment_intents
2026-07-21 11:38:53,823 - INFO - GET isteði gönderiliyor: https://api.stripe.com/v1/customers/cus_Uu0jKN86a5Br32
2026-07-21 11:38:54,451 - INFO - Baþarýlý cevap: 200
2026-07-21 11:38:54,458 - INFO - GET isteði gönderiliyor: https://api.stripe.com/v1/payment_intents
2026-07-21 11:38:54,865 - INFO - Baþarýlý cevap: 200
2026-07-21 11:38:54,866 - INFO - GET isteði gönderiliyor: https://api.stripe.com/v1/refunds
2026-07-21 11:38:55,236 - INFO - Baþarýlý cevap: 200
2026-07-21 11:38:55,479 - INFO - Baþarýlý cevap: 200
2026-07-21 11:38:55,481 - INFO - GET isteði gönderiliyor: https://api.stripe.com/v1/products
2026-07-21 11:38:55,831 - INFO - GET isteði gönderiliyor: https://api.stripe.com/v1/invoices
2026-07-21 11:38:56,107 - INFO - Baþarýlý cevap: 200
2026-07-21 11:38:56,405 - INFO - Baþarýlý cevap: 200
2026-07-21 11:39:43,639 - INFO - GET isteði gönderiliyor: https://api.stripe.com/v1/customers
2026-07-21 11:39:45,336 - INFO - Baþarýlý cevap: 200
2026-07-21 11:39:45,679 - INFO - GET isteði gönderiliyor: https://api.stripe.com/v1/customers/cus_Uu0jKN86a5Br32
2026-07-21 11:39:46,159 - INFO - Baþarýlý cevap: 200
2026-07-21 11:39:46,167 - INFO - GET isteði gönderiliyor: https://api.stripe.com/v1/payment_intents
2026-07-21 11:39:46,725 - INFO - Baþarýlý cevap: 200
2026-07-21 11:39:46,922 - INFO - GET isteði gönderiliyor: https://api.stripe.com/v1/invoices
2026-07-21 11:39:47,432 - INFO - Baþarýlý cevap: 200
2026-07-21 11:40:03,137 - INFO - GET isteði gönderiliyor: https://api.stripe.com/v1/invoices
2026-07-21 11:40:03,701 - INFO - Baþarýlý cevap: 200
2026-07-21 11:40:27,737 - INFO - GET isteði gönderiliyor: https://api.stripe.com/v1/customers
2026-07-21 11:40:28,336 - INFO - Baþarýlý cevap: 200
2026-07-21 11:40:35,191 - INFO - GET isteði gönderiliyor: https://api.stripe.com/v1/customers
2026-07-21 11:40:35,756 - INFO - Baþarýlý cevap: 200
2026-07-21 11:40:52,976 - INFO - GET isteði gönderiliyor: https://api.stripe.com/v1/customers
2026-07-21 11:40:53,510 - INFO - Baþarýlý cevap: 200
2026-07-21 11:42:47,036 - INFO - GET isteði gönderiliyor: https://api.stripe.com/v1/customers/cus_Uu0jKN86a5Br32
2026-07-21 11:42:47,696 - INFO - Baþarýlý cevap: 200
2026-07-21 11:42:47,709 - INFO - GET isteði gönderiliyor: https://api.stripe.com/v1/payment_intents
2026-07-21 11:42:48,285 - INFO - Baþarýlý cevap: 200
2026-07-21 11:42:50,726 - INFO - GET isteði gönderiliyor: https://api.stripe.com/v1/invoices
2026-07-21 11:42:51,207 - INFO - Baþarýlý cevap: 200
2026-07-21 11:43:01,497 - INFO - GET isteði gönderiliyor: https://api.stripe.com/v1/invoices
2026-07-21 11:43:01,975 - INFO - Baþarýlý cevap: 200
2026-07-21 11:44:21,032 - INFO - GET isteði gönderiliyor: https://api.stripe.com/v1/invoices
2026-07-21 11:44:21,537 - INFO - Baþarýlý cevap: 200
2026-07-21 11:48:44,664 - INFO - GET isteði gönderiliyor: https://api.stripe.com/v1/customers
2026-07-21 11:48:44,669 - INFO - GET isteði gönderiliyor: https://api.stripe.com/v1/products
2026-07-21 11:48:45,473 - INFO - Baþarýlý cevap: 200
2026-07-21 11:48:46,469 - INFO - Baþarýlý cevap: 200
2026-07-21 11:48:59,394 - INFO - GET isteði gönderiliyor: https://api.stripe.com/v1/customers
2026-07-21 11:48:59,397 - INFO - GET isteði gönderiliyor: https://api.stripe.com/v1/products
2026-07-21 11:48:59,975 - INFO - Baþarýlý cevap: 200
2026-07-21 11:49:00,129 - INFO - Baþarýlý cevap: 200
2026-07-21 11:49:01,458 - INFO - GET isteði gönderiliyor: https://api.stripe.com/v1/invoices
2026-07-21 11:49:02,414 - INFO - Baþarýlý cevap: 200
2026-07-21 11:49:18,047 - INFO - GET isteði gönderiliyor: https://api.stripe.com/v1/invoices/in_1TvKiVKBkUL9vnMVepdnWF0a
2026-07-21 11:49:18,792 - INFO - Baþarýlý cevap: 200
2026-07-21 11:49:27,461 - INFO - GET isteði gönderiliyor: https://api.stripe.com/v1/customers
2026-07-21 11:49:28,008 - INFO - Baþarýlý cevap: 200
2026-07-21 11:49:36,343 - INFO - GET isteði gönderiliyor: https://api.stripe.com/v1/customers/cus_Uu0jKN86a5Br32
2026-07-21 11:49:37,185 - INFO - Baþarýlý cevap: 200
2026-07-21 11:49:37,195 - INFO - GET isteði gönderiliyor: https://api.stripe.com/v1/payment_intents
2026-07-21 11:49:37,885 - INFO - Baþarýlý cevap: 200
2026-07-21 11:49:39,327 - INFO - GET isteði gönderiliyor: https://api.stripe.com/v1/invoices
2026-07-21 11:49:39,915 - INFO - Baþarýlý cevap: 200
2026-07-21 11:49:52,191 - INFO - GET isteði gönderiliyor: https://api.stripe.com/v1/customers
2026-07-21 11:49:52,825 - INFO - Baþarýlý cevap: 200
2026-07-21 11:49:53,291 - INFO - GET isteði gönderiliyor: https://api.stripe.com/v1/products
2026-07-21 11:49:53,878 - INFO - Baþarýlý cevap: 200
2026-07-21 11:49:53,929 - INFO - GET isteði gönderiliyor: https://api.stripe.com/v1/customers/cus_Uu0jKN86a5Br32
2026-07-21 11:49:54,427 - INFO - Baþarýlý cevap: 200
2026-07-21 11:49:54,440 - INFO - GET isteði gönderiliyor: https://api.stripe.com/v1/payment_intents
2026-07-21 11:49:55,108 - INFO - Baþarýlý cevap: 200
2026-07-21 11:49:59,016 - INFO - GET isteði gönderiliyor: https://api.stripe.com/v1/customers/cus_Uu0jKN86a5Br32
2026-07-21 11:49:59,522 - INFO - Baþarýlý cevap: 200
2026-07-21 11:49:59,534 - INFO - GET isteði gönderiliyor: https://api.stripe.com/v1/payment_intents
2026-07-21 11:50:00,175 - INFO - Baþarýlý cevap: 200
2026-07-21 11:50:03,227 - INFO - GET isteði gönderiliyor: https://api.stripe.com/v1/invoices
2026-07-21 11:50:03,850 - INFO - Baþarýlý cevap: 200
2026-07-21 12:18:03,744 - INFO - GET isteði gönderiliyor: https://api.stripe.com/v1/customers
2026-07-21 12:18:05,062 - INFO - Baþarýlý cevap: 200
2026-07-21 12:18:05,066 - INFO - GET isteði gönderiliyor: https://api.stripe.com/v1/customers
2026-07-21 12:18:06,200 - INFO - Baþarýlý cevap: 200
2026-07-21 12:18:06,203 - INFO - GET isteði gönderiliyor: https://api.stripe.com/v1/customers
2026-07-21 12:18:07,085 - INFO - Baþarýlý cevap: 200
2026-07-21 12:18:07,089 - INFO - GET isteði gönderiliyor: https://api.stripe.com/v1/payment_intents
2026-07-21 12:18:08,324 - INFO - Baþarýlý cevap: 200
2026-07-21 12:18:08,327 - INFO - GET isteði gönderiliyor: https://api.stripe.com/v1/refunds
2026-07-21 12:18:08,817 - INFO - Baþarýlý cevap: 200
2026-07-21 12:18:08,820 - INFO - GET isteði gönderiliyor: https://api.stripe.com/v1/products
2026-07-21 12:18:09,456 - INFO - Baþarýlý cevap: 200
2026-07-21 12:18:13,601 - INFO - GET isteði gönderiliyor: https://api.stripe.com/v1/customers/cus_Uu0jKN86a5Br32
2026-07-21 12:18:14,142 - INFO - Baþarýlý cevap: 200
2026-07-21 12:18:14,152 - INFO - GET isteði gönderiliyor: https://api.stripe.com/v1/payment_intents
2026-07-21 12:18:14,758 - INFO - Baþarýlý cevap: 200
2026-07-21 12:18:16,898 - INFO - GET isteði gönderiliyor: https://api.stripe.com/v1/invoices
2026-07-21 12:18:17,510 - INFO - Baþarýlý cevap: 200
2026-07-21 12:18:26,582 - INFO - GET isteði gönderiliyor: https://api.stripe.com/v1/payment_intents
2026-07-21 12:18:27,042 - INFO - GET isteði gönderiliyor: https://api.stripe.com/v1/invoices
2026-07-21 12:18:27,226 - INFO - Baþarýlý cevap: 200
2026-07-21 12:18:27,557 - INFO - Baþarýlý cevap: 200
2026-07-21 12:18:43,066 - INFO - GET isteði gönderiliyor: https://api.stripe.com/v1/customers
2026-07-21 12:18:43,069 - INFO - GET isteði gönderiliyor: https://api.stripe.com/v1/products
2026-07-21 12:18:43,739 - INFO - Baþarýlý cevap: 200
2026-07-21 12:18:43,869 - INFO - Baþarýlý cevap: 200
2026-07-21 12:18:56,425 - INFO - POST isteði gönderiliyor: https://api.stripe.com/v1/invoices/create_preview
2026-07-21 12:18:57,160 - INFO - Baþarýlý cevap: 200
2026-07-21 12:18:59,486 - INFO - POST isteði gönderiliyor: https://api.stripe.com/v1/invoices
2026-07-21 12:19:00,208 - INFO - Baþarýlý cevap: 200
2026-07-21 12:19:00,211 - INFO - POST isteði gönderiliyor: https://api.stripe.com/v1/invoiceitems
2026-07-21 12:19:00,918 - INFO - Baþarýlý cevap: 200
2026-07-21 12:19:00,920 - INFO - POST isteði gönderiliyor: https://api.stripe.com/v1/invoices/in_1TvZpHKBkUL9vnMVks0VNMHR/finalize
2026-07-21 12:19:02,436 - INFO - Baþarýlý cevap: 200
2026-07-21 12:19:02,447 - INFO - GET isteði gönderiliyor: https://api.stripe.com/v1/customers
2026-07-21 12:19:03,653 - INFO - GET isteði gönderiliyor: https://api.stripe.com/v1/invoices
2026-07-21 12:19:03,731 - INFO - Baþarýlý cevap: 200
2026-07-21 12:19:03,734 - INFO - GET isteði gönderiliyor: https://api.stripe.com/v1/customers
2026-07-21 12:19:04,608 - INFO - Baþarýlý cevap: 200
2026-07-21 12:19:04,921 - INFO - Baþarýlý cevap: 200
2026-07-21 12:19:04,923 - INFO - GET isteði gönderiliyor: https://api.stripe.com/v1/customers
2026-07-21 12:19:05,785 - INFO - Baþarýlý cevap: 200
2026-07-21 12:19:05,788 - INFO - GET isteði gönderiliyor: https://api.stripe.com/v1/payment_intents
2026-07-21 12:19:06,895 - INFO - Baþarýlý cevap: 200
2026-07-21 12:19:06,900 - INFO - GET isteði gönderiliyor: https://api.stripe.com/v1/refunds
2026-07-21 12:19:07,424 - INFO - Baþarýlý cevap: 200
2026-07-21 12:19:07,427 - INFO - GET isteði gönderiliyor: https://api.stripe.com/v1/products
2026-07-21 12:19:08,066 - INFO - Baþarýlý cevap: 200
2026-07-21 12:19:10,597 - INFO - GET isteði gönderiliyor: https://api.stripe.com/v1/invoices
2026-07-21 12:19:11,248 - INFO - Baþarýlý cevap: 200
2026-07-21 12:20:05,185 - INFO - GET isteði gönderiliyor: https://api.stripe.com/v1/customers/cus_Uu0jKN86a5Br32
2026-07-21 12:20:05,872 - INFO - Baþarýlý cevap: 200
2026-07-21 12:20:05,880 - INFO - GET isteði gönderiliyor: https://api.stripe.com/v1/payment_intents
2026-07-21 12:20:06,552 - INFO - Baþarýlý cevap: 200
2026-07-21 12:20:07,602 - INFO - GET isteði gönderiliyor: https://api.stripe.com/v1/invoices
2026-07-21 12:20:08,280 - INFO - Baþarýlý cevap: 200
2026-07-21 12:20:09,337 - INFO - GET isteði gönderiliyor: https://api.stripe.com/v1/payment_intents
2026-07-21 12:20:09,984 - INFO - Baþarýlý cevap: 200
2026-07-21 12:20:10,525 - INFO - GET isteði gönderiliyor: https://api.stripe.com/v1/invoices
2026-07-21 12:20:11,049 - INFO - Baþarýlý cevap: 200
2026-07-21 12:20:30,028 - INFO - GET isteði gönderiliyor: https://api.stripe.com/v1/invoices
2026-07-21 12:20:30,856 - INFO - Baþarýlý cevap: 200
2026-07-21 12:20:33,587 - INFO - GET isteði gönderiliyor: https://api.stripe.com/v1/invoices
2026-07-21 12:20:34,181 - INFO - Baþarýlý cevap: 200
2026-07-21 12:20:39,230 - INFO - GET isteði gönderiliyor: https://api.stripe.com/v1/invoices
2026-07-21 12:20:39,857 - INFO - Baþarýlý cevap: 200
2026-07-21 12:28:50,728 - INFO - GET isteði gönderiliyor: https://api.stripe.com/v1/invoices
2026-07-21 12:28:51,466 - INFO - Baþarýlý cevap: 200
2026-07-21 12:28:53,774 - INFO - GET isteði gönderiliyor: https://api.stripe.com/v1/invoices
2026-07-21 12:28:54,392 - INFO - Baþarýlý cevap: 200
2026-07-21 12:28:57,170 - INFO - GET isteði gönderiliyor: https://api.stripe.com/v1/payment_intents
2026-07-21 12:28:57,816 - INFO - Baþarýlý cevap: 200
2026-07-21 12:29:01,324 - INFO - GET isteði gönderiliyor: https://api.stripe.com/v1/invoices
2026-07-21 12:29:01,841 - INFO - Baþarýlý cevap: 200
2026-07-21 12:29:08,252 - INFO - GET isteði gönderiliyor: https://api.stripe.com/v1/invoices
2026-07-21 12:29:08,960 - INFO - Baþarýlý cevap: 200
2026-07-21 12:40:03,425 - INFO - POST isteði gönderiliyor: https://api.stripe.com/v1/payment_intents
2026-07-21 12:40:04,061 - INFO - Baþarýlý cevap: 200
2026-07-21 12:40:04,076 - INFO - POST isteði gönderiliyor: https://api.stripe.com/v1/prices
2026-07-21 12:40:04,649 - INFO - Baþarýlý cevap: 200
2026-07-21 12:40:04,664 - INFO - GET isteði gönderiliyor: https://api.stripe.com/v1/products
2026-07-21 12:40:05,267 - INFO - Baþarýlý cevap: 200
2026-07-21 12:40:39,540 - INFO - GET isteði gönderiliyor: https://api.stripe.com/v1/customers
2026-07-21 12:40:41,069 - INFO - Baþarýlý cevap: 200
2026-07-21 12:40:41,073 - INFO - GET isteði gönderiliyor: https://api.stripe.com/v1/customers
2026-07-21 12:40:42,651 - INFO - Baþarýlý cevap: 200
2026-07-21 12:40:42,655 - INFO - GET isteði gönderiliyor: https://api.stripe.com/v1/customers
2026-07-21 12:40:43,766 - INFO - Baþarýlý cevap: 200
2026-07-21 12:40:43,770 - INFO - GET isteði gönderiliyor: https://api.stripe.com/v1/payment_intents
2026-07-21 12:40:45,050 - INFO - Baþarýlý cevap: 200
2026-07-21 12:40:45,053 - INFO - GET isteði gönderiliyor: https://api.stripe.com/v1/refunds
2026-07-21 12:40:45,712 - INFO - Baþarýlý cevap: 200
2026-07-21 12:40:45,714 - INFO - GET isteði gönderiliyor: https://api.stripe.com/v1/products
2026-07-21 12:40:46,498 - INFO - Baþarýlý cevap: 200
2026-07-21 12:40:50,866 - INFO - GET isteði gönderiliyor: https://api.stripe.com/v1/customers/cus_Uu0jKN86a5Br32
2026-07-21 12:40:51,445 - INFO - Baþarýlý cevap: 200
2026-07-21 12:40:51,471 - INFO - GET isteði gönderiliyor: https://api.stripe.com/v1/payment_intents
2026-07-21 12:40:52,071 - INFO - Baþarýlý cevap: 200
2026-07-21 12:40:54,433 - INFO - GET isteði gönderiliyor: https://api.stripe.com/v1/invoices
2026-07-21 12:40:55,468 - INFO - Baþarýlý cevap: 200
2026-07-21 12:42:53,383 - INFO - POST isteði gönderiliyor: https://api.stripe.com/v1/payment_intents
2026-07-21 12:42:56,092 - INFO - Baþarýlý cevap: 200
2026-07-21 12:42:56,099 - INFO - POST isteði gönderiliyor: https://api.stripe.com/v1/prices
2026-07-21 12:42:56,658 - INFO - Baþarýlý cevap: 200
2026-07-21 12:42:56,667 - INFO - GET isteði gönderiliyor: https://api.stripe.com/v1/products
2026-07-21 12:42:57,558 - INFO - Baþarýlý cevap: 200
2026-07-21 12:43:07,012 - INFO - GET isteði gönderiliyor: https://api.stripe.com/v1/customers
2026-07-21 12:43:07,838 - INFO - Baþarýlý cevap: 200
2026-07-21 12:43:07,842 - INFO - GET isteði gönderiliyor: https://api.stripe.com/v1/customers
2026-07-21 12:43:08,611 - INFO - Baþarýlý cevap: 200
2026-07-21 12:43:08,614 - INFO - GET isteði gönderiliyor: https://api.stripe.com/v1/customers
2026-07-21 12:43:10,801 - INFO - Baþarýlý cevap: 200
2026-07-21 12:43:10,805 - INFO - GET isteði gönderiliyor: https://api.stripe.com/v1/payment_intents
2026-07-21 12:43:11,977 - INFO - Baþarýlý cevap: 200
2026-07-21 12:43:11,981 - INFO - GET isteði gönderiliyor: https://api.stripe.com/v1/refunds
2026-07-21 12:43:12,555 - INFO - Baþarýlý cevap: 200
2026-07-21 12:43:12,559 - INFO - GET isteði gönderiliyor: https://api.stripe.com/v1/products
2026-07-21 12:43:13,274 - INFO - Baþarýlý cevap: 200
2026-07-21 12:43:16,236 - INFO - GET isteði gönderiliyor: https://api.stripe.com/v1/customers/cus_Uu0jKN86a5Br32
2026-07-21 12:43:16,817 - INFO - Baþarýlý cevap: 200
2026-07-21 12:43:16,866 - INFO - GET isteði gönderiliyor: https://api.stripe.com/v1/payment_intents
2026-07-21 12:43:17,675 - INFO - Baþarýlý cevap: 200
2026-07-21 12:43:18,324 - INFO - GET isteði gönderiliyor: https://api.stripe.com/v1/customers/cus_Uu0jKN86a5Br32
2026-07-21 12:43:18,801 - INFO - Baþarýlý cevap: 200
2026-07-21 12:43:18,820 - INFO - GET isteði gönderiliyor: https://api.stripe.com/v1/payment_intents
2026-07-21 12:43:19,620 - INFO - Baþarýlý cevap: 200
2026-07-21 12:43:23,539 - INFO - GET isteði gönderiliyor: https://api.stripe.com/v1/customers/cus_Uu0jKN86a5Br32
2026-07-21 12:43:24,230 - INFO - Baþarýlý cevap: 200
2026-07-21 12:43:24,263 - INFO - GET isteði gönderiliyor: https://api.stripe.com/v1/payment_intents
2026-07-21 12:43:24,938 - INFO - Baþarýlý cevap: 200
2026-07-21 12:43:27,274 - INFO - GET isteði gönderiliyor: https://api.stripe.com/v1/invoices
2026-07-21 12:43:28,211 - INFO - Baþarýlý cevap: 200
2026-07-21 12:43:36,861 - INFO - GET isteði gönderiliyor: https://api.stripe.com/v1/invoices
2026-07-21 12:43:37,489 - INFO - Baþarýlý cevap: 200
2026-07-21 12:43:42,497 - INFO - GET isteði gönderiliyor: https://api.stripe.com/v1/payment_intents
2026-07-21 12:43:43,024 - INFO - GET isteði gönderiliyor: https://api.stripe.com/v1/invoices
2026-07-21 12:43:43,277 - INFO - Baþarýlý cevap: 200
2026-07-21 12:43:43,692 - INFO - Baþarýlý cevap: 200
2026-07-21 12:43:58,436 - INFO - GET isteði gönderiliyor: https://api.stripe.com/v1/invoices
2026-07-21 12:44:00,581 - INFO - Baþarýlý cevap: 200
2026-07-21 12:44:02,742 - INFO - GET isteði gönderiliyor: https://api.stripe.com/v1/invoices
2026-07-21 12:44:03,448 - INFO - Baþarýlý cevap: 200
2026-07-21 12:44:10,416 - INFO - GET isteði gönderiliyor: https://api.stripe.com/v1/invoices
2026-07-21 12:44:11,129 - INFO - Baþarýlý cevap: 200
2026-07-21 12:44:12,820 - INFO - GET isteði gönderiliyor: https://api.stripe.com/v1/invoices
2026-07-21 12:44:13,437 - INFO - Baþarýlý cevap: 200
2026-07-21 15:20:57,134 - INFO - GET isteði gönderiliyor: https://api.stripe.com/v1/customers/cus_Uu0jKN86a5Br32
2026-07-21 15:20:58,193 - INFO - Baþarýlý cevap: 200
2026-07-21 15:20:58,210 - INFO - GET isteði gönderiliyor: https://api.stripe.com/v1/payment_intents
2026-07-21 15:20:58,956 - INFO - Baþarýlý cevap: 200
2026-07-21 15:21:00,870 - INFO - GET isteði gönderiliyor: https://api.stripe.com/v1/invoices
2026-07-21 15:21:01,621 - INFO - Baþarýlý cevap: 200
2026-07-21 15:21:11,136 - INFO - GET isteði gönderiliyor: https://api.stripe.com/v1/invoices
2026-07-21 15:21:11,755 - INFO - Baþarýlý cevap: 200
2026-07-21 15:21:30,106 - INFO - GET isteði gönderiliyor: https://api.stripe.com/v1/invoices
2026-07-21 15:21:41,190 - ERROR - Sunucuya baðlanýlamadý: https://api.stripe.com/v1/invoices
2026-07-21 15:21:48,924 - INFO - GET isteði gönderiliyor: https://api.stripe.com/v1/customers
2026-07-21 15:21:56,416 - INFO - GET isteði gönderiliyor: https://api.stripe.com/v1/customers
2026-07-21 15:21:58,934 - ERROR - Sunucuya baðlanýlamadý: https://api.stripe.com/v1/customers
2026-07-21 15:21:58,934 - ERROR - Sunucuya baðlanýlamadý: https://api.stripe.com/v1/customers
2026-07-21 15:21:58,936 - INFO - GET isteði gönderiliyor: https://api.stripe.com/v1/payment_intents
2026-07-21 15:21:58,945 - ERROR - Sunucuya baðlanýlamadý: https://api.stripe.com/v1/payment_intents
2026-07-21 15:21:58,946 - INFO - GET isteði gönderiliyor: https://api.stripe.com/v1/refunds
2026-07-21 15:21:58,949 - ERROR - Sunucuya baðlanýlamadý: https://api.stripe.com/v1/refunds
2026-07-21 15:21:58,950 - INFO - GET isteði gönderiliyor: https://api.stripe.com/v1/products
2026-07-21 15:21:58,952 - ERROR - Sunucuya baðlanýlamadý: https://api.stripe.com/v1/products
2026-07-21 15:22:08,904 - INFO - GET isteði gönderiliyor: https://api.stripe.com/v1/customers
2026-07-21 15:22:09,820 - INFO - GET isteði gönderiliyor: https://api.stripe.com/v1/products
2026-07-21 15:22:26,390 - INFO - GET isteði gönderiliyor: https://api.stripe.com/v1/customers
2026-07-21 15:22:36,401 - ERROR - Sunucuya baðlanýlamadý: https://api.stripe.com/v1/customers
2026-07-21 15:22:36,404 - INFO - GET isteði gönderiliyor: https://api.stripe.com/v1/payment_intents
2026-07-21 15:22:36,409 - ERROR - Sunucuya baðlanýlamadý: https://api.stripe.com/v1/payment_intents
2026-07-21 15:22:36,410 - INFO - GET isteði gönderiliyor: https://api.stripe.com/v1/refunds
2026-07-21 15:22:36,411 - ERROR - Sunucuya baðlanýlamadý: https://api.stripe.com/v1/refunds
2026-07-21 15:22:36,413 - INFO - GET isteði gönderiliyor: https://api.stripe.com/v1/products
2026-07-21 15:22:36,415 - ERROR - Sunucuya baðlanýlamadý: https://api.stripe.com/v1/products
2026-07-21 15:22:41,278 - INFO - GET isteði gönderiliyor: https://api.stripe.com/v1/customers
2026-07-21 15:22:44,003 - INFO - Baþarýlý cevap: 200
2026-07-21 15:22:54,725 - INFO - GET isteði gönderiliyor: https://api.stripe.com/v1/products
2026-07-21 15:22:56,396 - INFO - Baþarýlý cevap: 200
2026-07-21 15:23:10,369 - INFO - GET isteði gönderiliyor: https://api.stripe.com/v1/customers
2026-07-21 15:23:12,313 - INFO - Baþarýlý cevap: 200
2026-07-21 15:23:12,317 - INFO - GET isteði gönderiliyor: https://api.stripe.com/v1/customers
2026-07-21 15:23:15,040 - INFO - Baþarýlý cevap: 200
2026-07-21 15:23:15,044 - INFO - GET isteði gönderiliyor: https://api.stripe.com/v1/customers
2026-07-21 15:23:16,681 - INFO - GET isteði gönderiliyor: https://api.stripe.com/v1/customers
2026-07-21 15:23:16,714 - INFO - Baþarýlý cevap: 200
2026-07-21 15:23:16,716 - INFO - GET isteði gönderiliyor: https://api.stripe.com/v1/payment_intents
2026-07-21 15:23:17,293 - INFO - Baþarýlý cevap: 200
2026-07-21 15:23:19,306 - INFO - Baþarýlý cevap: 200
2026-07-21 15:23:19,308 - INFO - GET isteði gönderiliyor: https://api.stripe.com/v1/refunds
2026-07-21 15:23:19,996 - INFO - GET isteði gönderiliyor: https://api.stripe.com/v1/payment_intents
2026-07-21 15:23:20,020 - INFO - Baþarýlý cevap: 200
2026-07-21 15:23:20,022 - INFO - GET isteði gönderiliyor: https://api.stripe.com/v1/products
2026-07-21 15:23:20,840 - INFO - Baþarýlý cevap: 200
2026-07-21 15:23:20,929 - INFO - Baþarýlý cevap: 200
2026-07-21 15:23:22,829 - INFO - GET isteði gönderiliyor: https://api.stripe.com/v1/customers/cus_Uu0jKN86a5Br32
2026-07-21 15:23:23,328 - INFO - Baþarýlý cevap: 200
2026-07-21 15:23:23,338 - INFO - GET isteði gönderiliyor: https://api.stripe.com/v1/payment_intents
2026-07-21 15:23:24,032 - INFO - Baþarýlý cevap: 200
2026-07-21 15:23:28,371 - INFO - GET isteði gönderiliyor: https://api.stripe.com/v1/invoices
2026-07-21 15:23:29,077 - INFO - Baþarýlý cevap: 200
2026-07-21 15:23:33,347 - INFO - GET isteði gönderiliyor: https://api.stripe.com/v1/invoices
2026-07-21 15:23:33,907 - INFO - Baþarýlý cevap: 200
2026-07-21 15:23:48,237 - INFO - GET isteði gönderiliyor: https://api.stripe.com/v1/invoices
2026-07-21 15:23:48,886 - INFO - Baþarýlý cevap: 200
2026-07-21 15:24:29,702 - INFO - GET isteði gönderiliyor: https://api.stripe.com/v1/invoices
2026-07-21 15:24:30,399 - INFO - Baþarýlý cevap: 200
2026-07-21 15:27:07,607 - INFO - GET isteði gönderiliyor: https://api.stripe.com/v1/invoices
2026-07-21 15:27:08,517 - INFO - Baþarýlý cevap: 200
2026-07-21 15:34:50,111 - INFO - GET isteði gönderiliyor: https://api.stripe.com/v1/customers/cus_Uu0jKN86a5Br32
2026-07-21 15:34:50,817 - INFO - Baþarýlý cevap: 200
2026-07-21 15:34:50,826 - INFO - GET isteði gönderiliyor: https://api.stripe.com/v1/payment_intents
2026-07-21 15:34:51,580 - INFO - Baþarýlý cevap: 200
2026-07-21 15:34:53,907 - INFO - GET isteði gönderiliyor: https://api.stripe.com/v1/invoices
2026-07-21 15:34:54,750 - INFO - Baþarýlý cevap: 200
2026-07-21 15:47:05,297 - INFO - GET isteði gönderiliyor: https://api.stripe.com/v1/customers/cus_Uu0jKN86a5Br32
2026-07-21 15:47:05,918 - INFO - Baþarýlý cevap: 200
2026-07-21 15:47:05,930 - INFO - GET isteði gönderiliyor: https://api.stripe.com/v1/payment_intents
2026-07-21 15:47:06,558 - INFO - Baþarýlý cevap: 200
2026-07-21 15:47:08,891 - INFO - GET isteði gönderiliyor: https://api.stripe.com/v1/invoices
2026-07-21 15:47:09,674 - INFO - Baþarýlý cevap: 200
2026-07-21 15:47:12,032 - INFO - GET isteði gönderiliyor: https://api.stripe.com/v1/invoices
2026-07-21 15:47:12,592 - INFO - Baþarýlý cevap: 200
2026-07-21 15:47:22,429 - INFO - GET isteði gönderiliyor: https://api.stripe.com/v1/invoices
2026-07-21 15:47:22,956 - INFO - Baþarýlý cevap: 200
2026-07-21 16:01:10,963 - INFO - GET isteði gönderiliyor: https://api.stripe.com/v1/customers/cus_Uu0jKN86a5Br32
2026-07-21 16:01:11,647 - INFO - Baþarýlý cevap: 200
2026-07-21 16:01:11,660 - INFO - GET isteði gönderiliyor: https://api.stripe.com/v1/payment_intents
2026-07-21 16:01:12,301 - INFO - Baþarýlý cevap: 200
2026-07-21 16:01:15,259 - INFO - GET isteði gönderiliyor: https://api.stripe.com/v1/invoices
2026-07-21 16:01:15,834 - INFO - Baþarýlý cevap: 200
2026-07-21 16:01:20,129 - INFO - GET isteði gönderiliyor: https://api.stripe.com/v1/invoices
2026-07-21 16:01:20,618 - INFO - Baþarýlý cevap: 200
2026-07-21 16:01:30,383 - INFO - POST isteði gönderiliyor: https://api.stripe.com/v1/payment_intents
2026-07-21 16:01:31,090 - INFO - Baþarýlý cevap: 200
2026-07-21 16:01:32,624 - INFO - GET isteði gönderiliyor: https://api.stripe.com/v1/payment_intents
2026-07-21 16:01:33,259 - INFO - Baþarýlý cevap: 200
2026-07-21 16:01:42,068 - INFO - GET isteði gönderiliyor: https://api.stripe.com/v1/invoices
2026-07-21 16:01:42,581 - INFO - Baþarýlý cevap: 200
2026-07-21 16:01:50,827 - INFO - GET isteði gönderiliyor: https://api.stripe.com/v1/invoices
2026-07-21 16:01:51,629 - INFO - Baþarýlý cevap: 200
2026-07-21 16:02:07,960 - INFO - GET isteði gönderiliyor: https://api.stripe.com/v1/invoices/in_1TvZpHKBkUL9vnMVks0VNMHR
2026-07-21 16:02:08,573 - INFO - Baþarýlý cevap: 200
2026-07-21 16:05:13,939 - INFO - GET isteði gönderiliyor: https://api.stripe.com/v1/customers
2026-07-21 16:05:15,713 - INFO - Baþarýlý cevap: 200
2026-07-21 16:05:15,718 - INFO - GET isteði gönderiliyor: https://api.stripe.com/v1/customers
2026-07-21 16:05:17,481 - INFO - Baþarýlý cevap: 200
2026-07-21 16:05:17,483 - INFO - GET isteði gönderiliyor: https://api.stripe.com/v1/customers
2026-07-21 16:05:18,422 - INFO - Baþarýlý cevap: 200
2026-07-21 16:05:18,425 - INFO - GET isteði gönderiliyor: https://api.stripe.com/v1/payment_intents
2026-07-21 16:05:19,541 - INFO - Baþarýlý cevap: 200
2026-07-21 16:05:19,542 - INFO - GET isteði gönderiliyor: https://api.stripe.com/v1/refunds
2026-07-21 16:05:20,012 - INFO - Baþarýlý cevap: 200
2026-07-21 16:05:20,013 - INFO - GET isteði gönderiliyor: https://api.stripe.com/v1/products
2026-07-21 16:05:20,895 - INFO - Baþarýlý cevap: 200
2026-07-21 16:06:53,640 - INFO - GET isteði gönderiliyor: https://api.stripe.com/v1/payment_intents
2026-07-21 16:06:54,309 - INFO - Baþarýlý cevap: 200
2026-07-21 16:06:54,989 - INFO - GET isteði gönderiliyor: https://api.stripe.com/v1/invoices
2026-07-21 16:06:55,710 - INFO - Baþarýlý cevap: 200
2026-07-21 16:08:17,112 - INFO - GET isteði gönderiliyor: https://api.stripe.com/v1/invoices
2026-07-21 16:08:17,768 - INFO - Baþarýlý cevap: 200
2026-07-21 16:26:17,973 - INFO - GET isteði gönderiliyor: https://api.stripe.com/v1/customers/cus_Uu0jKN86a5Br32
2026-07-21 16:26:18,584 - INFO - Baþarýlý cevap: 200
2026-07-21 16:26:18,597 - INFO - GET isteði gönderiliyor: https://api.stripe.com/v1/payment_intents
2026-07-21 16:26:19,211 - INFO - Baþarýlý cevap: 200
2026-07-21 16:26:21,169 - INFO - GET isteði gönderiliyor: https://api.stripe.com/v1/invoices
2026-07-21 16:26:21,780 - INFO - Baþarýlý cevap: 200
2026-07-21 16:26:24,083 - INFO - GET isteði gönderiliyor: https://api.stripe.com/v1/invoices
2026-07-21 16:26:24,771 - INFO - Baþarýlý cevap: 200
2026-07-21 16:26:25,825 - INFO - GET isteði gönderiliyor: https://api.stripe.com/v1/invoices
2026-07-21 16:26:26,545 - INFO - Baþarýlý cevap: 200
2026-07-21 16:28:01,301 - INFO - GET isteði gönderiliyor: https://api.stripe.com/v1/customers/cus_Uu0jKN86a5Br32
2026-07-21 16:28:02,125 - INFO - Baþarýlý cevap: 200
2026-07-21 16:28:02,150 - INFO - GET isteði gönderiliyor: https://api.stripe.com/v1/payment_intents
2026-07-21 16:28:02,910 - INFO - Baþarýlý cevap: 200
2026-07-21 16:28:04,513 - INFO - GET isteði gönderiliyor: https://api.stripe.com/v1/invoices
2026-07-21 16:28:05,387 - INFO - Baþarýlý cevap: 200
2026-07-21 16:28:10,549 - INFO - GET isteði gönderiliyor: https://api.stripe.com/v1/invoices
2026-07-21 16:28:11,138 - INFO - Baþarýlý cevap: 200
2026-07-21 16:28:12,039 - INFO - GET isteði gönderiliyor: https://api.stripe.com/v1/invoices
2026-07-21 16:28:12,524 - INFO - Baþarýlý cevap: 200
2026-07-21 18:28:03,030 - INFO - GET isteði gönderiliyor: https://api.stripe.com/v1/products
2026-07-21 18:28:03,664 - INFO - Baþarýlý cevap: 200
2026-07-21 18:29:40,122 - INFO - POST isteði gönderiliyor: https://api.stripe.com/v1/payment_intents
2026-07-21 18:29:41,517 - INFO - Baþarýlý cevap: 200
2026-07-21 18:29:41,525 - INFO - POST isteði gönderiliyor: https://api.stripe.com/v1/prices
2026-07-21 18:29:42,340 - INFO - Baþarýlý cevap: 200
2026-07-21 18:29:42,346 - INFO - GET isteði gönderiliyor: https://api.stripe.com/v1/products
2026-07-21 18:29:43,167 - INFO - Baþarýlý cevap: 200
2026-07-21 18:44:05,861 - INFO - GET isteði gönderiliyor: https://api.stripe.com/v1/customers
2026-07-21 18:44:07,433 - INFO - Baþarýlý cevap: 200
2026-07-21 18:44:07,438 - INFO - GET isteði gönderiliyor: https://api.stripe.com/v1/customers
2026-07-21 18:44:08,685 - INFO - Baþarýlý cevap: 200
2026-07-21 18:44:08,689 - INFO - GET isteði gönderiliyor: https://api.stripe.com/v1/customers
2026-07-21 18:44:09,332 - INFO - GET isteði gönderiliyor: https://api.stripe.com/v1/customers/cus_Uu0jKN86a5Br32
2026-07-21 18:44:09,584 - INFO - Baþarýlý cevap: 200
2026-07-21 18:44:09,589 - INFO - GET isteði gönderiliyor: https://api.stripe.com/v1/payment_intents
2026-07-21 18:44:09,837 - INFO - Baþarýlý cevap: 200
2026-07-21 18:44:09,849 - INFO - GET isteði gönderiliyor: https://api.stripe.com/v1/payment_intents
2026-07-21 18:44:10,599 - INFO - Baþarýlý cevap: 200
2026-07-21 18:44:10,818 - INFO - Baþarýlý cevap: 200
2026-07-21 18:44:10,821 - INFO - GET isteði gönderiliyor: https://api.stripe.com/v1/refunds
2026-07-21 18:44:11,338 - INFO - Baþarýlý cevap: 200
2026-07-21 18:44:11,342 - INFO - GET isteði gönderiliyor: https://api.stripe.com/v1/products
2026-07-21 18:44:11,980 - INFO - Baþarýlý cevap: 200
2026-07-21 18:44:13,012 - INFO - GET isteði gönderiliyor: https://api.stripe.com/v1/invoices
2026-07-21 18:44:13,685 - INFO - Baþarýlý cevap: 200
2026-07-21 18:44:17,293 - INFO - GET isteði gönderiliyor: https://api.stripe.com/v1/invoices
2026-07-21 18:44:17,862 - INFO - Baþarýlý cevap: 200
2026-07-22 09:16:27,501 - INFO - GET isteði gönderiliyor: https://api.stripe.com/v1/customers
2026-07-22 09:16:28,742 - INFO - Baþarýlý cevap: 200
2026-07-22 09:16:28,747 - INFO - GET isteði gönderiliyor: https://api.stripe.com/v1/customers
2026-07-22 09:16:30,334 - INFO - Baþarýlý cevap: 200
2026-07-22 09:16:30,339 - INFO - GET isteði gönderiliyor: https://api.stripe.com/v1/customers
2026-07-22 09:16:31,274 - INFO - Baþarýlý cevap: 200
2026-07-22 09:16:31,280 - INFO - GET isteði gönderiliyor: https://api.stripe.com/v1/payment_intents
2026-07-22 09:16:32,466 - INFO - Baþarýlý cevap: 200
2026-07-22 09:16:32,470 - INFO - GET isteði gönderiliyor: https://api.stripe.com/v1/refunds
2026-07-22 09:16:33,128 - INFO - Baþarýlý cevap: 200
2026-07-22 09:16:33,131 - INFO - GET isteði gönderiliyor: https://api.stripe.com/v1/products
2026-07-22 09:16:33,793 - INFO - Baþarýlý cevap: 200
2026-07-22 09:17:07,258 - INFO - GET isteði gönderiliyor: https://api.stripe.com/v1/customers
2026-07-22 09:17:07,260 - INFO - GET isteði gönderiliyor: https://api.stripe.com/v1/products
2026-07-22 09:17:08,121 - INFO - Baþarýlý cevap: 200
2026-07-22 09:17:08,185 - INFO - Baþarýlý cevap: 200
2026-07-22 09:17:12,930 - INFO - GET isteði gönderiliyor: https://api.stripe.com/v1/payment_intents
2026-07-22 09:17:13,830 - INFO - Baþarýlý cevap: 200
2026-07-22 09:17:19,525 - INFO - GET isteði gönderiliyor: https://api.stripe.com/v1/payment_intents
2026-07-22 09:17:20,530 - INFO - Baþarýlý cevap: 200
2026-07-22 09:17:22,033 - INFO - GET isteði gönderiliyor: https://api.stripe.com/v1/payment_intents
2026-07-22 09:17:22,827 - INFO - Baþarýlý cevap: 200
2026-07-22 09:17:23,576 - INFO - GET isteði gönderiliyor: https://api.stripe.com/v1/payment_intents
2026-07-22 09:17:23,617 - INFO - GET isteði gönderiliyor: https://api.stripe.com/v1/payment_intents
2026-07-22 09:17:24,398 - INFO - Baþarýlý cevap: 200
2026-07-22 09:17:24,441 - INFO - Baþarýlý cevap: 200
2026-07-22 09:17:25,672 - INFO - GET isteði gönderiliyor: https://api.stripe.com/v1/payment_intents
2026-07-22 09:17:26,550 - INFO - Baþarýlý cevap: 200
2026-07-22 09:17:33,554 - INFO - GET isteði gönderiliyor: https://api.stripe.com/v1/payment_intents
2026-07-22 09:17:34,390 - INFO - Baþarýlý cevap: 200
2026-07-22 09:17:34,518 - INFO - GET isteði gönderiliyor: https://api.stripe.com/v1/payment_intents
2026-07-22 09:17:35,379 - INFO - Baþarýlý cevap: 200
2026-07-22 09:17:35,702 - INFO - GET isteði gönderiliyor: https://api.stripe.com/v1/payment_intents
2026-07-22 09:17:36,591 - INFO - Baþarýlý cevap: 200
2026-07-22 09:17:37,197 - INFO - GET isteði gönderiliyor: https://api.stripe.com/v1/payment_intents
2026-07-22 09:17:38,122 - INFO - Baþarýlý cevap: 200
2026-07-22 09:17:38,825 - INFO - GET isteði gönderiliyor: https://api.stripe.com/v1/payment_intents
2026-07-22 09:17:39,974 - INFO - Baþarýlý cevap: 200
2026-07-22 09:18:40,918 - INFO - GET isteði gönderiliyor: https://api.stripe.com/v1/customers
2026-07-22 09:18:41,828 - INFO - Baþarýlý cevap: 200
2026-07-22 09:18:41,832 - INFO - GET isteði gönderiliyor: https://api.stripe.com/v1/customers
2026-07-22 09:18:42,785 - INFO - Baþarýlý cevap: 200
2026-07-22 09:18:42,789 - INFO - GET isteði gönderiliyor: https://api.stripe.com/v1/customers
2026-07-22 09:18:43,475 - INFO - Baþarýlý cevap: 200
2026-07-22 09:18:43,477 - INFO - GET isteði gönderiliyor: https://api.stripe.com/v1/payment_intents
2026-07-22 09:18:44,730 - INFO - Baþarýlý cevap: 200
2026-07-22 09:18:44,733 - INFO - GET isteði gönderiliyor: https://api.stripe.com/v1/refunds
2026-07-22 09:18:44,964 - INFO - GET isteði gönderiliyor: https://api.stripe.com/v1/customers
2026-07-22 09:18:45,241 - INFO - Baþarýlý cevap: 200
2026-07-22 09:18:45,244 - INFO - GET isteði gönderiliyor: https://api.stripe.com/v1/products
2026-07-22 09:18:45,566 - INFO - Baþarýlý cevap: 200
2026-07-22 09:18:45,910 - INFO - Baþarýlý cevap: 200
2026-07-22 09:19:02,251 - INFO - POST isteði gönderiliyor: https://api.stripe.com/v1/payment_intents
2026-07-22 09:19:03,013 - INFO - Baþarýlý cevap: 200
2026-07-22 09:19:03,121 - INFO - GET isteði gönderiliyor: https://api.stripe.com/v1/customers
2026-07-22 09:19:03,145 - INFO - GET isteði gönderiliyor: https://api.stripe.com/v1/payment_intents
2026-07-22 09:19:03,963 - INFO - Baþarýlý cevap: 200
2026-07-22 09:19:03,979 - INFO - Baþarýlý cevap: 200
2026-07-22 09:19:03,982 - INFO - GET isteði gönderiliyor: https://api.stripe.com/v1/customers
2026-07-22 09:19:04,711 - INFO - Baþarýlý cevap: 200
2026-07-22 09:19:04,714 - INFO - GET isteði gönderiliyor: https://api.stripe.com/v1/customers
2026-07-22 09:19:05,367 - INFO - Baþarýlý cevap: 200
2026-07-22 09:19:05,371 - INFO - GET isteði gönderiliyor: https://api.stripe.com/v1/payment_intents
2026-07-22 09:19:06,658 - INFO - Baþarýlý cevap: 200
2026-07-22 09:19:06,662 - INFO - GET isteði gönderiliyor: https://api.stripe.com/v1/refunds
2026-07-22 09:19:07,188 - INFO - Baþarýlý cevap: 200
2026-07-22 09:19:07,190 - INFO - GET isteði gönderiliyor: https://api.stripe.com/v1/products
2026-07-22 09:19:07,842 - INFO - Baþarýlý cevap: 200
2026-07-22 09:19:41,173 - INFO - GET isteði gönderiliyor: https://api.stripe.com/v1/payment_intents/pi_3TvtUgKBkUL9vnMV0xxTaz1E
2026-07-22 09:19:41,796 - INFO - Baþarýlý cevap: 200
2026-07-22 09:35:32,728 - INFO - GET isteði gönderiliyor: https://api.stripe.com/v1/customers/cus_Uu0jKN86a5Br32
2026-07-22 09:35:33,307 - INFO - Baþarýlý cevap: 200
2026-07-22 09:35:33,355 - INFO - GET isteði gönderiliyor: https://api.stripe.com/v1/payment_intents
2026-07-22 09:35:33,983 - INFO - Baþarýlý cevap: 200
2026-07-22 09:35:58,002 - INFO - GET isteði gönderiliyor: https://api.stripe.com/v1/invoices
2026-07-22 09:35:58,951 - INFO - Baþarýlý cevap: 200
2026-07-22 09:36:42,220 - INFO - GET isteði gönderiliyor: https://api.stripe.com/v1/invoices
2026-07-22 09:36:42,828 - INFO - Baþarýlý cevap: 200
2026-07-22 09:37:00,059 - INFO - GET isteði gönderiliyor: https://api.stripe.com/v1/invoices
2026-07-22 09:37:00,730 - INFO - Baþarýlý cevap: 200
2026-07-22 09:38:05,500 - INFO - GET isteði gönderiliyor: https://api.stripe.com/v1/invoices
2026-07-22 09:38:06,085 - INFO - Baþarýlý cevap: 200
2026-07-22 09:38:11,011 - INFO - GET isteði gönderiliyor: https://api.stripe.com/v1/invoices
2026-07-22 09:38:11,543 - INFO - Baþarýlý cevap: 200
2026-07-22 09:39:06,287 - INFO - GET isteði gönderiliyor: https://api.stripe.com/v1/invoices
2026-07-22 09:39:06,955 - INFO - Baþarýlý cevap: 200
2026-07-22 09:39:48,283 - INFO - GET isteði gönderiliyor: https://api.stripe.com/v1/invoices
2026-07-22 09:39:48,883 - INFO - Baþarýlý cevap: 200
2026-07-22 09:40:07,845 - INFO - GET isteði gönderiliyor: https://api.stripe.com/v1/invoices
2026-07-22 09:40:08,436 - INFO - Baþarýlý cevap: 200
2026-07-22 09:40:38,510 - INFO - GET isteði gönderiliyor: https://api.stripe.com/v1/invoices
2026-07-22 09:40:39,254 - INFO - Baþarýlý cevap: 200
2026-07-22 09:40:42,851 - INFO - GET isteði gönderiliyor: https://api.stripe.com/v1/invoices
2026-07-22 09:40:43,521 - INFO - Baþarýlý cevap: 200
2026-07-22 09:41:07,988 - INFO - GET isteði gönderiliyor: https://api.stripe.com/v1/invoices/in_1TvHHtKBkUL9vnMV0rbNb5Ow
2026-07-22 09:41:08,727 - INFO - Baþarýlý cevap: 200
2026-07-22 09:46:57,188 - INFO - GET isteði gönderiliyor: https://api.stripe.com/v1/invoices
2026-07-22 09:46:58,954 - INFO - Baþarýlý cevap: 200
2026-07-22 09:47:15,344 - INFO - GET isteði gönderiliyor: https://api.stripe.com/v1/customers
2026-07-22 09:47:15,938 - INFO - Baþarýlý cevap: 200
2026-07-22 09:47:20,343 - INFO - GET isteði gönderiliyor: https://api.stripe.com/v1/customers
2026-07-22 09:47:20,346 - INFO - GET isteði gönderiliyor: https://api.stripe.com/v1/products
2026-07-22 09:47:20,988 - INFO - Baþarýlý cevap: 200
2026-07-22 09:47:21,578 - INFO - Baþarýlý cevap: 200
2026-07-22 09:47:29,971 - INFO - POST isteði gönderiliyor: https://api.stripe.com/v1/invoices/create_preview
2026-07-22 09:47:30,757 - INFO - Baþarýlý cevap: 200
2026-07-22 09:47:34,025 - INFO - POST isteði gönderiliyor: https://api.stripe.com/v1/invoices
2026-07-22 09:47:34,791 - INFO - Baþarýlý cevap: 200
2026-07-22 09:47:34,792 - INFO - POST isteði gönderiliyor: https://api.stripe.com/v1/invoiceitems
2026-07-22 09:47:35,473 - INFO - Baþarýlý cevap: 200
2026-07-22 09:47:35,474 - INFO - POST isteði gönderiliyor: https://api.stripe.com/v1/invoices/in_1TvtwIKBkUL9vnMV1amXQSWS/finalize
2026-07-22 09:47:36,996 - INFO - Baþarýlý cevap: 200
2026-07-22 09:47:37,042 - INFO - GET isteði gönderiliyor: https://api.stripe.com/v1/customers
2026-07-22 09:47:38,258 - INFO - GET isteði gönderiliyor: https://api.stripe.com/v1/invoices
2026-07-22 09:47:39,272 - INFO - Baþarýlý cevap: 200
2026-07-22 09:47:39,764 - INFO - Baþarýlý cevap: 200
2026-07-22 09:47:39,767 - INFO - GET isteði gönderiliyor: https://api.stripe.com/v1/customers
2026-07-22 09:47:40,977 - INFO - Baþarýlý cevap: 200
2026-07-22 09:47:40,981 - INFO - GET isteði gönderiliyor: https://api.stripe.com/v1/customers
2026-07-22 09:47:42,340 - INFO - GET isteði gönderiliyor: https://api.stripe.com/v1/invoices
2026-07-22 09:47:43,488 - INFO - Baþarýlý cevap: 200
2026-07-22 09:47:43,492 - INFO - GET isteði gönderiliyor: https://api.stripe.com/v1/payment_intents
2026-07-22 09:47:44,365 - INFO - Baþarýlý cevap: 200
2026-07-22 09:47:45,101 - INFO - Baþarýlý cevap: 200
2026-07-22 09:47:45,104 - INFO - GET isteði gönderiliyor: https://api.stripe.com/v1/refunds
2026-07-22 09:47:45,652 - INFO - Baþarýlý cevap: 200
2026-07-22 09:47:45,654 - INFO - GET isteði gönderiliyor: https://api.stripe.com/v1/products
2026-07-22 09:47:46,361 - INFO - Baþarýlý cevap: 200
2026-07-22 09:47:51,156 - INFO - GET isteði gönderiliyor: https://api.stripe.com/v1/customers/cus_Uu0jKN86a5Br32
2026-07-22 09:47:51,725 - INFO - Baþarýlý cevap: 200
2026-07-22 09:47:51,738 - INFO - GET isteði gönderiliyor: https://api.stripe.com/v1/payment_intents
2026-07-22 09:47:52,630 - INFO - Baþarýlý cevap: 200
2026-07-22 09:47:54,111 - INFO - GET isteði gönderiliyor: https://api.stripe.com/v1/invoices
2026-07-22 09:47:54,929 - INFO - Baþarýlý cevap: 200
2026-07-22 09:48:55,703 - INFO - GET isteði gönderiliyor: https://api.stripe.com/v1/invoices
2026-07-22 09:48:59,943 - INFO - Baþarýlý cevap: 200
2026-07-22 09:50:23,894 - INFO - GET isteði gönderiliyor: https://api.stripe.com/v1/customers
2026-07-22 09:50:24,985 - INFO - GET isteði gönderiliyor: https://api.stripe.com/v1/customers
2026-07-22 09:50:24,986 - INFO - GET isteði gönderiliyor: https://api.stripe.com/v1/products
2026-07-22 09:50:25,358 - INFO - Baþarýlý cevap: 200
2026-07-22 09:50:26,517 - INFO - Baþarýlý cevap: 200
2026-07-22 09:50:26,814 - INFO - Baþarýlý cevap: 200
2026-07-22 09:51:03,421 - INFO - GET isteði gönderiliyor: https://api.stripe.com/v1/customers/cus_Uu0jKN86a5Br32
2026-07-22 09:51:04,040 - INFO - Baþarýlý cevap: 200
2026-07-22 09:51:04,056 - INFO - GET isteði gönderiliyor: https://api.stripe.com/v1/payment_intents
2026-07-22 09:51:04,745 - INFO - Baþarýlý cevap: 200
2026-07-22 09:51:19,769 - INFO - GET isteði gönderiliyor: https://api.stripe.com/v1/customers
2026-07-22 09:51:19,773 - INFO - GET isteði gönderiliyor: https://api.stripe.com/v1/products
2026-07-22 09:51:20,396 - INFO - Baþarýlý cevap: 200
2026-07-22 09:51:20,454 - INFO - Baþarýlý cevap: 200
2026-07-22 09:52:17,456 - INFO - GET isteði gönderiliyor: https://api.stripe.com/v1/customers/cus_Uu0jKN86a5Br32
2026-07-22 09:52:18,060 - INFO - Baþarýlý cevap: 200
2026-07-22 09:52:18,074 - INFO - GET isteði gönderiliyor: https://api.stripe.com/v1/payment_intents
2026-07-22 09:52:18,657 - INFO - GET isteði gönderiliyor: https://api.stripe.com/v1/invoices
2026-07-22 09:52:18,890 - INFO - Baþarýlý cevap: 200
2026-07-22 09:52:19,292 - INFO - Baþarýlý cevap: 200
2026-07-22 09:52:23,590 - INFO - GET isteði gönderiliyor: https://api.stripe.com/v1/customers
2026-07-22 09:52:23,599 - INFO - GET isteði gönderiliyor: https://api.stripe.com/v1/products
2026-07-22 09:52:24,347 - INFO - Baþarýlý cevap: 200
2026-07-22 09:52:24,474 - INFO - Baþarýlý cevap: 200
2026-07-22 09:52:24,964 - INFO - GET isteði gönderiliyor: https://api.stripe.com/v1/invoices
2026-07-22 09:52:25,604 - INFO - Baþarýlý cevap: 200
2026-07-22 09:52:55,350 - INFO - GET isteði gönderiliyor: https://api.stripe.com/v1/invoices
2026-07-22 09:52:56,380 - INFO - Baþarýlý cevap: 200
2026-07-22 09:54:05,361 - INFO - GET isteði gönderiliyor: https://api.stripe.com/v1/invoices
2026-07-22 09:54:06,361 - INFO - Baþarýlý cevap: 200
2026-07-22 09:54:07,739 - INFO - GET isteði gönderiliyor: https://api.stripe.com/v1/invoices
2026-07-22 09:54:08,353 - INFO - Baþarýlý cevap: 200
2026-07-22 09:54:16,007 - INFO - GET isteði gönderiliyor: https://api.stripe.com/v1/customers/cus_Uu0jKN86a5Br32
2026-07-22 09:54:16,592 - INFO - Baþarýlý cevap: 200
2026-07-22 09:54:16,605 - INFO - GET isteði gönderiliyor: https://api.stripe.com/v1/payment_intents
2026-07-22 09:54:17,405 - INFO - Baþarýlý cevap: 200
2026-07-22 09:54:17,541 - INFO - GET isteði gönderiliyor: https://api.stripe.com/v1/invoices
2026-07-22 09:54:18,449 - INFO - Baþarýlý cevap: 200
2026-07-22 09:54:27,609 - INFO - GET isteði gönderiliyor: https://api.stripe.com/v1/invoices
2026-07-22 09:54:28,388 - INFO - Baþarýlý cevap: 200
2026-07-22 09:55:26,676 - INFO - GET isteði gönderiliyor: https://api.stripe.com/v1/customers
2026-07-22 09:55:27,336 - INFO - Baþarýlý cevap: 200
2026-07-22 09:55:27,826 - INFO - GET isteði gönderiliyor: https://api.stripe.com/v1/customers/cus_Uu0jKN86a5Br32
2026-07-22 09:55:28,344 - INFO - Baþarýlý cevap: 200
2026-07-22 09:55:28,364 - INFO - GET isteði gönderiliyor: https://api.stripe.com/v1/payment_intents
2026-07-22 09:55:29,118 - INFO - Baþarýlý cevap: 200
2026-07-22 09:55:32,265 - INFO - GET isteði gönderiliyor: https://api.stripe.com/v1/customers/cus_Uu0jKN86a5Br32
2026-07-22 09:55:32,746 - INFO - Baþarýlý cevap: 200
2026-07-22 09:55:32,760 - INFO - GET isteði gönderiliyor: https://api.stripe.com/v1/payment_intents
2026-07-22 09:55:33,542 - INFO - Baþarýlý cevap: 200
2026-07-22 09:55:36,990 - INFO - GET isteði gönderiliyor: https://api.stripe.com/v1/invoices
2026-07-22 09:55:37,573 - INFO - Baþarýlý cevap: 200
2026-07-22 09:55:40,231 - INFO - GET isteði gönderiliyor: https://api.stripe.com/v1/invoices
2026-07-22 09:55:40,789 - INFO - Baþarýlý cevap: 200
2026-07-22 09:56:01,013 - INFO - GET isteði gönderiliyor: https://api.stripe.com/v1/invoices
2026-07-22 09:56:01,730 - INFO - Baþarýlý cevap: 200
2026-07-22 09:58:05,645 - INFO - GET isteði gönderiliyor: https://api.stripe.com/v1/customers/cus_Uu0jKN86a5Br32
2026-07-22 09:58:06,427 - INFO - Baþarýlý cevap: 200
2026-07-22 09:58:06,452 - INFO - GET isteði gönderiliyor: https://api.stripe.com/v1/payment_intents
2026-07-22 09:58:06,897 - INFO - GET isteði gönderiliyor: https://api.stripe.com/v1/customers/cus_Uu0jKN86a5Br32
2026-07-22 09:58:07,483 - INFO - Baþarýlý cevap: 200
2026-07-22 09:58:07,919 - INFO - Baþarýlý cevap: 200
2026-07-22 09:58:07,931 - INFO - GET isteði gönderiliyor: https://api.stripe.com/v1/payment_intents
2026-07-22 09:58:08,699 - INFO - Baþarýlý cevap: 200
2026-07-22 09:58:08,924 - INFO - GET isteði gönderiliyor: https://api.stripe.com/v1/invoices
2026-07-22 09:58:09,685 - INFO - Baþarýlý cevap: 200
2026-07-22 09:58:28,197 - INFO - GET isteði gönderiliyor: https://api.stripe.com/v1/invoices
2026-07-22 09:58:28,890 - INFO - Baþarýlý cevap: 200
2026-07-22 09:59:24,412 - INFO - GET isteði gönderiliyor: https://api.stripe.com/v1/customers/cus_Uu0jKN86a5Br32
2026-07-22 09:59:25,104 - INFO - Baþarýlý cevap: 200
2026-07-22 09:59:25,143 - INFO - GET isteði gönderiliyor: https://api.stripe.com/v1/payment_intents
2026-07-22 09:59:25,871 - INFO - Baþarýlý cevap: 200
2026-07-22 09:59:31,131 - INFO - GET isteði gönderiliyor: https://api.stripe.com/v1/invoices
2026-07-22 09:59:31,953 - INFO - Baþarýlý cevap: 200
2026-07-22 11:57:30,353 - INFO - GET isteði gönderiliyor: https://api.stripe.com/v1/customers
2026-07-22 11:57:32,383 - INFO - Baþarýlý cevap: 200
2026-07-22 11:57:32,387 - INFO - GET isteði gönderiliyor: https://api.stripe.com/v1/customers
2026-07-22 11:57:33,698 - INFO - Baþarýlý cevap: 200
2026-07-22 11:57:33,703 - INFO - GET isteði gönderiliyor: https://api.stripe.com/v1/customers
2026-07-22 11:57:34,538 - INFO - GET isteði gönderiliyor: https://api.stripe.com/v1/customers/cus_Uu0jKN86a5Br32
2026-07-22 11:57:34,939 - INFO - Baþarýlý cevap: 200
2026-07-22 11:57:34,943 - INFO - GET isteði gönderiliyor: https://api.stripe.com/v1/payment_intents
2026-07-22 11:57:35,151 - INFO - Baþarýlý cevap: 200
2026-07-22 11:57:35,174 - INFO - GET isteði gönderiliyor: https://api.stripe.com/v1/payment_intents
2026-07-22 11:57:35,889 - INFO - Baþarýlý cevap: 200
2026-07-22 11:57:36,204 - INFO - Baþarýlý cevap: 200
2026-07-22 11:57:36,208 - INFO - GET isteði gönderiliyor: https://api.stripe.com/v1/refunds
2026-07-22 11:57:36,746 - INFO - Baþarýlý cevap: 200
2026-07-22 11:57:36,747 - INFO - GET isteði gönderiliyor: https://api.stripe.com/v1/products
2026-07-22 11:57:37,680 - INFO - GET isteði gönderiliyor: https://api.stripe.com/v1/invoices
2026-07-22 11:57:37,691 - INFO - Baþarýlý cevap: 200
2026-07-22 11:57:38,468 - INFO - Baþarýlý cevap: 200
2026-07-22 11:58:17,465 - INFO - GET isteði gönderiliyor: https://api.stripe.com/v1/payment_intents
2026-07-22 11:58:18,445 - INFO - Baþarýlý cevap: 200
2026-07-22 11:58:20,729 - INFO - GET isteði gönderiliyor: https://api.stripe.com/v1/invoices
2026-07-22 11:58:21,698 - INFO - Baþarýlý cevap: 200
2026-07-22 11:58:54,055 - INFO - GET isteði gönderiliyor: https://api.stripe.com/v1/payment_intents
2026-07-22 11:58:55,308 - INFO - Baþarýlý cevap: 200
2026-07-22 11:58:57,147 - INFO - GET isteði gönderiliyor: https://api.stripe.com/v1/invoices
2026-07-22 11:58:57,865 - INFO - Baþarýlý cevap: 200
2026-07-22 11:59:16,133 - INFO - GET isteði gönderiliyor: https://api.stripe.com/v1/invoices
2026-07-22 11:59:16,903 - INFO - Baþarýlý cevap: 200
2026-07-22 11:59:19,832 - INFO - GET isteði gönderiliyor: https://api.stripe.com/v1/payment_intents
2026-07-22 11:59:20,627 - INFO - GET isteði gönderiliyor: https://api.stripe.com/v1/invoices
2026-07-22 11:59:20,820 - INFO - Baþarýlý cevap: 200
2026-07-22 11:59:21,420 - INFO - Baþarýlý cevap: 200
2026-07-22 12:00:01,125 - INFO - GET isteði gönderiliyor: https://api.stripe.com/v1/payment_intents
2026-07-22 12:00:02,050 - INFO - Baþarýlý cevap: 200
2026-07-22 12:00:04,359 - INFO - GET isteði gönderiliyor: https://api.stripe.com/v1/invoices
2026-07-22 12:00:05,090 - INFO - Baþarýlý cevap: 200
2026-07-22 12:00:19,617 - INFO - GET isteði gönderiliyor: https://api.stripe.com/v1/customers
2026-07-22 12:00:20,381 - INFO - Baþarýlý cevap: 200
2026-07-22 12:00:20,384 - INFO - GET isteði gönderiliyor: https://api.stripe.com/v1/customers
2026-07-22 12:00:21,112 - INFO - Baþarýlý cevap: 200
2026-07-22 12:00:21,115 - INFO - GET isteði gönderiliyor: https://api.stripe.com/v1/customers
2026-07-22 12:00:21,698 - INFO - Baþarýlý cevap: 200
2026-07-22 12:00:21,702 - INFO - GET isteði gönderiliyor: https://api.stripe.com/v1/payment_intents
2026-07-22 12:00:23,175 - INFO - Baþarýlý cevap: 200
2026-07-22 12:00:23,181 - INFO - GET isteði gönderiliyor: https://api.stripe.com/v1/refunds
2026-07-22 12:00:23,882 - INFO - Baþarýlý cevap: 200
2026-07-22 12:00:23,884 - INFO - GET isteði gönderiliyor: https://api.stripe.com/v1/products
2026-07-22 12:00:24,634 - INFO - Baþarýlý cevap: 200
2026-07-22 12:06:41,012 - INFO - GET isteði gönderiliyor: https://api.stripe.com/v1/customers/cus_Uu0jKN86a5Br32
2026-07-22 12:06:42,053 - INFO - Baþarýlý cevap: 200
2026-07-22 12:06:42,083 - INFO - GET isteði gönderiliyor: https://api.stripe.com/v1/customers/cus_Uu0jKN86a5Br32
2026-07-22 12:06:42,088 - INFO - GET isteði gönderiliyor: https://api.stripe.com/v1/payment_intents
2026-07-22 12:06:42,591 - INFO - Baþarýlý cevap: 200
2026-07-22 12:06:42,598 - INFO - GET isteði gönderiliyor: https://api.stripe.com/v1/customers/cus_Uu0jKN86a5Br32
2026-07-22 12:06:42,857 - INFO - Baþarýlý cevap: 200
2026-07-22 12:06:42,938 - INFO - GET isteði gönderiliyor: https://api.stripe.com/v1/payment_intents
2026-07-22 12:06:43,131 - INFO - Baþarýlý cevap: 200
2026-07-22 12:06:43,145 - INFO - GET isteði gönderiliyor: https://api.stripe.com/v1/customers/cus_Uu0jKN86a5Br32
2026-07-22 12:06:43,690 - INFO - Baþarýlý cevap: 200
2026-07-22 12:06:43,700 - INFO - GET isteði gönderiliyor: https://api.stripe.com/v1/customers/cus_Uu0jKN86a5Br32
2026-07-22 12:06:43,768 - INFO - Baþarýlý cevap: 200
2026-07-22 12:06:43,777 - INFO - GET isteði gönderiliyor: https://api.stripe.com/v1/payment_intents
2026-07-22 12:06:44,189 - INFO - Baþarýlý cevap: 200
2026-07-22 12:06:44,502 - INFO - Baþarýlý cevap: 200
2026-07-22 12:06:44,549 - INFO - GET isteði gönderiliyor: https://api.stripe.com/v1/payment_intents
2026-07-22 12:06:45,469 - INFO - Baþarýlý cevap: 200
2026-07-22 12:06:45,478 - INFO - GET isteði gönderiliyor: https://api.stripe.com/v1/payment_intents
2026-07-22 12:06:46,601 - INFO - Baþarýlý cevap: 200
2026-07-22 12:06:48,171 - INFO - GET isteði gönderiliyor: https://api.stripe.com/v1/invoices
2026-07-22 12:06:49,098 - INFO - Baþarýlý cevap: 200
2026-07-22 12:08:19,243 - INFO - GET isteði gönderiliyor: https://api.stripe.com/v1/customers
2026-07-22 12:08:21,779 - INFO - Baþarýlý cevap: 200
2026-07-22 12:08:21,783 - INFO - GET isteði gönderiliyor: https://api.stripe.com/v1/customers
2026-07-22 12:08:23,644 - INFO - Baþarýlý cevap: 200
2026-07-22 12:08:23,651 - INFO - GET isteði gönderiliyor: https://api.stripe.com/v1/customers
2026-07-22 12:08:24,585 - INFO - Baþarýlý cevap: 200
2026-07-22 12:08:24,589 - INFO - GET isteði gönderiliyor: https://api.stripe.com/v1/payment_intents
2026-07-22 12:08:25,950 - INFO - Baþarýlý cevap: 200
2026-07-22 12:08:25,956 - INFO - GET isteði gönderiliyor: https://api.stripe.com/v1/refunds
2026-07-22 12:08:26,602 - INFO - Baþarýlý cevap: 200
2026-07-22 12:08:26,605 - INFO - GET isteði gönderiliyor: https://api.stripe.com/v1/products
2026-07-22 12:08:26,934 - INFO - GET isteði gönderiliyor: https://api.stripe.com/v1/customers
2026-07-22 12:08:28,190 - INFO - Baþarýlý cevap: 200
2026-07-22 12:08:28,192 - INFO - Baþarýlý cevap: 200
2026-07-22 12:08:32,584 - INFO - GET isteði gönderiliyor: https://api.stripe.com/v1/products
2026-07-22 12:08:33,263 - INFO - Baþarýlý cevap: 200
2026-07-22 12:08:35,848 - INFO - GET isteði gönderiliyor: https://api.stripe.com/v1/customers
2026-07-22 12:08:36,638 - INFO - Baþarýlý cevap: 200
2026-07-22 12:08:46,042 - INFO - GET isteði gönderiliyor: https://api.stripe.com/v1/customers/cus_Uu0jKN86a5Br32
2026-07-22 12:08:46,712 - INFO - Baþarýlý cevap: 200
2026-07-22 12:08:46,730 - INFO - GET isteði gönderiliyor: https://api.stripe.com/v1/payment_intents
2026-07-22 12:08:47,546 - INFO - Baþarýlý cevap: 200
2026-07-22 12:08:48,868 - INFO - GET isteði gönderiliyor: https://api.stripe.com/v1/invoices
2026-07-22 12:08:49,697 - INFO - Baþarýlý cevap: 200
2026-07-22 12:11:56,411 - INFO - GET isteði gönderiliyor: https://api.stripe.com/v1/customers
2026-07-22 12:11:57,339 - INFO - Baþarýlý cevap: 200
2026-07-22 12:11:57,345 - INFO - GET isteði gönderiliyor: https://api.stripe.com/v1/customers
2026-07-22 12:11:58,334 - INFO - Baþarýlý cevap: 200
2026-07-22 12:11:58,337 - INFO - GET isteði gönderiliyor: https://api.stripe.com/v1/customers
2026-07-22 12:11:59,276 - INFO - GET isteði gönderiliyor: https://api.stripe.com/v1/customers
2026-07-22 12:11:59,458 - INFO - Baþarýlý cevap: 200
2026-07-22 12:11:59,461 - INFO - GET isteði gönderiliyor: https://api.stripe.com/v1/payment_intents
2026-07-22 12:12:01,766 - INFO - Baþarýlý cevap: 200
2026-07-22 12:12:01,953 - INFO - Baþarýlý cevap: 200
2026-07-22 12:12:01,957 - INFO - GET isteði gönderiliyor: https://api.stripe.com/v1/refunds
2026-07-22 12:12:02,567 - INFO - Baþarýlý cevap: 200
2026-07-22 12:12:02,568 - INFO - GET isteði gönderiliyor: https://api.stripe.com/v1/products
2026-07-22 12:12:03,501 - INFO - Baþarýlý cevap: 200
2026-07-22 12:12:04,623 - INFO - GET isteði gönderiliyor: https://api.stripe.com/v1/customers/cus_Uu0jKN86a5Br32
2026-07-22 12:12:05,231 - INFO - Baþarýlý cevap: 200
2026-07-22 12:12:05,248 - INFO - GET isteði gönderiliyor: https://api.stripe.com/v1/payment_intents
2026-07-22 12:12:05,947 - INFO - Baþarýlý cevap: 200
2026-07-22 12:12:07,266 - INFO - GET isteði gönderiliyor: https://api.stripe.com/v1/invoices
2026-07-22 12:12:09,102 - INFO - Baþarýlý cevap: 200
2026-07-22 12:39:16,923 - INFO - GET isteði gönderiliyor: https://api.stripe.com/v1/customers
2026-07-22 12:39:18,660 - INFO - Baþarýlý cevap: 200
2026-07-22 12:39:18,662 - INFO - GET isteði gönderiliyor: https://api.stripe.com/v1/customers
2026-07-22 12:39:20,232 - INFO - Baþarýlý cevap: 200
2026-07-22 12:39:20,234 - INFO - GET isteði gönderiliyor: https://api.stripe.com/v1/customers
2026-07-22 12:39:21,420 - INFO - Baþarýlý cevap: 200
2026-07-22 12:39:21,422 - INFO - GET isteði gönderiliyor: https://api.stripe.com/v1/payment_intents
2026-07-22 12:39:22,970 - INFO - Baþarýlý cevap: 200
2026-07-22 12:39:22,972 - INFO - GET isteði gönderiliyor: https://api.stripe.com/v1/refunds
2026-07-22 12:39:23,489 - INFO - Baþarýlý cevap: 200
2026-07-22 12:39:23,490 - INFO - GET isteði gönderiliyor: https://api.stripe.com/v1/products
2026-07-22 12:39:24,192 - INFO - GET isteði gönderiliyor: https://api.stripe.com/v1/customers/cus_Uu0jKN86a5Br32
2026-07-22 12:39:24,213 - INFO - Baþarýlý cevap: 200
2026-07-22 12:39:24,836 - INFO - Baþarýlý cevap: 200
2026-07-22 12:39:24,843 - INFO - GET isteði gönderiliyor: https://api.stripe.com/v1/payment_intents
2026-07-22 12:39:25,700 - INFO - Baþarýlý cevap: 200
2026-07-22 12:39:29,557 - INFO - GET isteði gönderiliyor: https://api.stripe.com/v1/invoices
2026-07-22 12:39:30,379 - INFO - Baþarýlý cevap: 200
2026-07-22 12:41:55,066 - INFO - GET isteði gönderiliyor: https://api.stripe.com/v1/customers/cus_Uu0jKN86a5Br32
2026-07-22 12:41:56,169 - INFO - Baþarýlý cevap: 200
2026-07-22 12:41:56,179 - INFO - GET isteði gönderiliyor: https://api.stripe.com/v1/payment_intents
2026-07-22 12:41:57,004 - INFO - Baþarýlý cevap: 200
2026-07-22 12:41:57,939 - INFO - GET isteði gönderiliyor: https://api.stripe.com/v1/invoices
2026-07-22 12:41:58,570 - INFO - Baþarýlý cevap: 200
2026-07-22 12:42:03,119 - INFO - GET isteði gönderiliyor: https://api.stripe.com/v1/customers/cus_Uu0jKN86a5Br32
2026-07-22 12:42:03,648 - INFO - Baþarýlý cevap: 200
2026-07-22 12:42:03,657 - INFO - GET isteði gönderiliyor: https://api.stripe.com/v1/payment_intents
2026-07-22 12:42:04,405 - INFO - Baþarýlý cevap: 200
2026-07-22 12:42:06,099 - INFO - GET isteði gönderiliyor: https://api.stripe.com/v1/customers/cus_Uu0jKN86a5Br32
2026-07-22 12:42:06,539 - INFO - Baþarýlý cevap: 200
2026-07-22 12:42:06,546 - INFO - GET isteði gönderiliyor: https://api.stripe.com/v1/payment_intents
2026-07-22 12:42:07,351 - INFO - Baþarýlý cevap: 200
2026-07-22 12:42:09,274 - INFO - GET isteði gönderiliyor: https://api.stripe.com/v1/invoices
2026-07-22 12:42:09,854 - INFO - Baþarýlý cevap: 200
2026-07-22 12:44:06,344 - INFO - GET isteði gönderiliyor: https://api.stripe.com/v1/customers/cus_Uu0jKN86a5Br32
2026-07-22 12:44:07,026 - INFO - Baþarýlý cevap: 200
2026-07-22 12:44:07,036 - INFO - GET isteði gönderiliyor: https://api.stripe.com/v1/payment_intents
2026-07-22 12:44:07,750 - INFO - Baþarýlý cevap: 200
2026-07-22 12:44:07,764 - INFO - GET isteði gönderiliyor: https://api.stripe.com/v1/payment_intents
2026-07-22 12:44:08,759 - INFO - Baþarýlý cevap: 200
2026-07-22 12:44:11,452 - INFO - GET isteði gönderiliyor: https://api.stripe.com/v1/invoices
2026-07-22 12:44:12,206 - INFO - Baþarýlý cevap: 200
2026-07-22 12:44:32,210 - INFO - GET isteði gönderiliyor: https://api.stripe.com/v1/customers/cus_Uu0jKN86a5Br32
2026-07-22 12:44:32,748 - INFO - Baþarýlý cevap: 200
2026-07-22 12:44:32,759 - INFO - GET isteði gönderiliyor: https://api.stripe.com/v1/payment_intents
2026-07-22 12:44:33,451 - INFO - Baþarýlý cevap: 200
2026-07-22 12:44:36,277 - INFO - GET isteði gönderiliyor: https://api.stripe.com/v1/customers/cus_Uu0jKN86a5Br32
2026-07-22 12:44:36,871 - INFO - Baþarýlý cevap: 200
2026-07-22 12:44:36,884 - INFO - GET isteði gönderiliyor: https://api.stripe.com/v1/payment_intents
2026-07-22 12:44:37,752 - INFO - Baþarýlý cevap: 200
2026-07-22 12:44:38,451 - INFO - GET isteði gönderiliyor: https://api.stripe.com/v1/invoices
2026-07-22 12:44:39,002 - INFO - Baþarýlý cevap: 200
2026-07-22 12:44:46,623 - INFO - GET isteði gönderiliyor: https://api.stripe.com/v1/customers/cus_Uu0jKN86a5Br32
2026-07-22 12:44:47,112 - INFO - Baþarýlý cevap: 200
2026-07-22 12:44:47,123 - INFO - GET isteði gönderiliyor: https://api.stripe.com/v1/payment_intents
2026-07-22 12:44:47,873 - INFO - Baþarýlý cevap: 200
2026-07-22 12:44:48,493 - INFO - GET isteði gönderiliyor: https://api.stripe.com/v1/invoices
2026-07-22 12:44:49,286 - INFO - Baþarýlý cevap: 200
2026-07-22 12:45:56,514 - INFO - GET isteði gönderiliyor: https://api.stripe.com/v1/invoices
2026-07-22 12:45:57,260 - INFO - Baþarýlý cevap: 200
2026-07-22 12:45:58,792 - INFO - GET isteði gönderiliyor: https://api.stripe.com/v1/invoices
2026-07-22 12:45:59,392 - INFO - Baþarýlý cevap: 200
2026-07-22 12:46:02,085 - INFO - GET isteði gönderiliyor: https://api.stripe.com/v1/invoices
2026-07-22 12:46:02,769 - INFO - Baþarýlý cevap: 200
2026-07-22 12:46:20,262 - INFO - GET isteði gönderiliyor: https://api.stripe.com/v1/invoices
2026-07-22 12:46:20,899 - INFO - Baþarýlý cevap: 200
2026-07-22 12:46:27,821 - INFO - GET isteði gönderiliyor: https://api.stripe.com/v1/invoices
2026-07-22 12:46:28,589 - INFO - Baþarýlý cevap: 200
2026-07-22 12:46:48,131 - INFO - GET isteði gönderiliyor: https://api.stripe.com/v1/invoices
2026-07-22 12:46:48,748 - INFO - Baþarýlý cevap: 200
2026-07-22 12:47:59,748 - INFO - GET isteði gönderiliyor: https://api.stripe.com/v1/invoices
2026-07-22 12:48:00,566 - INFO - Baþarýlý cevap: 200
2026-07-22 12:48:14,723 - INFO - GET isteði gönderiliyor: https://api.stripe.com/v1/invoices
2026-07-22 12:48:15,228 - INFO - Baþarýlý cevap: 200
2026-07-22 12:49:28,715 - INFO - GET isteði gönderiliyor: https://api.stripe.com/v1/customers
2026-07-22 12:49:30,122 - INFO - Baþarýlý cevap: 200
2026-07-22 12:49:30,127 - INFO - GET isteði gönderiliyor: https://api.stripe.com/v1/customers
2026-07-22 12:49:31,540 - INFO - GET isteði gönderiliyor: https://api.stripe.com/v1/customers/cus_Uu0jKN86a5Br32
2026-07-22 12:49:31,796 - INFO - Baþarýlý cevap: 200
2026-07-22 12:49:31,800 - INFO - GET isteði gönderiliyor: https://api.stripe.com/v1/customers
2026-07-22 12:49:31,994 - INFO - Baþarýlý cevap: 200
2026-07-22 12:49:32,002 - INFO - GET isteði gönderiliyor: https://api.stripe.com/v1/payment_intents
2026-07-22 12:49:32,710 - INFO - Baþarýlý cevap: 200
2026-07-22 12:49:32,747 - INFO - Baþarýlý cevap: 200
2026-07-22 12:49:32,749 - INFO - GET isteði gönderiliyor: https://api.stripe.com/v1/payment_intents
2026-07-22 12:49:34,032 - INFO - Baþarýlý cevap: 200
2026-07-22 12:49:34,035 - INFO - GET isteði gönderiliyor: https://api.stripe.com/v1/refunds
2026-07-22 12:49:34,530 - INFO - Baþarýlý cevap: 200
2026-07-22 12:49:34,532 - INFO - GET isteði gönderiliyor: https://api.stripe.com/v1/products
2026-07-22 12:49:35,221 - INFO - Baþarýlý cevap: 200
2026-07-22 12:49:56,498 - INFO - GET isteði gönderiliyor: https://api.stripe.com/v1/invoices
2026-07-22 12:49:57,182 - INFO - Baþarýlý cevap: 200
2026-07-22 12:50:00,375 - INFO - GET isteði gönderiliyor: https://api.stripe.com/v1/invoices
2026-07-22 12:50:01,030 - INFO - Baþarýlý cevap: 200
2026-07-22 12:50:25,154 - INFO - GET isteði gönderiliyor: https://api.stripe.com/v1/payment_intents
2026-07-22 12:50:25,919 - INFO - Baþarýlý cevap: 200
2026-07-22 12:54:07,689 - INFO - GET isteði gönderiliyor: https://api.stripe.com/v1/invoices
2026-07-22 12:54:08,411 - INFO - Baþarýlý cevap: 200
2026-07-22 12:56:27,242 - INFO - GET isteði gönderiliyor: https://api.stripe.com/v1/customers/cus_Uu0jKN86a5Br32
2026-07-22 12:56:27,867 - INFO - Baþarýlý cevap: 200
2026-07-22 12:56:27,880 - INFO - GET isteði gönderiliyor: https://api.stripe.com/v1/payment_intents
2026-07-22 12:56:28,632 - INFO - Baþarýlý cevap: 200
2026-07-22 12:56:37,777 - INFO - GET isteði gönderiliyor: https://api.stripe.com/v1/invoices
2026-07-22 12:56:38,372 - INFO - Baþarýlý cevap: 200
2026-07-22 12:56:43,906 - INFO - GET isteði gönderiliyor: https://api.stripe.com/v1/invoices
2026-07-22 12:56:44,433 - INFO - Baþarýlý cevap: 200
2026-07-22 13:00:15,066 - INFO - GET isteði gönderiliyor: https://api.stripe.com/v1/customers/cus_Uu0jKN86a5Br32
2026-07-22 13:00:15,721 - INFO - Baþarýlý cevap: 200
2026-07-22 13:00:15,730 - INFO - GET isteði gönderiliyor: https://api.stripe.com/v1/payment_intents
2026-07-22 13:00:16,445 - INFO - Baþarýlý cevap: 200
2026-07-22 13:00:26,649 - INFO - GET isteði gönderiliyor: https://api.stripe.com/v1/invoices
2026-07-22 13:00:27,098 - INFO - Baþarýlý cevap: 200
2026-07-22 13:00:32,747 - INFO - GET isteði gönderiliyor: https://api.stripe.com/v1/invoices
2026-07-22 13:00:33,317 - INFO - Baþarýlý cevap: 200
2026-07-22 13:04:14,783 - INFO - GET isteði gönderiliyor: https://api.stripe.com/v1/customers
2026-07-22 13:04:16,139 - INFO - Baþarýlý cevap: 200
2026-07-22 13:04:16,143 - INFO - GET isteði gönderiliyor: https://api.stripe.com/v1/customers
2026-07-22 13:04:16,445 - INFO - GET isteði gönderiliyor: https://api.stripe.com/v1/customers/cus_Uu0jKN86a5Br32
2026-07-22 13:04:16,995 - INFO - Baþarýlý cevap: 200
2026-07-22 13:04:17,006 - INFO - GET isteði gönderiliyor: https://api.stripe.com/v1/payment_intents
2026-07-22 13:04:17,399 - INFO - Baþarýlý cevap: 200
2026-07-22 13:04:17,402 - INFO - GET isteði gönderiliyor: https://api.stripe.com/v1/customers
2026-07-22 13:04:17,850 - INFO - Baþarýlý cevap: 200
2026-07-22 13:04:18,659 - INFO - Baþarýlý cevap: 200
2026-07-22 13:04:18,662 - INFO - GET isteði gönderiliyor: https://api.stripe.com/v1/payment_intents
2026-07-22 13:04:19,969 - INFO - Baþarýlý cevap: 200
2026-07-22 13:04:19,973 - INFO - GET isteði gönderiliyor: https://api.stripe.com/v1/refunds
2026-07-22 13:04:20,479 - INFO - Baþarýlý cevap: 200
2026-07-22 13:04:20,482 - INFO - GET isteði gönderiliyor: https://api.stripe.com/v1/products
2026-07-22 13:04:20,793 - INFO - GET isteði gönderiliyor: https://api.stripe.com/v1/customers/cus_Uu0jKN86a5Br32
2026-07-22 13:04:21,176 - INFO - Baþarýlý cevap: 200
2026-07-22 13:04:21,255 - INFO - Baþarýlý cevap: 200
2026-07-22 13:04:21,264 - INFO - GET isteði gönderiliyor: https://api.stripe.com/v1/payment_intents
2026-07-22 13:04:22,029 - INFO - Baþarýlý cevap: 200
2026-07-22 13:04:35,425 - INFO - GET isteði gönderiliyor: https://api.stripe.com/v1/invoices
2026-07-22 13:04:36,001 - INFO - Baþarýlý cevap: 200
2026-07-22 13:08:13,917 - INFO - GET isteði gönderiliyor: https://api.stripe.com/v1/invoices
2026-07-22 13:08:14,829 - INFO - Baþarýlý cevap: 200
2026-07-22 13:08:15,681 - INFO - GET isteði gönderiliyor: https://api.stripe.com/v1/invoices/in_1TvtwIKBkUL9vnMV1amXQSWS
2026-07-22 13:08:16,210 - INFO - Baþarýlý cevap: 200
2026-07-22 13:08:24,101 - INFO - GET isteði gönderiliyor: https://api.stripe.com/v1/invoices/in_1TvZpHKBkUL9vnMVks0VNMHR
2026-07-22 13:08:24,645 - INFO - Baþarýlý cevap: 200
2026-07-22 13:09:20,962 - INFO - GET isteði gönderiliyor: https://api.stripe.com/v1/invoices
2026-07-22 13:09:21,723 - INFO - Baþarýlý cevap: 200
2026-07-22 13:09:25,735 - INFO - GET isteði gönderiliyor: https://api.stripe.com/v1/invoices
2026-07-22 13:09:26,368 - INFO - Baþarýlý cevap: 200
2026-07-22 13:09:36,937 - INFO - GET isteði gönderiliyor: https://api.stripe.com/v1/customers
2026-07-22 13:09:38,174 - INFO - Baþarýlý cevap: 200
2026-07-22 13:09:38,176 - INFO - GET isteði gönderiliyor: https://api.stripe.com/v1/customers
2026-07-22 13:09:38,869 - INFO - GET isteði gönderiliyor: https://api.stripe.com/v1/customers/cus_Uu0jKN86a5Br32
2026-07-22 13:09:39,492 - INFO - Baþarýlý cevap: 200
2026-07-22 13:09:39,501 - INFO - GET isteði gönderiliyor: https://api.stripe.com/v1/payment_intents
2026-07-22 13:09:39,964 - INFO - Baþarýlý cevap: 200
2026-07-22 13:09:39,967 - INFO - GET isteði gönderiliyor: https://api.stripe.com/v1/customers
2026-07-22 13:09:40,195 - INFO - Baþarýlý cevap: 200
2026-07-22 13:09:41,041 - INFO - Baþarýlý cevap: 200
2026-07-22 13:09:41,043 - INFO - GET isteði gönderiliyor: https://api.stripe.com/v1/payment_intents
2026-07-22 13:09:42,282 - INFO - Baþarýlý cevap: 200
2026-07-22 13:09:42,283 - INFO - GET isteði gönderiliyor: https://api.stripe.com/v1/refunds
2026-07-22 13:09:42,792 - INFO - Baþarýlý cevap: 200
2026-07-22 13:09:42,795 - INFO - GET isteði gönderiliyor: https://api.stripe.com/v1/products
2026-07-22 13:09:43,442 - INFO - Baþarýlý cevap: 200
2026-07-22 13:09:54,336 - INFO - GET isteði gönderiliyor: https://api.stripe.com/v1/invoices
2026-07-22 13:09:55,048 - INFO - Baþarýlý cevap: 200
2026-07-22 13:12:43,630 - INFO - GET isteði gönderiliyor: https://api.stripe.com/v1/customers
2026-07-22 13:12:44,296 - INFO - Baþarýlý cevap: 200
2026-07-22 13:14:54,235 - INFO - GET isteði gönderiliyor: https://api.stripe.com/v1/invoices
2026-07-22 13:14:55,125 - INFO - Baþarýlý cevap: 200
2026-07-22 13:15:38,711 - INFO - GET isteði gönderiliyor: https://api.stripe.com/v1/customers/cus_Uu0jKN86a5Br32
2026-07-22 13:15:39,439 - INFO - Baþarýlý cevap: 200
2026-07-22 13:15:39,449 - INFO - GET isteði gönderiliyor: https://api.stripe.com/v1/payment_intents
2026-07-22 13:15:40,191 - INFO - Baþarýlý cevap: 200
2026-07-22 13:15:45,642 - INFO - GET isteði gönderiliyor: https://api.stripe.com/v1/invoices
2026-07-22 13:15:46,282 - INFO - Baþarýlý cevap: 200
2026-07-22 13:24:15,484 - INFO - GET isteði gönderiliyor: https://api.stripe.com/v1/customers
2026-07-22 13:24:16,880 - INFO - Baþarýlý cevap: 200
2026-07-22 13:24:16,882 - INFO - GET isteði gönderiliyor: https://api.stripe.com/v1/customers
2026-07-22 13:24:18,143 - INFO - Baþarýlý cevap: 200
2026-07-22 13:24:18,147 - INFO - GET isteði gönderiliyor: https://api.stripe.com/v1/customers
2026-07-22 13:24:19,014 - INFO - Baþarýlý cevap: 200
2026-07-22 13:24:19,017 - INFO - GET isteði gönderiliyor: https://api.stripe.com/v1/payment_intents
2026-07-22 13:24:20,264 - INFO - Baþarýlý cevap: 200
2026-07-22 13:24:20,267 - INFO - GET isteði gönderiliyor: https://api.stripe.com/v1/refunds
2026-07-22 13:24:20,773 - INFO - Baþarýlý cevap: 200
2026-07-22 13:24:20,774 - INFO - GET isteði gönderiliyor: https://api.stripe.com/v1/products
2026-07-22 13:24:21,418 - INFO - Baþarýlý cevap: 200
2026-07-22 13:24:22,339 - INFO - GET isteði gönderiliyor: https://api.stripe.com/v1/customers/cus_Uu0jKN86a5Br32
2026-07-22 13:24:22,994 - INFO - Baþarýlý cevap: 200
2026-07-22 13:24:23,009 - INFO - GET isteði gönderiliyor: https://api.stripe.com/v1/payment_intents
2026-07-22 13:24:24,042 - INFO - Baþarýlý cevap: 200
2026-07-22 13:24:35,343 - INFO - GET isteði gönderiliyor: https://api.stripe.com/v1/invoices
2026-07-22 13:24:35,989 - INFO - Baþarýlý cevap: 200
2026-07-22 13:28:36,744 - INFO - GET isteði gönderiliyor: https://api.stripe.com/v1/invoices
2026-07-22 13:28:37,473 - INFO - Baþarýlý cevap: 200
2026-07-22 13:28:41,851 - INFO - GET isteði gönderiliyor: https://api.stripe.com/v1/invoices
2026-07-22 13:28:42,335 - INFO - Baþarýlý cevap: 200
2026-07-22 13:44:01,660 - INFO - GET isteði gönderiliyor: https://api.stripe.com/v1/customers
2026-07-22 13:44:02,355 - INFO - Baþarýlý cevap: 200
2026-07-22 13:44:07,790 - INFO - GET isteði gönderiliyor: https://api.stripe.com/v1/customers/cus_Uu0jKN86a5Br32
2026-07-22 13:44:08,381 - INFO - Baþarýlý cevap: 200
2026-07-22 13:44:08,391 - INFO - GET isteði gönderiliyor: https://api.stripe.com/v1/payment_intents
2026-07-22 13:44:09,078 - INFO - Baþarýlý cevap: 200
2026-07-22 13:44:16,468 - INFO - GET isteði gönderiliyor: https://api.stripe.com/v1/invoices
2026-07-22 13:44:17,186 - INFO - Baþarýlý cevap: 200
2026-07-22 13:44:49,381 - INFO - GET isteði gönderiliyor: https://api.stripe.com/v1/customers/cus_Uu0jKN86a5Br32
2026-07-22 13:44:50,050 - INFO - Baþarýlý cevap: 200
2026-07-22 13:44:50,058 - INFO - GET isteði gönderiliyor: https://api.stripe.com/v1/payment_intents
2026-07-22 13:44:50,861 - INFO - Baþarýlý cevap: 200
2026-07-22 13:44:55,899 - INFO - GET isteði gönderiliyor: https://api.stripe.com/v1/invoices
2026-07-22 13:44:56,442 - INFO - Baþarýlý cevap: 200
2026-07-22 13:44:59,107 - INFO - GET isteði gönderiliyor: https://api.stripe.com/v1/invoices
2026-07-22 13:44:59,741 - INFO - Baþarýlý cevap: 200
2026-07-22 13:45:07,549 - INFO - GET isteði gönderiliyor: https://api.stripe.com/v1/invoices
2026-07-22 13:45:08,174 - INFO - Baþarýlý cevap: 200
2026-07-22 13:45:55,871 - INFO - GET isteði gönderiliyor: https://api.stripe.com/v1/invoices
2026-07-22 13:45:56,720 - INFO - Baþarýlý cevap: 200
2026-07-22 13:48:04,907 - INFO - GET isteði gönderiliyor: https://api.stripe.com/v1/customers
2026-07-22 13:48:06,242 - INFO - Baþarýlý cevap: 200
2026-07-22 13:48:06,246 - INFO - GET isteði gönderiliyor: https://api.stripe.com/v1/customers
2026-07-22 13:48:07,154 - INFO - GET isteði gönderiliyor: https://api.stripe.com/v1/customers/cus_Uu0jKN86a5Br32
2026-07-22 13:48:07,580 - INFO - Baþarýlý cevap: 200
2026-07-22 13:48:07,582 - INFO - GET isteði gönderiliyor: https://api.stripe.com/v1/customers
2026-07-22 13:48:07,718 - INFO - Baþarýlý cevap: 200
2026-07-22 13:48:07,728 - INFO - GET isteði gönderiliyor: https://api.stripe.com/v1/payment_intents
2026-07-22 13:48:08,480 - INFO - Baþarýlý cevap: 200
2026-07-22 13:48:08,625 - INFO - Baþarýlý cevap: 200
2026-07-22 13:48:08,629 - INFO - GET isteði gönderiliyor: https://api.stripe.com/v1/payment_intents
2026-07-22 13:48:09,993 - INFO - Baþarýlý cevap: 200
2026-07-22 13:48:09,995 - INFO - GET isteði gönderiliyor: https://api.stripe.com/v1/refunds
2026-07-22 13:48:10,486 - INFO - Baþarýlý cevap: 200
2026-07-22 13:48:10,488 - INFO - GET isteði gönderiliyor: https://api.stripe.com/v1/products
2026-07-22 13:48:11,246 - INFO - Baþarýlý cevap: 200
2026-07-22 13:48:20,254 - INFO - GET isteði gönderiliyor: https://api.stripe.com/v1/invoices
2026-07-22 13:48:20,861 - INFO - Baþarýlý cevap: 200
2026-07-22 13:48:20,878 - INFO - GET isteði gönderiliyor: https://api.stripe.com/v1/invoices
2026-07-22 13:48:21,433 - INFO - Baþarýlý cevap: 200
2026-07-22 13:48:31,559 - INFO - GET isteði gönderiliyor: https://api.stripe.com/v1/invoices
2026-07-22 13:48:32,383 - INFO - Baþarýlý cevap: 200
2026-07-22 13:48:32,400 - INFO - GET isteði gönderiliyor: https://api.stripe.com/v1/invoices
2026-07-22 13:48:33,190 - INFO - Baþarýlý cevap: 200
2026-07-22 13:49:24,189 - INFO - GET isteði gönderiliyor: https://api.stripe.com/v1/invoices
2026-07-22 13:49:24,968 - INFO - Baþarýlý cevap: 200
2026-07-22 13:49:24,988 - INFO - GET isteði gönderiliyor: https://api.stripe.com/v1/invoices
2026-07-22 13:49:25,576 - INFO - Baþarýlý cevap: 200
2026-07-22 17:27:01,638 - INFO - GET isteði gönderiliyor: https://api.stripe.com/v1/customers
2026-07-22 17:27:03,922 - INFO - Baþarýlý cevap: 200
2026-07-22 17:27:03,936 - INFO - GET isteði gönderiliyor: https://api.stripe.com/v1/customers
2026-07-22 17:27:04,643 - INFO - Baþarýlý cevap: 200
2026-07-22 17:27:07,451 - INFO - GET isteði gönderiliyor: https://api.stripe.com/v1/customers
2026-07-22 17:27:08,418 - INFO - Baþarýlý cevap: 200
2026-07-22 18:25:11,291 - INFO - GET isteði gönderiliyor: https://api.stripe.com/v1/customers
2026-07-22 18:25:13,286 - INFO - Baþarýlý cevap: 200
2026-07-22 18:25:13,325 - INFO - GET isteði gönderiliyor: https://api.stripe.com/v1/customers
2026-07-22 18:25:15,284 - INFO - Baþarýlý cevap: 200
2026-07-22 18:25:15,289 - INFO - GET isteði gönderiliyor: https://api.stripe.com/v1/customers
2026-07-22 18:25:16,256 - INFO - Baþarýlý cevap: 200
2026-07-22 18:25:16,296 - INFO - GET isteði gönderiliyor: https://api.stripe.com/v1/payment_intents
2026-07-22 18:25:17,506 - INFO - Baþarýlý cevap: 200
2026-07-22 18:25:17,543 - INFO - GET isteði gönderiliyor: https://api.stripe.com/v1/refunds
2026-07-22 18:25:18,045 - INFO - Baþarýlý cevap: 200
2026-07-22 18:25:18,048 - INFO - GET isteði gönderiliyor: https://api.stripe.com/v1/products
2026-07-22 18:25:18,762 - INFO - Baþarýlý cevap: 200
2026-07-22 18:25:20,713 - INFO - GET isteði gönderiliyor: https://api.stripe.com/v1/customers/cus_Uu0jKN86a5Br32
2026-07-22 18:25:21,322 - INFO - Baþarýlý cevap: 200
2026-07-22 18:25:21,376 - INFO - GET isteði gönderiliyor: https://api.stripe.com/v1/payment_intents
2026-07-22 18:25:22,143 - INFO - Baþarýlý cevap: 200
2026-07-22 18:25:42,259 - INFO - GET isteði gönderiliyor: https://api.stripe.com/v1/invoices
2026-07-22 18:25:43,016 - INFO - Baþarýlý cevap: 200
2026-07-22 18:25:43,119 - INFO - GET isteði gönderiliyor: https://api.stripe.com/v1/invoices
2026-07-22 18:25:43,802 - INFO - Baþarýlý cevap: 200
2026-07-22 18:26:02,523 - INFO - GET isteði gönderiliyor: https://api.stripe.com/v1/invoices
2026-07-22 18:26:02,982 - INFO - Baþarýlý cevap: 200
2026-07-22 18:26:02,998 - INFO - GET isteði gönderiliyor: https://api.stripe.com/v1/invoices
2026-07-22 18:26:03,613 - INFO - Baþarýlý cevap: 200
2026-07-22 18:26:11,485 - INFO - GET isteði gönderiliyor: https://api.stripe.com/v1/invoices
2026-07-22 18:26:12,111 - INFO - Baþarýlý cevap: 200
2026-07-22 18:26:12,218 - INFO - GET isteði gönderiliyor: https://api.stripe.com/v1/invoices
2026-07-22 18:26:12,846 - INFO - Baþarýlý cevap: 200
2026-07-23 09:31:51,609 - INFO - GET isteði gönderiliyor: https://api.stripe.com/v1/customers
2026-07-23 09:31:53,566 - INFO - Baþarýlý cevap: 200
2026-07-23 09:31:53,568 - INFO - GET isteði gönderiliyor: https://api.stripe.com/v1/customers
2026-07-23 09:31:54,743 - INFO - Baþarýlý cevap: 200
2026-07-23 09:31:54,749 - INFO - GET isteði gönderiliyor: https://api.stripe.com/v1/customers
2026-07-23 09:31:55,603 - INFO - Baþarýlý cevap: 200
2026-07-23 09:31:55,611 - INFO - GET isteði gönderiliyor: https://api.stripe.com/v1/payment_intents
2026-07-23 09:31:56,963 - INFO - Baþarýlý cevap: 200
2026-07-23 09:31:56,966 - INFO - GET isteði gönderiliyor: https://api.stripe.com/v1/refunds
2026-07-23 09:31:57,422 - INFO - Baþarýlý cevap: 200
2026-07-23 09:31:57,425 - INFO - GET isteði gönderiliyor: https://api.stripe.com/v1/products
2026-07-23 09:31:58,118 - INFO - Baþarýlý cevap: 200
2026-07-23 09:39:57,954 - INFO - GET isteði gönderiliyor: https://api.stripe.com/v1/customers
2026-07-23 09:39:59,848 - INFO - Baþarýlý cevap: 200
2026-07-23 09:39:59,853 - INFO - GET isteði gönderiliyor: https://api.stripe.com/v1/customers
2026-07-23 09:40:01,487 - INFO - Baþarýlý cevap: 200
2026-07-23 09:40:01,490 - INFO - GET isteði gönderiliyor: https://api.stripe.com/v1/customers
2026-07-23 09:40:02,696 - INFO - Baþarýlý cevap: 200
2026-07-23 09:40:02,699 - INFO - GET isteði gönderiliyor: https://api.stripe.com/v1/payment_intents
2026-07-23 09:40:04,454 - INFO - Baþarýlý cevap: 200
2026-07-23 09:40:04,457 - INFO - GET isteði gönderiliyor: https://api.stripe.com/v1/refunds
2026-07-23 09:40:04,974 - INFO - Baþarýlý cevap: 200
2026-07-23 09:40:04,975 - INFO - GET isteði gönderiliyor: https://api.stripe.com/v1/products
2026-07-23 09:40:05,696 - INFO - Baþarýlý cevap: 200
2026-07-23 09:41:22,082 - INFO - GET isteði gönderiliyor: https://api.stripe.com/v1/invoices
2026-07-23 09:41:24,151 - INFO - Baþarýlý cevap: 200
2026-07-23 09:47:15,558 - INFO - GET isteði gönderiliyor: https://api.stripe.com/v1/customers
2026-07-23 09:47:17,389 - INFO - Baþarýlý cevap: 200
2026-07-23 09:47:17,393 - INFO - GET isteði gönderiliyor: https://api.stripe.com/v1/customers
2026-07-23 09:47:19,035 - INFO - Baþarýlý cevap: 200
2026-07-23 09:47:19,039 - INFO - GET isteði gönderiliyor: https://api.stripe.com/v1/customers
2026-07-23 09:47:19,882 - INFO - Baþarýlý cevap: 200
2026-07-23 09:47:19,886 - INFO - GET isteði gönderiliyor: https://api.stripe.com/v1/payment_intents
2026-07-23 09:47:21,028 - INFO - Baþarýlý cevap: 200
2026-07-23 09:47:21,032 - INFO - GET isteði gönderiliyor: https://api.stripe.com/v1/refunds
2026-07-23 09:47:21,580 - INFO - Baþarýlý cevap: 200
2026-07-23 09:47:21,581 - INFO - GET isteði gönderiliyor: https://api.stripe.com/v1/products
2026-07-23 09:47:22,213 - INFO - Baþarýlý cevap: 200
2026-07-23 09:47:23,704 - INFO - GET isteði gönderiliyor: https://api.stripe.com/v1/invoices
2026-07-23 09:47:25,468 - INFO - Baþarýlý cevap: 200
2026-07-23 10:02:33,072 - INFO - GET isteði gönderiliyor: https://api.stripe.com/v1/customers
2026-07-23 10:02:35,014 - INFO - Baþarýlý cevap: 200
2026-07-23 10:02:35,018 - INFO - GET isteði gönderiliyor: https://api.stripe.com/v1/customers
2026-07-23 10:02:36,303 - INFO - Baþarýlý cevap: 200
2026-07-23 10:02:36,308 - INFO - GET isteði gönderiliyor: https://api.stripe.com/v1/customers
2026-07-23 10:02:37,402 - INFO - Baþarýlý cevap: 200
2026-07-23 10:02:37,406 - INFO - GET isteði gönderiliyor: https://api.stripe.com/v1/payment_intents
2026-07-23 10:02:38,938 - INFO - Baþarýlý cevap: 200
2026-07-23 10:02:38,943 - INFO - GET isteði gönderiliyor: https://api.stripe.com/v1/refunds
2026-07-23 10:02:39,524 - INFO - Baþarýlý cevap: 200
2026-07-23 10:02:39,528 - INFO - GET isteði gönderiliyor: https://api.stripe.com/v1/products
2026-07-23 10:02:40,302 - INFO - Baþarýlý cevap: 200
2026-07-23 10:03:21,043 - INFO - GET isteði gönderiliyor: https://api.stripe.com/v1/customers
2026-07-23 10:03:21,046 - INFO - GET isteði gönderiliyor: https://api.stripe.com/v1/products
2026-07-23 10:03:21,772 - INFO - Baþarýlý cevap: 200
2026-07-23 10:03:21,927 - INFO - Baþarýlý cevap: 200
2026-07-23 10:03:24,295 - INFO - GET isteði gönderiliyor: https://api.stripe.com/v1/invoices
2026-07-23 10:03:25,468 - INFO - Baþarýlý cevap: 200
2026-07-23 10:05:01,978 - INFO - GET isteði gönderiliyor: https://api.stripe.com/v1/customers/cus_Uu0jKN86a5Br32
2026-07-23 10:05:02,604 - INFO - Baþarýlý cevap: 200
2026-07-23 10:05:02,619 - INFO - GET isteði gönderiliyor: https://api.stripe.com/v1/payment_intents
2026-07-23 10:05:03,293 - INFO - Baþarýlý cevap: 200
2026-07-23 10:05:17,319 - INFO - GET isteði gönderiliyor: https://api.stripe.com/v1/invoices
2026-07-23 10:05:17,924 - INFO - Baþarýlý cevap: 200
2026-07-23 10:05:17,954 - INFO - GET isteði gönderiliyor: https://api.stripe.com/v1/invoices
2026-07-23 10:05:18,506 - INFO - Baþarýlý cevap: 200
2026-07-23 10:18:53,572 - INFO - GET isteði gönderiliyor: https://api.stripe.com/v1/customers
2026-07-23 10:18:55,258 - INFO - Baþarýlý cevap: 200
2026-07-23 10:18:55,264 - INFO - GET isteði gönderiliyor: https://api.stripe.com/v1/customers
2026-07-23 10:18:55,999 - INFO - GET isteði gönderiliyor: https://api.stripe.com/v1/customers/cus_Uu0jKN86a5Br32
2026-07-23 10:18:56,603 - INFO - Baþarýlý cevap: 200
2026-07-23 10:18:56,612 - INFO - GET isteði gönderiliyor: https://api.stripe.com/v1/payment_intents
2026-07-23 10:18:57,164 - INFO - Baþarýlý cevap: 200
2026-07-23 10:18:57,166 - INFO - GET isteði gönderiliyor: https://api.stripe.com/v1/customers
2026-07-23 10:18:57,430 - INFO - Baþarýlý cevap: 200
2026-07-23 10:18:58,216 - INFO - Baþarýlý cevap: 200
2026-07-23 10:18:58,219 - INFO - GET isteði gönderiliyor: https://api.stripe.com/v1/payment_intents
2026-07-23 10:18:59,686 - INFO - Baþarýlý cevap: 200
2026-07-23 10:18:59,690 - INFO - GET isteði gönderiliyor: https://api.stripe.com/v1/refunds
2026-07-23 10:19:00,270 - INFO - Baþarýlý cevap: 200
2026-07-23 10:19:00,272 - INFO - GET isteði gönderiliyor: https://api.stripe.com/v1/products
2026-07-23 10:19:00,995 - INFO - Baþarýlý cevap: 200
2026-07-23 10:42:08,522 - INFO - GET isteði gönderiliyor: https://api.stripe.com/v1/customers
2026-07-23 10:42:09,218 - INFO - Baþarýlý cevap: 200
2026-07-23 10:43:29,593 - INFO - POST isteði gönderiliyor: https://api.stripe.com/v1/invoices
2026-07-23 10:43:30,668 - INFO - Baþarýlý cevap: 200
2026-07-23 10:43:30,671 - INFO - POST isteði gönderiliyor: https://api.stripe.com/v1/invoiceitems
2026-07-23 10:43:31,413 - INFO - Baþarýlý cevap: 200
2026-07-23 10:43:31,415 - INFO - POST isteði gönderiliyor: https://api.stripe.com/v1/invoices/in_1TwHHyKBkUL9vnMV9Ss9Cfj9/finalize
2026-07-23 10:43:33,485 - INFO - Baþarýlý cevap: 200
2026-07-23 10:43:33,496 - INFO - GET isteði gönderiliyor: https://api.stripe.com/v1/customers
2026-07-23 10:43:33,497 - INFO - GET isteði gönderiliyor: https://api.stripe.com/v1/products
2026-07-23 10:43:33,498 - INFO - GET isteði gönderiliyor: https://api.stripe.com/v1/customers
2026-07-23 10:43:33,500 - INFO - GET isteði gönderiliyor: https://api.stripe.com/v1/payment_intents
2026-07-23 10:43:34,117 - INFO - Baþarýlý cevap: 200
2026-07-23 10:43:34,177 - INFO - Baþarýlý cevap: 200
2026-07-23 10:43:34,916 - INFO - Baþarýlý cevap: 200
2026-07-23 10:43:34,920 - INFO - GET isteði gönderiliyor: https://api.stripe.com/v1/customers
2026-07-23 10:43:35,052 - INFO - Baþarýlý cevap: 200
2026-07-23 10:43:36,551 - INFO - Baþarýlý cevap: 200
2026-07-23 10:43:36,553 - INFO - GET isteði gönderiliyor: https://api.stripe.com/v1/customers
2026-07-23 10:43:37,817 - INFO - Baþarýlý cevap: 200
2026-07-23 10:43:37,821 - INFO - GET isteði gönderiliyor: https://api.stripe.com/v1/payment_intents
2026-07-23 10:43:39,380 - INFO - Baþarýlý cevap: 200
2026-07-23 10:43:39,384 - INFO - GET isteði gönderiliyor: https://api.stripe.com/v1/refunds
2026-07-23 10:43:40,004 - INFO - Baþarýlý cevap: 200
2026-07-23 10:43:40,006 - INFO - GET isteði gönderiliyor: https://api.stripe.com/v1/products
2026-07-23 10:43:40,825 - INFO - Baþarýlý cevap: 200
2026-07-23 10:43:41,617 - INFO - GET isteði gönderiliyor: https://api.stripe.com/v1/customers/cus_Uu0jKN86a5Br32
2026-07-23 10:43:42,174 - INFO - Baþarýlý cevap: 200
2026-07-23 10:43:42,183 - INFO - GET isteði gönderiliyor: https://api.stripe.com/v1/payment_intents
2026-07-23 10:43:43,032 - INFO - Baþarýlý cevap: 200
2026-07-23 10:44:02,803 - INFO - GET isteði gönderiliyor: https://api.stripe.com/v1/customers
2026-07-23 10:44:02,805 - INFO - GET isteði gönderiliyor: https://api.stripe.com/v1/products
2026-07-23 10:44:03,623 - INFO - Baþarýlý cevap: 200
2026-07-23 10:44:04,269 - INFO - GET isteði gönderiliyor: https://api.stripe.com/v1/invoices
2026-07-23 10:44:04,715 - INFO - Baþarýlý cevap: 200
2026-07-23 10:44:05,231 - INFO - Baþarýlý cevap: 200
2026-07-23 10:44:09,966 - INFO - GET isteði gönderiliyor: https://api.stripe.com/v1/invoices/in_1TwHHyKBkUL9vnMV9Ss9Cfj9
2026-07-23 10:44:10,595 - INFO - Baþarýlý cevap: 200
2026-07-23 10:49:51,464 - INFO - GET isteði gönderiliyor: https://api.stripe.com/v1/customers
2026-07-23 10:49:52,734 - INFO - Baþarýlý cevap: 200
2026-07-23 10:49:52,736 - INFO - GET isteði gönderiliyor: https://api.stripe.com/v1/customers
2026-07-23 10:49:54,059 - INFO - Baþarýlý cevap: 200
2026-07-23 10:49:54,063 - INFO - GET isteði gönderiliyor: https://api.stripe.com/v1/customers
2026-07-23 10:49:55,137 - INFO - Baþarýlý cevap: 200
2026-07-23 10:49:55,139 - INFO - GET isteði gönderiliyor: https://api.stripe.com/v1/payment_intents
2026-07-23 10:49:56,482 - INFO - Baþarýlý cevap: 200
2026-07-23 10:49:56,486 - INFO - GET isteði gönderiliyor: https://api.stripe.com/v1/refunds
2026-07-23 10:49:56,994 - INFO - Baþarýlý cevap: 200
2026-07-23 10:49:56,997 - INFO - GET isteði gönderiliyor: https://api.stripe.com/v1/products
2026-07-23 10:49:57,682 - INFO - Baþarýlý cevap: 200
2026-07-23 10:50:09,408 - INFO - POST isteði gönderiliyor: https://api.stripe.com/v1/invoices
2026-07-23 10:50:10,190 - INFO - Baþarýlý cevap: 200
2026-07-23 10:50:10,192 - INFO - POST isteði gönderiliyor: https://api.stripe.com/v1/invoiceitems
2026-07-23 10:50:10,900 - INFO - Baþarýlý cevap: 200
2026-07-23 10:50:10,901 - INFO - POST isteði gönderiliyor: https://api.stripe.com/v1/invoices/in_1TwHOPKBkUL9vnMVyNhWu9Fp/finalize
2026-07-23 10:50:12,483 - INFO - Baþarýlý cevap: 200
2026-07-23 10:50:12,661 - INFO - Import Ýþlemi Tamamlandý: Baþlýksýz e-tablo - Sayfa1 (1).csv -> invoices (Baþarýlý: 1, Baþarýsýz: 0)
2026-07-23 10:50:12,670 - INFO - GET isteði gönderiliyor: https://api.stripe.com/v1/customers
2026-07-23 10:50:12,671 - INFO - GET isteði gönderiliyor: https://api.stripe.com/v1/customers
2026-07-23 10:50:12,672 - INFO - GET isteði gönderiliyor: https://api.stripe.com/v1/products
2026-07-23 10:50:12,674 - INFO - GET isteði gönderiliyor: https://api.stripe.com/v1/payment_intents
2026-07-23 10:50:13,225 - INFO - Baþarýlý cevap: 200
2026-07-23 10:50:13,351 - INFO - Baþarýlý cevap: 200
2026-07-23 10:50:13,399 - INFO - Baþarýlý cevap: 200
2026-07-23 10:50:14,004 - INFO - Baþarýlý cevap: 200
2026-07-23 10:50:14,007 - INFO - GET isteði gönderiliyor: https://api.stripe.com/v1/customers
2026-07-23 10:50:15,926 - INFO - Baþarýlý cevap: 200
2026-07-23 10:50:15,929 - INFO - GET isteði gönderiliyor: https://api.stripe.com/v1/customers
2026-07-23 10:50:16,801 - INFO - Baþarýlý cevap: 200
2026-07-23 10:50:16,804 - INFO - GET isteði gönderiliyor: https://api.stripe.com/v1/payment_intents
2026-07-23 10:50:18,242 - INFO - Baþarýlý cevap: 200
2026-07-23 10:50:18,247 - INFO - GET isteði gönderiliyor: https://api.stripe.com/v1/refunds
2026-07-23 10:50:18,743 - INFO - Baþarýlý cevap: 200
2026-07-23 10:50:18,745 - INFO - GET isteði gönderiliyor: https://api.stripe.com/v1/products
2026-07-23 10:50:19,525 - INFO - Baþarýlý cevap: 200
2026-07-23 10:52:03,178 - INFO - GET isteði gönderiliyor: https://api.stripe.com/v1/customers
2026-07-23 10:52:03,248 - INFO - GET isteði gönderiliyor: https://api.stripe.com/v1/customers
2026-07-23 10:52:04,017 - INFO - Baþarýlý cevap: 200
2026-07-23 10:52:04,020 - INFO - GET isteði gönderiliyor: https://api.stripe.com/v1/customers
2026-07-23 10:52:04,101 - INFO - Baþarýlý cevap: 200
2026-07-23 10:52:04,104 - INFO - GET isteði gönderiliyor: https://api.stripe.com/v1/customers
2026-07-23 10:52:04,927 - INFO - Baþarýlý cevap: 200
2026-07-23 10:52:04,930 - INFO - GET isteði gönderiliyor: https://api.stripe.com/v1/customers
2026-07-23 10:52:04,948 - INFO - Baþarýlý cevap: 200
2026-07-23 10:52:04,951 - INFO - GET isteði gönderiliyor: https://api.stripe.com/v1/customers
2026-07-23 10:52:05,486 - INFO - Baþarýlý cevap: 200
2026-07-23 10:52:05,489 - INFO - GET isteði gönderiliyor: https://api.stripe.com/v1/payment_intents
2026-07-23 10:52:05,523 - INFO - GET isteði gönderiliyor: https://api.stripe.com/v1/customers/cus_Uu0jKN86a5Br32
2026-07-23 10:52:05,544 - INFO - Baþarýlý cevap: 200
2026-07-23 10:52:05,547 - INFO - GET isteði gönderiliyor: https://api.stripe.com/v1/payment_intents
2026-07-23 10:52:06,037 - INFO - Baþarýlý cevap: 200
2026-07-23 10:52:06,045 - INFO - GET isteði gönderiliyor: https://api.stripe.com/v1/payment_intents
2026-07-23 10:52:06,838 - INFO - Baþarýlý cevap: 200
2026-07-23 10:52:06,947 - INFO - Baþarýlý cevap: 200
2026-07-23 10:52:06,950 - INFO - GET isteði gönderiliyor: https://api.stripe.com/v1/refunds
2026-07-23 10:52:07,243 - INFO - Baþarýlý cevap: 200
2026-07-23 10:52:07,246 - INFO - GET isteði gönderiliyor: https://api.stripe.com/v1/refunds
2026-07-23 10:52:07,454 - INFO - Baþarýlý cevap: 200
2026-07-23 10:52:07,456 - INFO - GET isteði gönderiliyor: https://api.stripe.com/v1/products
2026-07-23 10:52:07,770 - INFO - Baþarýlý cevap: 200
2026-07-23 10:52:07,772 - INFO - GET isteði gönderiliyor: https://api.stripe.com/v1/products
2026-07-23 10:52:08,109 - INFO - Baþarýlý cevap: 200
2026-07-23 10:52:08,364 - INFO - Baþarýlý cevap: 200
2026-07-23 10:52:20,166 - INFO - POST isteði gönderiliyor: https://api.stripe.com/v1/invoices
2026-07-23 10:52:20,968 - INFO - Baþarýlý cevap: 200
2026-07-23 10:52:20,970 - INFO - POST isteði gönderiliyor: https://api.stripe.com/v1/invoiceitems
2026-07-23 10:52:21,786 - INFO - Baþarýlý cevap: 200
2026-07-23 10:52:21,789 - INFO - POST isteði gönderiliyor: https://api.stripe.com/v1/invoices/in_1TwHQWKBkUL9vnMVqLfKTLhK/finalize
2026-07-23 10:52:23,427 - INFO - Baþarýlý cevap: 200
2026-07-23 10:52:23,468 - INFO - Import Ýþlemi Tamamlandý: Baþlýksýz e-tablo - Sayfa1 (2).csv -> invoices (Baþarýlý: 1, Baþarýsýz: 0)
2026-07-23 10:52:23,476 - INFO - GET isteði gönderiliyor: https://api.stripe.com/v1/customers
2026-07-23 10:52:23,477 - INFO - GET isteði gönderiliyor: https://api.stripe.com/v1/customers
2026-07-23 10:52:23,479 - INFO - GET isteði gönderiliyor: https://api.stripe.com/v1/products
2026-07-23 10:52:23,481 - INFO - GET isteði gönderiliyor: https://api.stripe.com/v1/payment_intents
2026-07-23 10:52:24,088 - INFO - Baþarýlý cevap: 200
2026-07-23 10:52:24,089 - INFO - Baþarýlý cevap: 200
2026-07-23 10:52:24,328 - INFO - Baþarýlý cevap: 200
2026-07-23 10:52:24,680 - INFO - Baþarýlý cevap: 200
2026-07-23 10:52:24,683 - INFO - GET isteði gönderiliyor: https://api.stripe.com/v1/customers
2026-07-23 10:52:26,539 - INFO - Baþarýlý cevap: 200
2026-07-23 10:52:26,544 - INFO - GET isteði gönderiliyor: https://api.stripe.com/v1/customers
2026-07-23 10:52:27,532 - INFO - Baþarýlý cevap: 200
2026-07-23 10:52:27,535 - INFO - GET isteði gönderiliyor: https://api.stripe.com/v1/payment_intents
2026-07-23 10:52:28,905 - INFO - Baþarýlý cevap: 200
2026-07-23 10:52:28,908 - INFO - GET isteði gönderiliyor: https://api.stripe.com/v1/refunds
2026-07-23 10:52:29,548 - INFO - Baþarýlý cevap: 200
2026-07-23 10:52:29,549 - INFO - GET isteði gönderiliyor: https://api.stripe.com/v1/products
2026-07-23 10:52:30,200 - INFO - Baþarýlý cevap: 200
2026-07-23 10:53:41,267 - INFO - GET isteði gönderiliyor: https://api.stripe.com/v1/customers/cus_Uu0jKN86a5Br32
2026-07-23 10:53:41,960 - INFO - Baþarýlý cevap: 200
2026-07-23 10:53:41,972 - INFO - GET isteði gönderiliyor: https://api.stripe.com/v1/payment_intents
2026-07-23 10:53:42,795 - INFO - Baþarýlý cevap: 200
2026-07-23 10:53:46,783 - INFO - GET isteði gönderiliyor: https://api.stripe.com/v1/customers
2026-07-23 10:53:46,785 - INFO - GET isteði gönderiliyor: https://api.stripe.com/v1/products
2026-07-23 10:53:47,419 - INFO - Baþarýlý cevap: 200
2026-07-23 10:53:47,611 - INFO - Baþarýlý cevap: 200
2026-07-23 10:53:47,905 - INFO - GET isteði gönderiliyor: https://api.stripe.com/v1/invoices
2026-07-23 10:53:49,864 - INFO - Baþarýlý cevap: 200
2026-07-23 12:28:25,827 - INFO - GET isteði gönderiliyor: https://api.stripe.com/v1/customers
2026-07-23 12:28:26,767 - INFO - Baþarýlý cevap: 200
2026-07-23 12:29:16,488 - INFO - POST isteði gönderiliyor: https://api.stripe.com/v1/invoices
2026-07-23 12:29:17,455 - INFO - Baþarýlý cevap: 200
2026-07-23 12:29:17,458 - INFO - POST isteði gönderiliyor: https://api.stripe.com/v1/invoiceitems
2026-07-23 12:29:18,888 - INFO - Baþarýlý cevap: 200
2026-07-23 12:29:18,891 - INFO - POST isteði gönderiliyor: https://api.stripe.com/v1/invoices/in_1TwIwKKBkUL9vnMVZb86Cw2O/finalize
2026-07-23 12:29:20,741 - INFO - Baþarýlý cevap: 200
2026-07-23 12:29:20,801 - INFO - Import Ýþlemi Tamamlandý: Baþlýksýz e-tablo - Sayfa1 (3).csv -> invoices (Baþarýlý: 1, Baþarýsýz: 0)
2026-07-23 12:29:20,814 - INFO - GET isteði gönderiliyor: https://api.stripe.com/v1/customers
2026-07-23 12:29:20,814 - INFO - GET isteði gönderiliyor: https://api.stripe.com/v1/customers
2026-07-23 12:29:20,818 - INFO - GET isteði gönderiliyor: https://api.stripe.com/v1/products
2026-07-23 12:29:20,821 - INFO - GET isteði gönderiliyor: https://api.stripe.com/v1/payment_intents
2026-07-23 12:29:22,271 - INFO - Baþarýlý cevap: 200
2026-07-23 12:29:22,356 - INFO - Baþarýlý cevap: 200
2026-07-23 12:29:22,486 - INFO - Baþarýlý cevap: 200
2026-07-23 12:29:23,088 - INFO - Baþarýlý cevap: 200
2026-07-23 12:29:23,096 - INFO - GET isteði gönderiliyor: https://api.stripe.com/v1/customers
2026-07-23 12:29:24,925 - INFO - Baþarýlý cevap: 200
2026-07-23 12:29:24,929 - INFO - GET isteði gönderiliyor: https://api.stripe.com/v1/customers
2026-07-23 12:29:25,771 - INFO - Baþarýlý cevap: 200
2026-07-23 12:29:25,774 - INFO - GET isteði gönderiliyor: https://api.stripe.com/v1/payment_intents
2026-07-23 12:29:27,345 - INFO - Baþarýlý cevap: 200
2026-07-23 12:29:27,348 - INFO - GET isteði gönderiliyor: https://api.stripe.com/v1/refunds
2026-07-23 12:29:29,130 - INFO - Baþarýlý cevap: 200
2026-07-23 12:29:29,132 - INFO - GET isteði gönderiliyor: https://api.stripe.com/v1/products
2026-07-23 12:29:29,847 - INFO - Baþarýlý cevap: 200
2026-07-23 12:31:10,960 - INFO - GET isteði gönderiliyor: https://api.stripe.com/v1/customers
2026-07-23 12:31:11,642 - INFO - Baþarýlý cevap: 200
2026-07-23 12:34:45,719 - INFO - POST isteði gönderiliyor: https://api.stripe.com/v1/invoices
2026-07-23 12:34:46,609 - INFO - Baþarýlý cevap: 200
2026-07-23 12:34:46,612 - INFO - POST isteði gönderiliyor: https://api.stripe.com/v1/invoiceitems
2026-07-23 12:34:47,278 - INFO - Baþarýlý cevap: 200
2026-07-23 12:34:47,281 - INFO - POST isteði gönderiliyor: https://api.stripe.com/v1/invoices/in_1TwJ1dKBkUL9vnMVcr3sr8LO/finalize
2026-07-23 12:34:48,981 - INFO - Baþarýlý cevap: 200
2026-07-23 12:34:49,027 - INFO - Import Ýþlemi Tamamlandý: Baþlýksýz e-tablo - Sayfa1 (4).csv -> invoices (Baþarýlý: 1, Baþarýsýz: 0)
2026-07-23 12:34:49,135 - INFO - GET isteði gönderiliyor: https://api.stripe.com/v1/customers
2026-07-23 12:34:49,152 - INFO - GET isteði gönderiliyor: https://api.stripe.com/v1/customers
2026-07-23 12:34:49,170 - INFO - GET isteði gönderiliyor: https://api.stripe.com/v1/products
2026-07-23 12:34:49,184 - INFO - GET isteði gönderiliyor: https://api.stripe.com/v1/payment_intents
2026-07-23 12:34:49,757 - INFO - Baþarýlý cevap: 200
2026-07-23 12:34:49,780 - INFO - Baþarýlý cevap: 200
2026-07-23 12:34:50,063 - INFO - Baþarýlý cevap: 200
2026-07-23 12:34:50,733 - INFO - Baþarýlý cevap: 200
2026-07-23 12:34:50,737 - INFO - GET isteði gönderiliyor: https://api.stripe.com/v1/customers
2026-07-23 12:34:52,074 - INFO - Baþarýlý cevap: 200
2026-07-23 12:34:52,077 - INFO - GET isteði gönderiliyor: https://api.stripe.com/v1/customers
2026-07-23 12:34:53,212 - INFO - Baþarýlý cevap: 200
2026-07-23 12:34:53,215 - INFO - GET isteði gönderiliyor: https://api.stripe.com/v1/payment_intents
2026-07-23 12:34:54,461 - INFO - Baþarýlý cevap: 200
2026-07-23 12:34:54,465 - INFO - GET isteði gönderiliyor: https://api.stripe.com/v1/refunds
2026-07-23 12:34:54,971 - INFO - Baþarýlý cevap: 200
2026-07-23 12:34:54,974 - INFO - GET isteði gönderiliyor: https://api.stripe.com/v1/products
2026-07-23 12:34:55,681 - INFO - Baþarýlý cevap: 200
2026-07-23 12:56:20,926 - INFO - GET isteði gönderiliyor: https://api.stripe.com/v1/customers
2026-07-23 12:56:22,163 - INFO - Baþarýlý cevap: 200
2026-07-23 12:56:22,166 - INFO - GET isteði gönderiliyor: https://api.stripe.com/v1/customers
2026-07-23 12:56:23,757 - INFO - Baþarýlý cevap: 200
2026-07-23 12:56:23,760 - INFO - GET isteði gönderiliyor: https://api.stripe.com/v1/customers
2026-07-23 12:56:24,848 - INFO - Baþarýlý cevap: 200
2026-07-23 12:56:24,851 - INFO - GET isteði gönderiliyor: https://api.stripe.com/v1/payment_intents
2026-07-23 12:56:26,653 - INFO - Baþarýlý cevap: 200
2026-07-23 12:56:26,655 - INFO - GET isteði gönderiliyor: https://api.stripe.com/v1/refunds
2026-07-23 12:56:27,152 - INFO - Baþarýlý cevap: 200
2026-07-23 12:56:27,154 - INFO - GET isteði gönderiliyor: https://api.stripe.com/v1/products
2026-07-23 12:56:27,777 - INFO - Baþarýlý cevap: 200
2026-07-23 12:56:28,075 - INFO - GET isteði gönderiliyor: https://api.stripe.com/v1/customers/cus_Uu0jKN86a5Br32
2026-07-23 12:56:28,618 - INFO - Baþarýlý cevap: 200
2026-07-23 12:56:28,631 - INFO - GET isteði gönderiliyor: https://api.stripe.com/v1/payment_intents
2026-07-23 12:56:29,488 - INFO - Baþarýlý cevap: 200
2026-07-23 12:56:37,821 - INFO - GET isteði gönderiliyor: https://api.stripe.com/v1/invoices
2026-07-23 12:56:38,723 - INFO - Baþarýlý cevap: 200
2026-07-23 12:56:38,757 - INFO - GET isteði gönderiliyor: https://api.stripe.com/v1/invoices
2026-07-23 12:56:39,573 - INFO - Baþarýlý cevap: 200
2026-07-23 12:56:48,064 - INFO - GET isteði gönderiliyor: https://api.stripe.com/v1/invoices
2026-07-23 12:56:48,658 - INFO - Baþarýlý cevap: 200
2026-07-23 12:56:48,673 - INFO - GET isteði gönderiliyor: https://api.stripe.com/v1/invoices
2026-07-23 12:56:49,255 - INFO - Baþarýlý cevap: 200
2026-07-23 12:58:33,458 - INFO - GET isteði gönderiliyor: https://api.stripe.com/v1/invoices
2026-07-23 12:58:34,169 - INFO - Baþarýlý cevap: 200
2026-07-23 12:58:34,188 - INFO - GET isteði gönderiliyor: https://api.stripe.com/v1/invoices
2026-07-23 12:58:34,764 - INFO - Baþarýlý cevap: 200
2026-07-23 13:36:29,922 - INFO - GET isteði gönderiliyor: https://api.stripe.com/v1/customers/cus_Uu0jKN86a5Br32
2026-07-23 13:36:30,486 - INFO - Baþarýlý cevap: 200
2026-07-23 13:36:30,492 - INFO - GET isteði gönderiliyor: https://api.stripe.com/v1/payment_intents
2026-07-23 13:36:31,275 - INFO - Baþarýlý cevap: 200
2026-07-23 13:36:41,625 - INFO - GET isteði gönderiliyor: https://api.stripe.com/v1/invoices
2026-07-23 13:36:42,416 - INFO - Baþarýlý cevap: 200
2026-07-23 13:36:42,526 - INFO - GET isteði gönderiliyor: https://api.stripe.com/v1/invoices
2026-07-23 13:36:43,446 - INFO - Baþarýlý cevap: 200
2026-07-23 13:37:13,736 - INFO - GET isteði gönderiliyor: https://api.stripe.com/v1/customers
2026-07-23 13:37:14,460 - INFO - Baþarýlý cevap: 200
2026-07-23 13:37:23,271 - INFO - GET isteði gönderiliyor: https://api.stripe.com/v1/customers
2026-07-23 13:37:24,758 - INFO - Baþarýlý cevap: 200
2026-07-23 13:37:24,762 - INFO - GET isteði gönderiliyor: https://api.stripe.com/v1/customers
2026-07-23 13:37:25,979 - INFO - Baþarýlý cevap: 200
2026-07-23 13:37:25,985 - INFO - GET isteði gönderiliyor: https://api.stripe.com/v1/customers
2026-07-23 13:37:27,132 - INFO - Baþarýlý cevap: 200
2026-07-23 13:37:27,136 - INFO - GET isteði gönderiliyor: https://api.stripe.com/v1/payment_intents
2026-07-23 13:37:28,408 - INFO - Baþarýlý cevap: 200
2026-07-23 13:37:28,413 - INFO - GET isteði gönderiliyor: https://api.stripe.com/v1/refunds
2026-07-23 13:37:28,906 - INFO - Baþarýlý cevap: 200
2026-07-23 13:37:28,909 - INFO - GET isteði gönderiliyor: https://api.stripe.com/v1/products
2026-07-23 13:37:29,520 - INFO - Baþarýlý cevap: 200
2026-07-23 13:37:42,774 - INFO - GET isteði gönderiliyor: https://api.stripe.com/v1/customers/cus_Uu0jKN86a5Br32
2026-07-23 13:37:43,295 - INFO - Baþarýlý cevap: 200
2026-07-23 13:37:43,307 - INFO - GET isteði gönderiliyor: https://api.stripe.com/v1/payment_intents
2026-07-23 13:37:44,123 - INFO - Baþarýlý cevap: 200
2026-07-23 13:37:52,820 - INFO - GET isteði gönderiliyor: https://api.stripe.com/v1/invoices
2026-07-23 13:37:53,802 - INFO - Baþarýlý cevap: 200
2026-07-23 13:37:53,869 - INFO - GET isteði gönderiliyor: https://api.stripe.com/v1/invoices
2026-07-23 13:37:54,666 - INFO - Baþarýlý cevap: 200
2026-07-23 13:52:52,461 - INFO - GET isteði gönderiliyor: https://api.stripe.com/v1/customers
2026-07-23 13:52:52,463 - INFO - GET isteði gönderiliyor: https://api.stripe.com/v1/customers
2026-07-23 13:52:52,469 - INFO - GET isteði gönderiliyor: https://api.stripe.com/v1/products
2026-07-23 13:52:53,154 - INFO - Baþarýlý cevap: 200
2026-07-23 13:52:53,169 - INFO - Baþarýlý cevap: 200
2026-07-23 13:52:54,097 - INFO - Baþarýlý cevap: 200
2026-07-23 13:53:06,714 - INFO - POST isteði gönderiliyor: https://api.stripe.com/v1/invoices
2026-07-23 13:53:07,723 - INFO - Baþarýlý cevap: 200
2026-07-23 13:53:07,726 - INFO - POST isteði gönderiliyor: https://api.stripe.com/v1/invoiceitems
2026-07-23 13:53:08,562 - INFO - Baþarýlý cevap: 200
2026-07-23 13:53:08,564 - INFO - POST isteði gönderiliyor: https://api.stripe.com/v1/invoices/in_1TwKFTKBkUL9vnMV52MTNUTe/finalize
2026-07-23 13:53:10,263 - INFO - Baþarýlý cevap: 200
2026-07-23 13:53:10,286 - INFO - Import Ýþlemi Tamamlandý: Baþlýksýz e-tablo - Sayfa1 (5).csv -> invoices (Baþarýlý: 1, Baþarýsýz: 0)
2026-07-23 13:53:10,297 - INFO - GET isteði gönderiliyor: https://api.stripe.com/v1/customers
2026-07-23 13:53:10,302 - INFO - GET isteði gönderiliyor: https://api.stripe.com/v1/customers
2026-07-23 13:53:10,309 - INFO - GET isteði gönderiliyor: https://api.stripe.com/v1/products
2026-07-23 13:53:10,315 - INFO - GET isteði gönderiliyor: https://api.stripe.com/v1/payment_intents
2026-07-23 13:53:10,871 - INFO - Baþarýlý cevap: 200
2026-07-23 13:53:11,132 - INFO - Baþarýlý cevap: 200
2026-07-23 13:53:11,342 - INFO - Baþarýlý cevap: 200
2026-07-23 13:53:11,846 - INFO - Baþarýlý cevap: 200
2026-07-23 13:53:11,850 - INFO - GET isteði gönderiliyor: https://api.stripe.com/v1/customers
2026-07-23 13:53:13,034 - INFO - Baþarýlý cevap: 200
2026-07-23 13:53:13,040 - INFO - GET isteði gönderiliyor: https://api.stripe.com/v1/customers
2026-07-23 13:53:13,981 - INFO - Baþarýlý cevap: 200
2026-07-23 13:53:13,984 - INFO - GET isteði gönderiliyor: https://api.stripe.com/v1/payment_intents
2026-07-23 13:53:15,533 - INFO - Baþarýlý cevap: 200
2026-07-23 13:53:15,535 - INFO - GET isteði gönderiliyor: https://api.stripe.com/v1/refunds
2026-07-23 13:53:16,065 - INFO - Baþarýlý cevap: 200
2026-07-23 13:53:16,068 - INFO - GET isteði gönderiliyor: https://api.stripe.com/v1/products
2026-07-23 13:53:16,799 - INFO - Baþarýlý cevap: 200
2026-07-23 13:53:28,525 - INFO - GET isteði gönderiliyor: https://api.stripe.com/v1/customers/cus_Uu0jKN86a5Br32
2026-07-23 13:53:29,093 - INFO - Baþarýlý cevap: 200
2026-07-23 13:53:29,109 - INFO - GET isteði gönderiliyor: https://api.stripe.com/v1/payment_intents
2026-07-23 13:53:30,017 - INFO - Baþarýlý cevap: 200
2026-07-23 13:53:39,346 - INFO - GET isteði gönderiliyor: https://api.stripe.com/v1/invoices
2026-07-23 13:53:40,493 - INFO - Baþarýlý cevap: 200
2026-07-23 13:53:40,525 - INFO - GET isteði gönderiliyor: https://api.stripe.com/v1/invoices
2026-07-23 13:53:41,570 - INFO - Baþarýlý cevap: 200
2026-07-23 13:57:26,395 - INFO - GET isteði gönderiliyor: https://api.stripe.com/v1/invoices
2026-07-23 13:57:27,206 - INFO - Baþarýlý cevap: 200
2026-07-23 13:57:27,270 - INFO - GET isteði gönderiliyor: https://api.stripe.com/v1/invoices
2026-07-23 13:57:28,071 - INFO - Baþarýlý cevap: 200
2026-07-23 13:58:56,684 - INFO - GET isteði gönderiliyor: https://api.stripe.com/v1/invoices
2026-07-23 13:58:57,875 - INFO - Baþarýlý cevap: 200
2026-07-23 13:58:57,919 - INFO - GET isteði gönderiliyor: https://api.stripe.com/v1/invoices
2026-07-23 13:58:59,061 - INFO - Baþarýlý cevap: 200
2026-07-23 13:59:35,951 - INFO - GET isteði gönderiliyor: https://api.stripe.com/v1/invoices
2026-07-23 13:59:36,735 - INFO - Baþarýlý cevap: 200
2026-07-23 13:59:36,780 - INFO - GET isteði gönderiliyor: https://api.stripe.com/v1/invoices
2026-07-23 13:59:37,505 - INFO - Baþarýlý cevap: 200
2026-07-23 13:59:52,825 - INFO - GET isteði gönderiliyor: https://api.stripe.com/v1/invoices
2026-07-23 13:59:53,680 - INFO - Baþarýlý cevap: 200
2026-07-23 13:59:53,731 - INFO - GET isteði gönderiliyor: https://api.stripe.com/v1/invoices
2026-07-23 13:59:54,648 - INFO - Baþarýlý cevap: 200
2026-07-23 14:22:35,442 - INFO - GET isteði gönderiliyor: https://api.stripe.com/v1/customers
2026-07-23 14:22:35,445 - INFO - GET isteði gönderiliyor: https://api.stripe.com/v1/products
2026-07-23 14:22:36,596 - INFO - Baþarýlý cevap: 200
2026-07-23 14:22:37,345 - INFO - Baþarýlý cevap: 200
2026-07-23 14:22:37,379 - INFO - GET isteði gönderiliyor: https://api.stripe.com/v1/invoices
2026-07-23 14:22:38,914 - INFO - Baþarýlý cevap: 200
2026-07-23 14:28:15,559 - INFO - POST isteði gönderiliyor: https://api.stripe.com/v1/invoices
2026-07-23 14:28:16,907 - INFO - Baþarýlý cevap: 200
2026-07-23 14:28:16,911 - INFO - POST isteði gönderiliyor: https://api.stripe.com/v1/invoiceitems
2026-07-23 14:28:17,898 - INFO - Baþarýlý cevap: 200
2026-07-23 14:28:17,900 - INFO - POST isteði gönderiliyor: https://api.stripe.com/v1/invoices/in_1TwKnUKBkUL9vnMVzYqjkrfx/finalize
2026-07-23 14:28:19,763 - INFO - Baþarýlý cevap: 200
2026-07-23 14:28:19,766 - INFO - POST isteði gönderiliyor: https://api.stripe.com/v1/invoices
2026-07-23 14:28:37,821 - ERROR - Sunucu zamanýnda cevap vermedi: https://api.stripe.com/v1/invoices
2026-07-23 14:28:52,914 - INFO - POST isteði gönderiliyor: https://api.stripe.com/v1/invoices
2026-07-23 14:28:54,163 - INFO - Baþarýlý cevap: 200
2026-07-23 14:28:54,164 - INFO - POST isteði gönderiliyor: https://api.stripe.com/v1/invoiceitems
2026-07-23 14:28:55,096 - INFO - Baþarýlý cevap: 200
2026-07-23 14:28:55,097 - INFO - POST isteði gönderiliyor: https://api.stripe.com/v1/invoices/in_1TwKo5KBkUL9vnMVsig84wTa/finalize
2026-07-23 14:28:56,939 - INFO - Baþarýlý cevap: 200
2026-07-23 14:28:56,942 - INFO - POST isteði gönderiliyor: https://api.stripe.com/v1/invoices
2026-07-23 14:28:58,331 - INFO - Baþarýlý cevap: 200
2026-07-23 14:28:58,332 - INFO - POST isteði gönderiliyor: https://api.stripe.com/v1/invoiceitems
2026-07-23 14:28:59,258 - INFO - Baþarýlý cevap: 200
2026-07-23 14:28:59,260 - INFO - POST isteði gönderiliyor: https://api.stripe.com/v1/invoices/in_1TwKo9KBkUL9vnMVqveL061I/finalize
2026-07-23 14:29:00,991 - INFO - Baþarýlý cevap: 200
2026-07-23 14:29:00,992 - INFO - POST isteði gönderiliyor: https://api.stripe.com/v1/invoices
2026-07-23 14:29:03,060 - INFO - Baþarýlý cevap: 200
2026-07-23 14:29:03,062 - INFO - POST isteði gönderiliyor: https://api.stripe.com/v1/invoiceitems
2026-07-23 14:29:04,752 - INFO - Baþarýlý cevap: 200
2026-07-23 14:29:04,753 - INFO - POST isteði gönderiliyor: https://api.stripe.com/v1/invoices/in_1TwKoEKBkUL9vnMVcVAPp98u/finalize
2026-07-23 14:29:08,295 - INFO - Baþarýlý cevap: 200
2026-07-23 14:29:08,298 - INFO - POST isteði gönderiliyor: https://api.stripe.com/v1/invoices
2026-07-23 14:29:09,362 - INFO - Baþarýlý cevap: 200
2026-07-23 14:29:09,364 - INFO - POST isteði gönderiliyor: https://api.stripe.com/v1/invoiceitems
2026-07-23 14:29:10,258 - INFO - Baþarýlý cevap: 200
2026-07-23 14:29:10,260 - INFO - POST isteði gönderiliyor: https://api.stripe.com/v1/invoices/in_1TwKoKKBkUL9vnMVbW7j8mTE/finalize
2026-07-23 14:29:12,325 - INFO - Baþarýlý cevap: 200
2026-07-23 14:29:12,327 - INFO - POST isteði gönderiliyor: https://api.stripe.com/v1/invoices
2026-07-23 14:29:13,403 - INFO - Baþarýlý cevap: 200
2026-07-23 14:29:13,404 - INFO - POST isteði gönderiliyor: https://api.stripe.com/v1/invoiceitems
2026-07-23 14:29:14,662 - INFO - Baþarýlý cevap: 200
2026-07-23 14:29:14,663 - INFO - POST isteði gönderiliyor: https://api.stripe.com/v1/invoices/in_1TwKoOKBkUL9vnMVF3QV7exD/finalize
2026-07-23 14:29:16,591 - INFO - Baþarýlý cevap: 200
2026-07-23 14:29:16,592 - INFO - POST isteði gönderiliyor: https://api.stripe.com/v1/invoices
2026-07-23 14:29:17,617 - INFO - Baþarýlý cevap: 200
2026-07-23 14:29:17,618 - INFO - POST isteði gönderiliyor: https://api.stripe.com/v1/invoiceitems
2026-07-23 14:29:18,532 - INFO - Baþarýlý cevap: 200
2026-07-23 14:29:18,533 - INFO - POST isteði gönderiliyor: https://api.stripe.com/v1/invoices/in_1TwKoSKBkUL9vnMVHPTNVYzs/finalize
2026-07-23 14:29:20,491 - INFO - Baþarýlý cevap: 200
2026-07-23 14:29:20,493 - INFO - POST isteði gönderiliyor: https://api.stripe.com/v1/invoices
2026-07-23 14:29:21,532 - INFO - Baþarýlý cevap: 200
2026-07-23 14:29:21,533 - INFO - POST isteði gönderiliyor: https://api.stripe.com/v1/invoiceitems
2026-07-23 14:29:22,478 - INFO - Baþarýlý cevap: 200
2026-07-23 14:29:22,480 - INFO - POST isteði gönderiliyor: https://api.stripe.com/v1/invoices/in_1TwKoWKBkUL9vnMVJ5z7Ne2y/finalize
2026-07-23 14:29:24,635 - INFO - Baþarýlý cevap: 200
2026-07-23 14:29:24,638 - INFO - POST isteði gönderiliyor: https://api.stripe.com/v1/invoices
2026-07-23 14:29:25,842 - INFO - Baþarýlý cevap: 200
2026-07-23 14:29:25,844 - INFO - POST isteði gönderiliyor: https://api.stripe.com/v1/invoiceitems
2026-07-23 14:29:26,985 - INFO - Baþarýlý cevap: 200
2026-07-23 14:29:26,987 - INFO - POST isteði gönderiliyor: https://api.stripe.com/v1/invoices/in_1TwKobKBkUL9vnMVXitAnLdw/finalize
2026-07-23 14:29:29,005 - INFO - Baþarýlý cevap: 200
2026-07-23 14:29:29,007 - INFO - POST isteði gönderiliyor: https://api.stripe.com/v1/invoices
2026-07-23 14:29:30,042 - INFO - Baþarýlý cevap: 200
2026-07-23 14:29:30,043 - INFO - POST isteði gönderiliyor: https://api.stripe.com/v1/invoiceitems
2026-07-23 14:29:30,965 - INFO - Baþarýlý cevap: 200
2026-07-23 14:29:30,966 - INFO - POST isteði gönderiliyor: https://api.stripe.com/v1/invoices/in_1TwKofKBkUL9vnMVyMgBQkVx/finalize
2026-07-23 14:29:32,869 - INFO - Baþarýlý cevap: 200
2026-07-23 14:29:32,871 - INFO - POST isteði gönderiliyor: https://api.stripe.com/v1/invoices
2026-07-23 14:29:34,131 - INFO - Baþarýlý cevap: 200
2026-07-23 14:29:34,133 - INFO - POST isteði gönderiliyor: https://api.stripe.com/v1/invoiceitems
2026-07-23 14:29:35,278 - INFO - Baþarýlý cevap: 200
2026-07-23 14:29:35,279 - INFO - POST isteði gönderiliyor: https://api.stripe.com/v1/invoices/in_1TwKojKBkUL9vnMV1veSzUAG/finalize
2026-07-23 14:29:37,591 - INFO - Baþarýlý cevap: 200
2026-07-23 14:29:37,592 - INFO - POST isteði gönderiliyor: https://api.stripe.com/v1/invoices
2026-07-23 14:29:38,669 - INFO - Baþarýlý cevap: 200
2026-07-23 14:29:38,670 - INFO - POST isteði gönderiliyor: https://api.stripe.com/v1/invoiceitems
2026-07-23 14:29:39,592 - INFO - Baþarýlý cevap: 200
2026-07-23 14:29:39,594 - INFO - POST isteði gönderiliyor: https://api.stripe.com/v1/invoices/in_1TwKonKBkUL9vnMV7GVKyizy/finalize
2026-07-23 14:29:41,435 - INFO - Baþarýlý cevap: 200
2026-07-23 14:29:41,438 - INFO - POST isteði gönderiliyor: https://api.stripe.com/v1/invoices
2026-07-23 14:29:42,347 - INFO - Baþarýlý cevap: 200
2026-07-23 14:29:42,348 - INFO - POST isteði gönderiliyor: https://api.stripe.com/v1/invoiceitems
2026-07-23 14:29:43,193 - INFO - Baþarýlý cevap: 200
2026-07-23 14:29:43,195 - INFO - POST isteði gönderiliyor: https://api.stripe.com/v1/invoices/in_1TwKorKBkUL9vnMVAkmQsEGH/finalize
2026-07-23 14:29:45,068 - INFO - Baþarýlý cevap: 200
2026-07-23 14:29:45,070 - INFO - POST isteði gönderiliyor: https://api.stripe.com/v1/invoices
2026-07-23 14:29:46,191 - INFO - Baþarýlý cevap: 200
2026-07-23 14:29:46,193 - INFO - POST isteði gönderiliyor: https://api.stripe.com/v1/invoiceitems
2026-07-23 14:30:18,930 - INFO - GET isteði gönderiliyor: https://api.stripe.com/v1/customers
2026-07-23 14:30:19,077 - INFO - GET isteði gönderiliyor: https://api.stripe.com/v1/products
2026-07-23 14:30:20,693 - INFO - Baþarýlý cevap: 200
2026-07-23 14:30:20,852 - INFO - Baþarýlý cevap: 200
2026-07-23 14:30:35,004 - INFO - POST isteði gönderiliyor: https://api.stripe.com/v1/invoices
2026-07-23 14:30:36,155 - INFO - Baþarýlý cevap: 200
2026-07-23 14:30:36,157 - INFO - POST isteði gönderiliyor: https://api.stripe.com/v1/invoiceitems
2026-07-23 14:30:37,056 - INFO - Baþarýlý cevap: 200
2026-07-23 14:30:37,059 - INFO - POST isteði gönderiliyor: https://api.stripe.com/v1/invoices/in_1TwKpjKBkUL9vnMVs6gQMO7E/finalize
2026-07-23 14:30:38,939 - INFO - Baþarýlý cevap: 200
2026-07-23 14:30:39,243 - INFO - POST isteði gönderiliyor: https://api.stripe.com/v1/invoices
2026-07-23 14:30:40,401 - INFO - Baþarýlý cevap: 200
2026-07-23 14:30:40,404 - INFO - POST isteði gönderiliyor: https://api.stripe.com/v1/invoiceitems
2026-07-23 14:30:41,316 - INFO - Baþarýlý cevap: 200
2026-07-23 14:30:41,319 - INFO - POST isteði gönderiliyor: https://api.stripe.com/v1/invoices/in_1TwKpnKBkUL9vnMVXIBsuDVt/finalize
2026-07-23 14:30:43,288 - INFO - Baþarýlý cevap: 200
2026-07-23 14:30:43,593 - INFO - POST isteði gönderiliyor: https://api.stripe.com/v1/invoices
2026-07-23 14:30:44,869 - INFO - Baþarýlý cevap: 200
2026-07-23 14:30:44,872 - INFO - POST isteði gönderiliyor: https://api.stripe.com/v1/invoiceitems
2026-07-23 14:30:46,179 - INFO - Baþarýlý cevap: 200
2026-07-23 14:30:46,181 - INFO - POST isteði gönderiliyor: https://api.stripe.com/v1/invoices/in_1TwKpsKBkUL9vnMV4jhVIiii/finalize
2026-07-23 14:30:49,191 - INFO - Baþarýlý cevap: 200
2026-07-23 14:30:49,494 - INFO - POST isteði gönderiliyor: https://api.stripe.com/v1/invoices
2026-07-23 14:30:50,558 - INFO - Baþarýlý cevap: 200
2026-07-23 14:30:50,560 - INFO - POST isteði gönderiliyor: https://api.stripe.com/v1/invoiceitems
2026-07-23 14:30:51,496 - INFO - Baþarýlý cevap: 200
2026-07-23 14:30:51,498 - INFO - POST isteði gönderiliyor: https://api.stripe.com/v1/invoices/in_1TwKpxKBkUL9vnMVMNp0E2yH/finalize
2026-07-23 14:30:53,593 - INFO - Baþarýlý cevap: 200
2026-07-23 14:30:53,897 - INFO - POST isteði gönderiliyor: https://api.stripe.com/v1/invoices
2026-07-23 14:30:55,189 - INFO - Baþarýlý cevap: 200
2026-07-23 14:30:55,191 - INFO - POST isteði gönderiliyor: https://api.stripe.com/v1/invoiceitems
2026-07-23 14:30:56,105 - INFO - Baþarýlý cevap: 200
2026-07-23 14:30:56,106 - INFO - POST isteði gönderiliyor: https://api.stripe.com/v1/invoices/in_1TwKq2KBkUL9vnMVwnD2n9MA/finalize
2026-07-23 14:30:58,558 - INFO - Baþarýlý cevap: 200
2026-07-23 14:30:58,861 - INFO - POST isteði gönderiliyor: https://api.stripe.com/v1/invoices
2026-07-23 14:31:01,020 - INFO - Baþarýlý cevap: 200
2026-07-23 14:31:01,023 - INFO - POST isteði gönderiliyor: https://api.stripe.com/v1/invoiceitems
2026-07-23 14:31:02,067 - INFO - Baþarýlý cevap: 200
2026-07-23 14:31:02,069 - INFO - POST isteði gönderiliyor: https://api.stripe.com/v1/invoices/in_1TwKq7KBkUL9vnMV2J2eKSoI/finalize
2026-07-23 14:31:03,950 - INFO - Baþarýlý cevap: 200
2026-07-23 14:31:04,254 - INFO - POST isteði gönderiliyor: https://api.stripe.com/v1/invoices
2026-07-23 14:31:05,415 - INFO - Baþarýlý cevap: 200
2026-07-23 14:31:05,417 - INFO - POST isteði gönderiliyor: https://api.stripe.com/v1/invoiceitems
2026-07-23 14:31:06,561 - INFO - Baþarýlý cevap: 200
2026-07-23 14:31:06,563 - INFO - POST isteði gönderiliyor: https://api.stripe.com/v1/invoices/in_1TwKqCKBkUL9vnMVhxWv3iso/finalize
2026-07-23 14:31:08,390 - INFO - Baþarýlý cevap: 200
2026-07-23 14:31:08,693 - INFO - POST isteði gönderiliyor: https://api.stripe.com/v1/invoices
2026-07-23 14:31:09,975 - INFO - Baþarýlý cevap: 200
2026-07-23 14:31:09,977 - INFO - POST isteði gönderiliyor: https://api.stripe.com/v1/invoiceitems
2026-07-23 14:31:11,148 - INFO - Baþarýlý cevap: 200
2026-07-23 14:31:11,151 - INFO - POST isteði gönderiliyor: https://api.stripe.com/v1/invoices/in_1TwKqHKBkUL9vnMVKLnVAz7W/finalize
2026-07-23 14:31:13,105 - INFO - Baþarýlý cevap: 200
2026-07-23 14:31:13,409 - INFO - POST isteði gönderiliyor: https://api.stripe.com/v1/invoices
2026-07-23 14:31:14,549 - INFO - Baþarýlý cevap: 200
2026-07-23 14:31:14,550 - INFO - POST isteði gönderiliyor: https://api.stripe.com/v1/invoiceitems
2026-07-23 14:31:16,820 - INFO - Baþarýlý cevap: 200
2026-07-23 14:31:16,822 - INFO - POST isteði gönderiliyor: https://api.stripe.com/v1/invoices/in_1TwKqLKBkUL9vnMVfLyfVMqA/finalize
2026-07-23 14:31:18,623 - INFO - Baþarýlý cevap: 200
2026-07-23 14:31:18,925 - INFO - POST isteði gönderiliyor: https://api.stripe.com/v1/invoices
2026-07-23 14:31:20,057 - INFO - Baþarýlý cevap: 200
2026-07-23 14:31:20,059 - INFO - POST isteði gönderiliyor: https://api.stripe.com/v1/invoiceitems
2026-07-23 14:31:21,180 - INFO - Baþarýlý cevap: 200
2026-07-23 14:31:21,181 - INFO - POST isteði gönderiliyor: https://api.stripe.com/v1/invoices/in_1TwKqRKBkUL9vnMV1gucYaNH/finalize
2026-07-23 14:31:22,943 - INFO - Baþarýlý cevap: 200
2026-07-23 14:31:23,245 - INFO - POST isteði gönderiliyor: https://api.stripe.com/v1/invoices
2026-07-23 14:31:24,284 - INFO - Baþarýlý cevap: 200
2026-07-23 14:31:24,286 - INFO - POST isteði gönderiliyor: https://api.stripe.com/v1/invoiceitems
2026-07-23 14:31:25,147 - INFO - Baþarýlý cevap: 200
2026-07-23 14:31:25,148 - INFO - POST isteði gönderiliyor: https://api.stripe.com/v1/invoices/in_1TwKqVKBkUL9vnMVLkFb9OCF/finalize
2026-07-23 14:31:27,190 - INFO - Baþarýlý cevap: 200
2026-07-23 14:31:27,491 - INFO - POST isteði gönderiliyor: https://api.stripe.com/v1/invoices
2026-07-23 14:31:28,756 - INFO - Baþarýlý cevap: 200
2026-07-23 14:31:28,758 - INFO - POST isteði gönderiliyor: https://api.stripe.com/v1/invoiceitems
2026-07-23 14:31:30,151 - INFO - Baþarýlý cevap: 200
2026-07-23 14:31:30,153 - INFO - POST isteði gönderiliyor: https://api.stripe.com/v1/invoices/in_1TwKqaKBkUL9vnMVWwOdDYjr/finalize
2026-07-23 14:31:32,092 - INFO - Baþarýlý cevap: 200
2026-07-23 14:31:32,395 - INFO - POST isteði gönderiliyor: https://api.stripe.com/v1/invoices
2026-07-23 14:31:33,418 - INFO - Baþarýlý cevap: 200
2026-07-23 14:31:33,420 - INFO - POST isteði gönderiliyor: https://api.stripe.com/v1/invoiceitems
2026-07-23 14:31:34,120 - INFO - POST isteði gönderiliyor: https://api.stripe.com/v1/invoices
2026-07-23 14:31:34,374 - INFO - Baþarýlý cevap: 200
2026-07-23 14:31:34,376 - INFO - POST isteði gönderiliyor: https://api.stripe.com/v1/invoices/in_1TwKqeKBkUL9vnMVz9u9KbyT/finalize
2026-07-23 14:31:36,183 - INFO - Baþarýlý cevap: 200
2026-07-23 14:31:36,488 - INFO - POST isteði gönderiliyor: https://api.stripe.com/v1/invoices
2026-07-23 14:31:36,825 - INFO - Baþarýlý cevap: 200
2026-07-23 14:31:36,828 - INFO - POST isteði gönderiliyor: https://api.stripe.com/v1/invoiceitems
2026-07-23 14:31:41,938 - INFO - Baþarýlý cevap: 200
2026-07-23 14:31:41,940 - INFO - POST isteði gönderiliyor: https://api.stripe.com/v1/invoiceitems
2026-07-23 14:31:41,968 - INFO - Baþarýlý cevap: 200
2026-07-23 14:31:41,970 - INFO - POST isteði gönderiliyor: https://api.stripe.com/v1/invoices/in_1TwKqhKBkUL9vnMVGl940flk/finalize
2026-07-23 14:31:43,255 - INFO - Baþarýlý cevap: 200
2026-07-23 14:31:43,256 - INFO - POST isteði gönderiliyor: https://api.stripe.com/v1/invoices/in_1TwKqmKBkUL9vnMVz7k7omq5/finalize
2026-07-23 14:31:45,621 - INFO - Baþarýlý cevap: 200
2026-07-23 14:31:45,923 - INFO - POST isteði gönderiliyor: https://api.stripe.com/v1/invoices
2026-07-23 14:31:47,104 - INFO - Baþarýlý cevap: 200
2026-07-23 14:31:47,407 - INFO - POST isteði gönderiliyor: https://api.stripe.com/v1/invoices
2026-07-23 14:31:47,749 - INFO - Baþarýlý cevap: 200
2026-07-23 14:31:47,751 - INFO - POST isteði gönderiliyor: https://api.stripe.com/v1/invoiceitems
2026-07-23 14:31:48,519 - INFO - Baþarýlý cevap: 200
2026-07-23 14:31:48,520 - INFO - POST isteði gönderiliyor: https://api.stripe.com/v1/invoiceitems
2026-07-23 14:31:49,731 - INFO - Baþarýlý cevap: 200
2026-07-23 14:31:49,732 - INFO - POST isteði gönderiliyor: https://api.stripe.com/v1/invoices/in_1TwKqtKBkUL9vnMV0U2akJr2/finalize
2026-07-23 14:31:50,476 - INFO - Baþarýlý cevap: 200
2026-07-23 14:31:50,477 - INFO - POST isteði gönderiliyor: https://api.stripe.com/v1/invoices/in_1TwKqtKBkUL9vnMV6U87I7Hq/finalize
2026-07-23 14:31:51,914 - INFO - Baþarýlý cevap: 200
2026-07-23 14:31:52,218 - INFO - POST isteði gönderiliyor: https://api.stripe.com/v1/invoices
2026-07-23 14:31:53,562 - INFO - Baþarýlý cevap: 200
2026-07-23 14:31:53,865 - INFO - POST isteði gönderiliyor: https://api.stripe.com/v1/invoices
2026-07-23 14:31:53,991 - INFO - Baþarýlý cevap: 200
2026-07-23 14:31:53,993 - INFO - POST isteði gönderiliyor: https://api.stripe.com/v1/invoiceitems
2026-07-23 14:31:54,843 - INFO - Baþarýlý cevap: 200
2026-07-23 14:31:54,844 - INFO - POST isteði gönderiliyor: https://api.stripe.com/v1/invoiceitems
2026-07-23 14:31:55,519 - INFO - Baþarýlý cevap: 200
2026-07-23 14:31:55,521 - INFO - POST isteði gönderiliyor: https://api.stripe.com/v1/invoices/in_1TwKqzKBkUL9vnMVzm1VfrRn/finalize
2026-07-23 14:31:57,159 - INFO - Baþarýlý cevap: 200
2026-07-23 14:31:57,161 - INFO - POST isteði gönderiliyor: https://api.stripe.com/v1/invoices/in_1TwKr0KBkUL9vnMVAJPWIqwW/finalize
2026-07-23 14:31:58,088 - INFO - Baþarýlý cevap: 200
2026-07-23 14:31:58,392 - INFO - POST isteði gönderiliyor: https://api.stripe.com/v1/invoices
2026-07-23 14:31:59,642 - INFO - Baþarýlý cevap: 200
2026-07-23 14:31:59,709 - INFO - Baþarýlý cevap: 200
2026-07-23 14:31:59,709 - INFO - POST isteði gönderiliyor: https://api.stripe.com/v1/invoiceitems
2026-07-23 14:31:59,945 - INFO - POST isteði gönderiliyor: https://api.stripe.com/v1/invoices
2026-07-23 14:32:00,598 - INFO - Baþarýlý cevap: 200
2026-07-23 14:32:00,599 - INFO - POST isteði gönderiliyor: https://api.stripe.com/v1/invoices/in_1TwKr4KBkUL9vnMVl65ak3Ep/finalize
2026-07-23 14:32:02,778 - INFO - Baþarýlý cevap: 200
2026-07-23 14:32:03,081 - INFO - POST isteði gönderiliyor: https://api.stripe.com/v1/invoices
2026-07-23 14:32:03,562 - INFO - Baþarýlý cevap: 200
2026-07-23 14:32:03,564 - INFO - POST isteði gönderiliyor: https://api.stripe.com/v1/invoiceitems
2026-07-23 14:32:05,530 - INFO - Baþarýlý cevap: 200
2026-07-23 14:32:05,531 - INFO - POST isteði gönderiliyor: https://api.stripe.com/v1/invoices/in_1TwKr8KBkUL9vnMVKUOYoJNq/finalize
2026-07-23 14:32:05,891 - INFO - Baþarýlý cevap: 200
2026-07-23 14:32:05,892 - INFO - POST isteði gönderiliyor: https://api.stripe.com/v1/invoiceitems
2026-07-23 14:32:06,841 - INFO - Baþarýlý cevap: 200
2026-07-23 14:32:06,842 - INFO - POST isteði gönderiliyor: https://api.stripe.com/v1/invoices/in_1TwKrAKBkUL9vnMV2pEUUBMU/finalize
2026-07-23 14:32:07,663 - INFO - Baþarýlý cevap: 200
2026-07-23 14:32:07,965 - INFO - POST isteði gönderiliyor: https://api.stripe.com/v1/invoices
2026-07-23 14:32:09,192 - INFO - Baþarýlý cevap: 200
2026-07-23 14:32:09,496 - INFO - POST isteði gönderiliyor: https://api.stripe.com/v1/invoices
2026-07-23 14:32:09,956 - INFO - Baþarýlý cevap: 200
2026-07-23 14:32:09,958 - INFO - POST isteði gönderiliyor: https://api.stripe.com/v1/invoiceitems
2026-07-23 14:32:11,016 - INFO - Baþarýlý cevap: 200
2026-07-23 14:32:11,017 - INFO - POST isteði gönderiliyor: https://api.stripe.com/v1/invoiceitems
2026-07-23 14:32:11,077 - INFO - Baþarýlý cevap: 200
2026-07-23 14:32:11,078 - INFO - POST isteði gönderiliyor: https://api.stripe.com/v1/invoices/in_1TwKrFKBkUL9vnMVIXwSjRrs/finalize
2026-07-23 14:32:12,963 - INFO - Baþarýlý cevap: 200
2026-07-23 14:32:13,217 - INFO - Baþarýlý cevap: 200
2026-07-23 14:32:13,217 - INFO - POST isteði gönderiliyor: https://api.stripe.com/v1/invoices/in_1TwKrGKBkUL9vnMVxpCFy4Yr/finalize
2026-07-23 14:32:13,266 - INFO - POST isteði gönderiliyor: https://api.stripe.com/v1/invoices
2026-07-23 14:32:15,093 - INFO - Baþarýlý cevap: 200
2026-07-23 14:32:15,394 - INFO - POST isteði gönderiliyor: https://api.stripe.com/v1/invoices
2026-07-23 14:32:15,545 - INFO - Baþarýlý cevap: 200
2026-07-23 14:32:15,546 - INFO - POST isteði gönderiliyor: https://api.stripe.com/v1/invoiceitems
2026-07-23 14:32:17,377 - INFO - Baþarýlý cevap: 200
2026-07-23 14:32:17,378 - INFO - POST isteði gönderiliyor: https://api.stripe.com/v1/invoiceitems
2026-07-23 14:32:17,433 - INFO - Baþarýlý cevap: 200
2026-07-23 14:32:17,433 - INFO - POST isteði gönderiliyor: https://api.stripe.com/v1/invoices/in_1TwKrKKBkUL9vnMVSZ3hhgZP/finalize
2026-07-23 14:32:18,333 - INFO - Baþarýlý cevap: 200
2026-07-23 14:32:18,335 - INFO - POST isteði gönderiliyor: https://api.stripe.com/v1/invoices/in_1TwKrMKBkUL9vnMVZ8b1L1N0/finalize
2026-07-23 14:32:19,224 - INFO - Baþarýlý cevap: 200
2026-07-23 14:32:19,526 - INFO - POST isteði gönderiliyor: https://api.stripe.com/v1/invoices
2026-07-23 14:32:20,716 - INFO - Baþarýlý cevap: 200
2026-07-23 14:32:21,018 - INFO - POST isteði gönderiliyor: https://api.stripe.com/v1/invoices
2026-07-23 14:32:21,373 - INFO - Baþarýlý cevap: 200
2026-07-23 14:32:21,374 - INFO - POST isteði gönderiliyor: https://api.stripe.com/v1/invoiceitems
2026-07-23 14:32:22,057 - INFO - Baþarýlý cevap: 200
2026-07-23 14:32:22,058 - INFO - POST isteði gönderiliyor: https://api.stripe.com/v1/invoiceitems
2026-07-23 14:32:22,244 - INFO - Baþarýlý cevap: 200
2026-07-23 14:32:22,245 - INFO - POST isteði gönderiliyor: https://api.stripe.com/v1/invoices/in_1TwKrQKBkUL9vnMVD6l4NLJi/finalize
2026-07-23 14:32:22,926 - INFO - Baþarýlý cevap: 200
2026-07-23 14:32:22,929 - INFO - POST isteði gönderiliyor: https://api.stripe.com/v1/invoices/in_1TwKrRKBkUL9vnMVcksfhWWp/finalize
2026-07-23 14:32:24,436 - INFO - Baþarýlý cevap: 200
2026-07-23 14:32:24,739 - INFO - POST isteði gönderiliyor: https://api.stripe.com/v1/invoices
2026-07-23 14:32:26,073 - INFO - Baþarýlý cevap: 200
2026-07-23 14:32:26,375 - INFO - POST isteði gönderiliyor: https://api.stripe.com/v1/invoices
2026-07-23 14:32:26,758 - INFO - Baþarýlý cevap: 200
2026-07-23 14:32:26,759 - INFO - POST isteði gönderiliyor: https://api.stripe.com/v1/invoiceitems
2026-07-23 14:32:27,461 - INFO - Baþarýlý cevap: 200
2026-07-23 14:32:27,463 - INFO - POST isteði gönderiliyor: https://api.stripe.com/v1/invoiceitems
2026-07-23 14:32:27,601 - INFO - Baþarýlý cevap: 200
2026-07-23 14:32:27,603 - INFO - POST isteði gönderiliyor: https://api.stripe.com/v1/invoices/in_1TwKrWKBkUL9vnMVl9QLb8GF/finalize
2026-07-23 14:32:28,536 - INFO - Baþarýlý cevap: 200
2026-07-23 14:32:28,537 - INFO - POST isteði gönderiliyor: https://api.stripe.com/v1/invoices/in_1TwKrWKBkUL9vnMVUDM0fbtw/finalize
2026-07-23 14:32:29,394 - INFO - Baþarýlý cevap: 200
2026-07-23 14:32:29,697 - INFO - POST isteði gönderiliyor: https://api.stripe.com/v1/invoices
2026-07-23 14:32:30,921 - INFO - Baþarýlý cevap: 200
2026-07-23 14:32:31,053 - INFO - Baþarýlý cevap: 200
2026-07-23 14:32:31,055 - INFO - POST isteði gönderiliyor: https://api.stripe.com/v1/invoiceitems
2026-07-23 14:32:31,224 - INFO - POST isteði gönderiliyor: https://api.stripe.com/v1/invoices
2026-07-23 14:32:32,058 - INFO - Baþarýlý cevap: 200
2026-07-23 14:32:32,059 - INFO - POST isteði gönderiliyor: https://api.stripe.com/v1/invoices/in_1TwKraKBkUL9vnMVMePhqhNX/finalize
2026-07-23 14:32:32,182 - INFO - Baþarýlý cevap: 200
2026-07-23 14:32:32,183 - INFO - POST isteði gönderiliyor: https://api.stripe.com/v1/invoiceitems
2026-07-23 14:32:33,147 - INFO - Baþarýlý cevap: 200
2026-07-23 14:32:33,148 - INFO - POST isteði gönderiliyor: https://api.stripe.com/v1/invoices/in_1TwKrbKBkUL9vnMVI776W7ba/finalize
2026-07-23 14:32:33,874 - INFO - Baþarýlý cevap: 200
2026-07-23 14:32:34,176 - INFO - POST isteði gönderiliyor: https://api.stripe.com/v1/invoices
2026-07-23 14:32:35,412 - INFO - Baþarýlý cevap: 200
2026-07-23 14:32:35,715 - INFO - POST isteði gönderiliyor: https://api.stripe.com/v1/invoices
2026-07-23 14:32:36,010 - INFO - Baþarýlý cevap: 200
2026-07-23 14:32:36,012 - INFO - POST isteði gönderiliyor: https://api.stripe.com/v1/invoiceitems
2026-07-23 14:32:36,919 - INFO - Baþarýlý cevap: 200
2026-07-23 14:32:36,921 - INFO - POST isteði gönderiliyor: https://api.stripe.com/v1/invoices/in_1TwKrfKBkUL9vnMVFJW5Le5p/finalize
2026-07-23 14:32:36,960 - INFO - Baþarýlý cevap: 200
2026-07-23 14:32:36,962 - INFO - POST isteði gönderiliyor: https://api.stripe.com/v1/invoiceitems
2026-07-23 14:32:37,835 - INFO - Baþarýlý cevap: 200
2026-07-23 14:32:37,837 - INFO - POST isteði gönderiliyor: https://api.stripe.com/v1/invoices/in_1TwKrgKBkUL9vnMVQDPRiYB9/finalize
2026-07-23 14:32:39,083 - INFO - Baþarýlý cevap: 200
2026-07-23 14:32:39,387 - INFO - POST isteði gönderiliyor: https://api.stripe.com/v1/invoices
2026-07-23 14:32:40,924 - INFO - Baþarýlý cevap: 200
2026-07-23 14:32:40,926 - INFO - POST isteði gönderiliyor: https://api.stripe.com/v1/invoiceitems
2026-07-23 14:32:41,162 - INFO - Baþarýlý cevap: 200
2026-07-23 14:32:41,467 - INFO - POST isteði gönderiliyor: https://api.stripe.com/v1/invoices
2026-07-23 14:32:41,827 - INFO - Baþarýlý cevap: 200
2026-07-23 14:32:41,829 - INFO - POST isteði gönderiliyor: https://api.stripe.com/v1/invoices/in_1TwKrkKBkUL9vnMVBuvHYzvm/finalize
2026-07-23 14:32:42,413 - INFO - Baþarýlý cevap: 200
2026-07-23 14:32:42,415 - INFO - POST isteði gönderiliyor: https://api.stripe.com/v1/invoiceitems
2026-07-23 14:32:43,420 - INFO - Baþarýlý cevap: 200
2026-07-23 14:32:43,422 - INFO - POST isteði gönderiliyor: https://api.stripe.com/v1/invoices/in_1TwKrlKBkUL9vnMVCxmzjq7R/finalize
2026-07-23 14:32:43,880 - INFO - Baþarýlý cevap: 200
2026-07-23 14:32:44,185 - INFO - POST isteði gönderiliyor: https://api.stripe.com/v1/invoices
2026-07-23 14:32:44,848 - INFO - POST isteði gönderiliyor: https://api.stripe.com/v1/invoices
2026-07-23 14:32:45,711 - INFO - Baþarýlý cevap: 200
2026-07-23 14:32:45,713 - INFO - POST isteði gönderiliyor: https://api.stripe.com/v1/invoiceitems
2026-07-23 14:32:46,059 - INFO - Baþarýlý cevap: 200
2026-07-23 14:32:46,361 - INFO - POST isteði gönderiliyor: https://api.stripe.com/v1/invoices
2026-07-23 14:32:46,773 - INFO - Baþarýlý cevap: 200
2026-07-23 14:32:46,774 - INFO - POST isteði gönderiliyor: https://api.stripe.com/v1/invoices/in_1TwKroKBkUL9vnMVdKRJ9j25/finalize
2026-07-23 14:32:46,894 - INFO - Baþarýlý cevap: 200
2026-07-23 14:32:46,896 - INFO - POST isteði gönderiliyor: https://api.stripe.com/v1/invoiceitems
2026-07-23 14:32:48,711 - INFO - Baþarýlý cevap: 200
2026-07-23 14:32:48,713 - INFO - POST isteði gönderiliyor: https://api.stripe.com/v1/invoices/in_1TwKrqKBkUL9vnMVa37JOJgZ/finalize
2026-07-23 14:32:49,632 - INFO - Baþarýlý cevap: 200
2026-07-23 14:32:49,654 - INFO - Import Ýþlemi Tamamlandý: Baþlýksýz e-tablo - Sayfa1 (6).csv -> invoices (Baþarýlý: 25, Baþarýsýz: 0)
2026-07-23 14:32:49,659 - INFO - GET isteði gönderiliyor: https://api.stripe.com/v1/customers
2026-07-23 14:32:49,660 - INFO - GET isteði gönderiliyor: https://api.stripe.com/v1/customers
2026-07-23 14:32:49,661 - INFO - GET isteði gönderiliyor: https://api.stripe.com/v1/products
2026-07-23 14:32:49,662 - INFO - GET isteði gönderiliyor: https://api.stripe.com/v1/payment_intents
2026-07-23 14:32:50,049 - INFO - Baþarýlý cevap: 200
2026-07-23 14:32:50,049 - INFO - POST isteði gönderiliyor: https://api.stripe.com/v1/invoiceitems
2026-07-23 14:32:50,444 - INFO - Baþarýlý cevap: 200
2026-07-23 14:32:50,511 - INFO - Baþarýlý cevap: 200
2026-07-23 14:32:50,744 - INFO - Baþarýlý cevap: 200
2026-07-23 14:32:51,039 - INFO - Baþarýlý cevap: 200
2026-07-23 14:32:51,041 - INFO - POST isteði gönderiliyor: https://api.stripe.com/v1/invoices/in_1TwKrtKBkUL9vnMVVdZkyVys/finalize
2026-07-23 14:32:51,659 - INFO - Baþarýlý cevap: 200
2026-07-23 14:32:51,708 - INFO - Import Ýþlemi Tamamlandý: Baþlýksýz e-tablo - Sayfa1 (7).csv -> invoices (Baþarýlý: 1, Baþarýsýz: 0)
2026-07-23 14:32:51,720 - INFO - GET isteði gönderiliyor: https://api.stripe.com/v1/customers
2026-07-23 14:32:51,721 - INFO - GET isteði gönderiliyor: https://api.stripe.com/v1/products
2026-07-23 14:32:51,725 - INFO - GET isteði gönderiliyor: https://api.stripe.com/v1/payment_intents
2026-07-23 14:32:51,729 - INFO - Baþarýlý cevap: 200
2026-07-23 14:32:51,731 - INFO - GET isteði gönderiliyor: https://api.stripe.com/v1/customers
2026-07-23 14:32:52,615 - INFO - Baþarýlý cevap: 200
2026-07-23 14:32:52,874 - INFO - Baþarýlý cevap: 200
2026-07-23 14:32:53,175 - INFO - Baþarýlý cevap: 200
2026-07-23 14:32:53,479 - INFO - POST isteði gönderiliyor: https://api.stripe.com/v1/invoices
2026-07-23 14:32:53,884 - INFO - Baþarýlý cevap: 200
2026-07-23 14:32:53,887 - INFO - GET isteði gönderiliyor: https://api.stripe.com/v1/customers
2026-07-23 14:32:54,367 - INFO - Baþarýlý cevap: 200
2026-07-23 14:32:55,293 - INFO - Baþarýlý cevap: 200
2026-07-23 14:32:55,295 - INFO - POST isteði gönderiliyor: https://api.stripe.com/v1/invoiceitems
2026-07-23 14:32:56,079 - INFO - Baþarýlý cevap: 200
2026-07-23 14:32:56,080 - INFO - GET isteði gönderiliyor: https://api.stripe.com/v1/payment_intents
2026-07-23 14:32:56,412 - INFO - Baþarýlý cevap: 200
2026-07-23 14:32:56,413 - INFO - POST isteði gönderiliyor: https://api.stripe.com/v1/invoices/in_1TwKrxKBkUL9vnMVoD3g4ey2/finalize
2026-07-23 14:32:58,238 - INFO - Baþarýlý cevap: 200
2026-07-23 14:32:58,542 - INFO - POST isteði gönderiliyor: https://api.stripe.com/v1/invoices
2026-07-23 14:32:59,554 - INFO - Baþarýlý cevap: 200
2026-07-23 14:32:59,556 - INFO - POST isteði gönderiliyor: https://api.stripe.com/v1/invoiceitems
2026-07-23 14:33:00,708 - INFO - Baþarýlý cevap: 200
2026-07-23 14:33:00,710 - INFO - POST isteði gönderiliyor: https://api.stripe.com/v1/invoices/in_1TwKs2KBkUL9vnMVQ5mQyjEv/finalize
2026-07-23 14:33:00,761 - INFO - Baþarýlý cevap: 200
2026-07-23 14:33:00,764 - INFO - GET isteði gönderiliyor: https://api.stripe.com/v1/payment_intents
2026-07-23 14:33:01,904 - INFO - Baþarýlý cevap: 200
2026-07-23 14:33:01,906 - INFO - GET isteði gönderiliyor: https://api.stripe.com/v1/refunds
2026-07-23 14:33:02,641 - INFO - Baþarýlý cevap: 200
2026-07-23 14:33:02,644 - INFO - GET isteði gönderiliyor: https://api.stripe.com/v1/products
2026-07-23 14:33:03,259 - INFO - Baþarýlý cevap: 200
2026-07-23 14:33:03,561 - INFO - POST isteði gönderiliyor: https://api.stripe.com/v1/invoices
2026-07-23 14:33:03,732 - INFO - Baþarýlý cevap: 200
2026-07-23 14:33:03,740 - INFO - GET isteði gönderiliyor: https://api.stripe.com/v1/customers
2026-07-23 14:33:04,570 - INFO - Baþarýlý cevap: 200
2026-07-23 14:33:04,571 - INFO - POST isteði gönderiliyor: https://api.stripe.com/v1/invoiceitems
2026-07-23 14:33:05,583 - INFO - Baþarýlý cevap: 200
2026-07-23 14:33:05,584 - INFO - POST isteði gönderiliyor: https://api.stripe.com/v1/invoices/in_1TwKs7KBkUL9vnMV7LVp4ptl/finalize
2026-07-23 14:33:06,368 - INFO - Baþarýlý cevap: 200
2026-07-23 14:33:06,373 - INFO - GET isteði gönderiliyor: https://api.stripe.com/v1/customers
2026-07-23 14:33:07,412 - INFO - Baþarýlý cevap: 200
2026-07-23 14:33:07,716 - INFO - POST isteði gönderiliyor: https://api.stripe.com/v1/invoices
2026-07-23 14:33:08,744 - INFO - Baþarýlý cevap: 200
2026-07-23 14:33:08,746 - INFO - POST isteði gönderiliyor: https://api.stripe.com/v1/invoiceitems
2026-07-23 14:33:09,415 - INFO - Baþarýlý cevap: 200
2026-07-23 14:33:09,417 - INFO - GET isteði gönderiliyor: https://api.stripe.com/v1/customers
2026-07-23 14:33:09,783 - INFO - GET isteði gönderiliyor: https://api.stripe.com/v1/customers
2026-07-23 14:33:09,786 - INFO - GET isteði gönderiliyor: https://api.stripe.com/v1/products
2026-07-23 14:33:10,338 - INFO - Baþarýlý cevap: 200
2026-07-23 14:33:10,339 - INFO - POST isteði gönderiliyor: https://api.stripe.com/v1/invoices/in_1TwKsBKBkUL9vnMVAu1DhGt6/finalize
2026-07-23 14:33:10,943 - INFO - Baþarýlý cevap: 200
2026-07-23 14:33:11,107 - INFO - Baþarýlý cevap: 200
2026-07-23 14:33:11,111 - INFO - GET isteði gönderiliyor: https://api.stripe.com/v1/payment_intents
2026-07-23 14:33:11,315 - INFO - GET isteði gönderiliyor: https://api.stripe.com/v1/invoices
2026-07-23 14:33:12,071 - INFO - Baþarýlý cevap: 200
2026-07-23 14:33:12,357 - INFO - Baþarýlý cevap: 200
2026-07-23 14:33:12,661 - INFO - POST isteði gönderiliyor: https://api.stripe.com/v1/invoices
2026-07-23 14:33:12,854 - INFO - Baþarýlý cevap: 200
2026-07-23 14:33:13,883 - INFO - Baþarýlý cevap: 200
2026-07-23 14:33:13,886 - INFO - POST isteði gönderiliyor: https://api.stripe.com/v1/invoiceitems
2026-07-23 14:33:14,811 - INFO - Baþarýlý cevap: 200
2026-07-23 14:33:14,813 - INFO - POST isteði gönderiliyor: https://api.stripe.com/v1/invoices/in_1TwKsGKBkUL9vnMVAbl1bHWr/finalize
2026-07-23 14:33:15,062 - INFO - Baþarýlý cevap: 200
2026-07-23 14:33:15,066 - INFO - GET isteði gönderiliyor: https://api.stripe.com/v1/payment_intents
2026-07-23 14:33:15,854 - INFO - Baþarýlý cevap: 200
2026-07-23 14:33:15,858 - INFO - GET isteði gönderiliyor: https://api.stripe.com/v1/refunds
2026-07-23 14:33:16,607 - INFO - Baþarýlý cevap: 200
2026-07-23 14:33:16,609 - INFO - GET isteði gönderiliyor: https://api.stripe.com/v1/products
2026-07-23 14:33:16,787 - INFO - Baþarýlý cevap: 200
2026-07-23 14:33:17,090 - INFO - POST isteði gönderiliyor: https://api.stripe.com/v1/invoices
2026-07-23 14:33:17,843 - INFO - Baþarýlý cevap: 200
2026-07-23 14:33:19,305 - INFO - Baþarýlý cevap: 200
2026-07-23 14:33:19,306 - INFO - POST isteði gönderiliyor: https://api.stripe.com/v1/invoiceitems
2026-07-23 14:33:20,159 - INFO - Baþarýlý cevap: 200
2026-07-23 14:33:20,161 - INFO - POST isteði gönderiliyor: https://api.stripe.com/v1/invoices/in_1TwKsLKBkUL9vnMVAYobsSMT/finalize
2026-07-23 14:33:23,254 - INFO - Baþarýlý cevap: 200
2026-07-23 14:33:23,557 - INFO - POST isteði gönderiliyor: https://api.stripe.com/v1/invoices
2026-07-23 14:33:25,918 - INFO - Baþarýlý cevap: 200
2026-07-23 14:33:25,920 - INFO - POST isteði gönderiliyor: https://api.stripe.com/v1/invoiceitems
2026-07-23 14:33:27,201 - INFO - Baþarýlý cevap: 200
2026-07-23 14:33:27,203 - INFO - POST isteði gönderiliyor: https://api.stripe.com/v1/invoices/in_1TwKsTKBkUL9vnMVezHmQahv/finalize
2026-07-23 14:33:28,929 - INFO - Baþarýlý cevap: 200
2026-07-23 14:33:29,232 - INFO - POST isteði gönderiliyor: https://api.stripe.com/v1/invoices
2026-07-23 14:33:31,323 - INFO - Baþarýlý cevap: 200
2026-07-23 14:33:31,326 - INFO - POST isteði gönderiliyor: https://api.stripe.com/v1/invoiceitems
2026-07-23 14:33:32,186 - INFO - Baþarýlý cevap: 200
2026-07-23 14:33:32,187 - INFO - POST isteði gönderiliyor: https://api.stripe.com/v1/invoices/in_1TwKsXKBkUL9vnMVbWZ5YAcM/finalize
2026-07-23 14:33:33,974 - INFO - Baþarýlý cevap: 200
2026-07-23 14:33:34,279 - INFO - POST isteði gönderiliyor: https://api.stripe.com/v1/invoices
2026-07-23 14:33:35,294 - INFO - Baþarýlý cevap: 200
2026-07-23 14:33:35,296 - INFO - POST isteði gönderiliyor: https://api.stripe.com/v1/invoiceitems
2026-07-23 14:33:36,982 - INFO - GET isteði gönderiliyor: https://api.stripe.com/v1/invoices
2026-07-23 14:33:38,015 - INFO - Baþarýlý cevap: 200
2026-07-23 14:33:38,016 - INFO - POST isteði gönderiliyor: https://api.stripe.com/v1/invoices/in_1TwKscKBkUL9vnMVibj4glWp/finalize
2026-07-23 14:33:38,466 - INFO - Baþarýlý cevap: 200
2026-07-23 14:33:40,072 - INFO - Baþarýlý cevap: 200
2026-07-23 14:33:40,376 - INFO - POST isteði gönderiliyor: https://api.stripe.com/v1/invoices
2026-07-23 14:33:41,561 - INFO - Baþarýlý cevap: 200
2026-07-23 14:33:41,563 - INFO - POST isteði gönderiliyor: https://api.stripe.com/v1/invoiceitems
2026-07-23 14:33:42,482 - INFO - Baþarýlý cevap: 200
2026-07-23 14:33:42,484 - INFO - POST isteði gönderiliyor: https://api.stripe.com/v1/invoices/in_1TwKsiKBkUL9vnMV4aHqbi0B/finalize
2026-07-23 14:33:44,546 - INFO - Baþarýlý cevap: 200
2026-07-23 14:33:44,849 - INFO - POST isteði gönderiliyor: https://api.stripe.com/v1/invoices
2026-07-23 14:33:45,837 - INFO - Baþarýlý cevap: 200
2026-07-23 14:33:45,839 - INFO - POST isteði gönderiliyor: https://api.stripe.com/v1/invoiceitems
2026-07-23 14:33:46,876 - INFO - Baþarýlý cevap: 200
2026-07-23 14:33:46,878 - INFO - POST isteði gönderiliyor: https://api.stripe.com/v1/invoices/in_1TwKsnKBkUL9vnMVaXBoACnF/finalize
2026-07-23 14:33:49,358 - INFO - Baþarýlý cevap: 200
2026-07-23 14:33:49,661 - INFO - POST isteði gönderiliyor: https://api.stripe.com/v1/invoices
2026-07-23 14:33:50,009 - INFO - GET isteði gönderiliyor: https://api.stripe.com/v1/invoices
2026-07-23 14:33:50,658 - INFO - Baþarýlý cevap: 200
2026-07-23 14:33:50,660 - INFO - POST isteði gönderiliyor: https://api.stripe.com/v1/invoiceitems
2026-07-23 14:33:51,339 - INFO - Baþarýlý cevap: 200
2026-07-23 14:33:51,559 - INFO - Baþarýlý cevap: 200
2026-07-23 14:33:51,560 - INFO - POST isteði gönderiliyor: https://api.stripe.com/v1/invoices/in_1TwKsrKBkUL9vnMVHeO96hfg/finalize
2026-07-23 14:33:53,378 - INFO - Baþarýlý cevap: 200
2026-07-23 14:33:53,405 - INFO - Import Ýþlemi Tamamlandý: Baþlýksýz e-tablo - Sayfa1 (6).csv -> invoices (Baþarýlý: 25, Baþarýsýz: 0)
2026-07-23 14:33:53,413 - INFO - GET isteði gönderiliyor: https://api.stripe.com/v1/customers
2026-07-23 14:33:53,415 - INFO - GET isteði gönderiliyor: https://api.stripe.com/v1/customers
2026-07-23 14:33:53,417 - INFO - GET isteði gönderiliyor: https://api.stripe.com/v1/products
2026-07-23 14:33:53,425 - INFO - GET isteði gönderiliyor: https://api.stripe.com/v1/payment_intents
2026-07-23 14:33:54,364 - INFO - Baþarýlý cevap: 200
2026-07-23 14:33:54,541 - INFO - Baþarýlý cevap: 200
2026-07-23 14:33:54,645 - INFO - Baþarýlý cevap: 200
2026-07-23 14:33:55,101 - INFO - Baþarýlý cevap: 200
2026-07-23 14:33:55,106 - INFO - GET isteði gönderiliyor: https://api.stripe.com/v1/customers
2026-07-23 14:33:56,800 - INFO - Baþarýlý cevap: 200
2026-07-23 14:33:56,803 - INFO - GET isteði gönderiliyor: https://api.stripe.com/v1/customers
2026-07-23 14:33:58,068 - INFO - Baþarýlý cevap: 200
2026-07-23 14:33:58,070 - INFO - GET isteði gönderiliyor: https://api.stripe.com/v1/payment_intents
2026-07-23 14:53:42,292 - INFO - GET isteði gönderiliyor: https://api.stripe.com/v1/customers
2026-07-23 14:53:44,822 - INFO - Baþarýlý cevap: 200
2026-07-23 14:53:44,826 - INFO - GET isteði gönderiliyor: https://api.stripe.com/v1/customers
2026-07-23 14:53:46,977 - INFO - Baþarýlý cevap: 200
2026-07-23 14:53:46,980 - INFO - GET isteði gönderiliyor: https://api.stripe.com/v1/customers
2026-07-23 14:53:48,518 - INFO - Baþarýlý cevap: 200
2026-07-23 14:53:48,521 - INFO - GET isteði gönderiliyor: https://api.stripe.com/v1/payment_intents
2026-07-23 14:53:51,656 - INFO - Baþarýlý cevap: 200
2026-07-23 14:53:51,661 - INFO - GET isteði gönderiliyor: https://api.stripe.com/v1/payment_intents
2026-07-23 14:53:52,044 - INFO - GET isteði gönderiliyor: https://api.stripe.com/v1/customers
2026-07-23 14:53:52,748 - INFO - Baþarýlý cevap: 200
2026-07-23 14:53:52,750 - INFO - GET isteði gönderiliyor: https://api.stripe.com/v1/refunds
2026-07-23 14:53:52,948 - INFO - Baþarýlý cevap: 200
2026-07-23 14:53:53,507 - INFO - Baþarýlý cevap: 200
2026-07-23 14:53:53,509 - INFO - GET isteði gönderiliyor: https://api.stripe.com/v1/products
2026-07-23 14:53:54,712 - INFO - Baþarýlý cevap: 200
2026-07-23 14:53:55,662 - INFO - GET isteði gönderiliyor: https://api.stripe.com/v1/products
2026-07-23 14:53:55,665 - INFO - GET isteði gönderiliyor: https://api.stripe.com/v1/customers
2026-07-23 14:53:56,647 - INFO - Baþarýlý cevap: 200
2026-07-23 14:53:57,062 - INFO - Baþarýlý cevap: 200
2026-07-23 14:53:57,790 - INFO - GET isteði gönderiliyor: https://api.stripe.com/v1/invoices
2026-07-23 14:53:59,463 - INFO - Baþarýlý cevap: 200
2026-07-23 14:54:22,687 - INFO - GET isteði gönderiliyor: https://api.stripe.com/v1/customers/cus_Uu0jKN86a5Br32
2026-07-23 14:54:23,726 - INFO - Baþarýlý cevap: 200
2026-07-23 14:54:23,755 - INFO - GET isteði gönderiliyor: https://api.stripe.com/v1/payment_intents
2026-07-23 14:54:26,108 - INFO - Baþarýlý cevap: 200
2026-07-23 14:54:34,226 - INFO - GET isteði gönderiliyor: https://api.stripe.com/v1/invoices
2026-07-23 14:54:36,171 - INFO - Baþarýlý cevap: 200
2026-07-23 14:54:36,269 - INFO - GET isteði gönderiliyor: https://api.stripe.com/v1/invoices
2026-07-23 14:54:40,138 - INFO - Baþarýlý cevap: 200
2026-07-23 15:37:58,695 - INFO - GET isteði gönderiliyor: https://api.stripe.com/v1/customers
2026-07-23 15:38:00,186 - INFO - Baþarýlý cevap: 200
2026-07-23 15:38:00,188 - INFO - GET isteði gönderiliyor: https://api.stripe.com/v1/customers
2026-07-23 15:38:00,499 - INFO - GET isteði gönderiliyor: https://api.stripe.com/v1/customers
2026-07-23 15:38:00,501 - INFO - GET isteði gönderiliyor: https://api.stripe.com/v1/products
2026-07-23 15:38:01,371 - INFO - Baþarýlý cevap: 200
2026-07-23 15:38:01,405 - INFO - Baþarýlý cevap: 200
2026-07-23 15:38:01,700 - INFO - Baþarýlý cevap: 200
2026-07-23 15:38:01,702 - INFO - GET isteði gönderiliyor: https://api.stripe.com/v1/customers
2026-07-23 15:38:02,202 - INFO - GET isteði gönderiliyor: https://api.stripe.com/v1/invoices
2026-07-23 15:38:02,877 - INFO - Baþarýlý cevap: 200
2026-07-23 15:38:02,879 - INFO - GET isteði gönderiliyor: https://api.stripe.com/v1/payment_intents
2026-07-23 15:38:03,200 - INFO - Baþarýlý cevap: 200
2026-07-23 15:38:05,951 - INFO - Baþarýlý cevap: 200
2026-07-23 15:38:05,957 - INFO - GET isteði gönderiliyor: https://api.stripe.com/v1/payment_intents
2026-07-23 15:38:06,859 - INFO - Baþarýlý cevap: 200
2026-07-23 15:38:06,862 - INFO - GET isteði gönderiliyor: https://api.stripe.com/v1/refunds
2026-07-23 15:38:07,513 - INFO - Baþarýlý cevap: 200
2026-07-23 15:38:07,516 - INFO - GET isteði gönderiliyor: https://api.stripe.com/v1/products
2026-07-23 15:38:08,131 - INFO - Baþarýlý cevap: 200
2026-07-23 15:38:17,606 - INFO - GET isteði gönderiliyor: https://api.stripe.com/v1/customers
2026-07-23 15:38:18,242 - INFO - Baþarýlý cevap: 200
2026-07-23 15:39:19,128 - INFO - POST isteði gönderiliyor: https://api.stripe.com/v1/invoices
2026-07-23 15:39:20,071 - INFO - Baþarýlý cevap: 200
2026-07-23 15:39:20,072 - INFO - POST isteði gönderiliyor: https://api.stripe.com/v1/invoiceitems
2026-07-23 15:39:20,797 - INFO - Baþarýlý cevap: 200
2026-07-23 15:39:20,798 - INFO - POST isteði gönderiliyor: https://api.stripe.com/v1/invoices/in_1TwLuGKBkUL9vnMVEoZHkKB5/finalize
2026-07-23 15:39:22,366 - INFO - Baþarýlý cevap: 200
2026-07-23 15:39:22,368 - INFO - POST isteði gönderiliyor: https://api.stripe.com/v1/invoices
2026-07-23 15:39:23,291 - INFO - Baþarýlý cevap: 200
2026-07-23 15:39:23,294 - INFO - POST isteði gönderiliyor: https://api.stripe.com/v1/invoiceitems
2026-07-23 15:39:24,055 - INFO - Baþarýlý cevap: 200
2026-07-23 15:39:24,056 - INFO - POST isteði gönderiliyor: https://api.stripe.com/v1/invoices/in_1TwLuJKBkUL9vnMVbz6Xk5WQ/finalize
2026-07-23 15:39:25,643 - INFO - Baþarýlý cevap: 200
2026-07-23 15:39:25,647 - INFO - POST isteði gönderiliyor: https://api.stripe.com/v1/invoices
2026-07-23 15:39:26,510 - INFO - Baþarýlý cevap: 200
2026-07-23 15:39:26,511 - INFO - POST isteði gönderiliyor: https://api.stripe.com/v1/invoiceitems
2026-07-23 15:39:27,199 - INFO - Baþarýlý cevap: 200
2026-07-23 15:39:27,202 - INFO - POST isteði gönderiliyor: https://api.stripe.com/v1/invoices/in_1TwLuMKBkUL9vnMVG36XHmLM/finalize
2026-07-23 15:39:28,790 - INFO - Baþarýlý cevap: 200
2026-07-23 15:39:28,793 - INFO - POST isteði gönderiliyor: https://api.stripe.com/v1/invoices
2026-07-23 15:39:29,912 - INFO - Baþarýlý cevap: 200
2026-07-23 15:39:29,913 - INFO - POST isteði gönderiliyor: https://api.stripe.com/v1/invoiceitems
2026-07-23 15:39:30,721 - INFO - Baþarýlý cevap: 200
2026-07-23 15:39:30,723 - INFO - POST isteði gönderiliyor: https://api.stripe.com/v1/invoices/in_1TwLuQKBkUL9vnMVf2Rd6Hbr/finalize
2026-07-23 15:39:32,606 - INFO - Baþarýlý cevap: 200
2026-07-23 15:39:32,610 - INFO - POST isteði gönderiliyor: https://api.stripe.com/v1/invoices
2026-07-23 15:39:33,381 - INFO - Baþarýlý cevap: 200
2026-07-23 15:39:33,382 - INFO - POST isteði gönderiliyor: https://api.stripe.com/v1/invoiceitems
2026-07-23 15:39:34,111 - INFO - Baþarýlý cevap: 200
2026-07-23 15:39:34,112 - INFO - POST isteði gönderiliyor: https://api.stripe.com/v1/invoices/in_1TwLuTKBkUL9vnMV29klT6IE/finalize
2026-07-23 15:39:35,765 - INFO - Baþarýlý cevap: 200
2026-07-23 15:39:35,767 - INFO - POST isteði gönderiliyor: https://api.stripe.com/v1/invoices
2026-07-23 15:39:36,788 - INFO - Baþarýlý cevap: 200
2026-07-23 15:39:36,790 - INFO - POST isteði gönderiliyor: https://api.stripe.com/v1/invoiceitems
2026-07-23 15:39:37,489 - INFO - Baþarýlý cevap: 200
2026-07-23 15:39:37,491 - INFO - POST isteði gönderiliyor: https://api.stripe.com/v1/invoices/in_1TwLuXKBkUL9vnMVjTEkKCPP/finalize
2026-07-23 15:39:39,376 - INFO - Baþarýlý cevap: 200
2026-07-23 15:39:39,379 - INFO - POST isteði gönderiliyor: https://api.stripe.com/v1/invoices
2026-07-23 15:39:40,220 - INFO - Baþarýlý cevap: 200
2026-07-23 15:39:40,221 - INFO - POST isteði gönderiliyor: https://api.stripe.com/v1/invoiceitems
2026-07-23 15:39:40,923 - INFO - Baþarýlý cevap: 200
2026-07-23 15:39:40,925 - INFO - POST isteði gönderiliyor: https://api.stripe.com/v1/invoices/in_1TwLuaKBkUL9vnMVZ9pm8A6T/finalize
2026-07-23 15:39:42,618 - INFO - Baþarýlý cevap: 200
2026-07-23 15:39:42,619 - INFO - POST isteði gönderiliyor: https://api.stripe.com/v1/invoices
2026-07-23 15:39:43,412 - INFO - Baþarýlý cevap: 200
2026-07-23 15:39:43,414 - INFO - POST isteði gönderiliyor: https://api.stripe.com/v1/invoiceitems
2026-07-23 15:39:44,099 - INFO - Baþarýlý cevap: 200
2026-07-23 15:39:44,100 - INFO - POST isteði gönderiliyor: https://api.stripe.com/v1/invoices/in_1TwLudKBkUL9vnMVXwIbCFsP/finalize
2026-07-23 15:39:45,674 - INFO - Baþarýlý cevap: 200
2026-07-23 15:39:45,675 - INFO - POST isteði gönderiliyor: https://api.stripe.com/v1/invoices
2026-07-23 15:39:46,540 - INFO - Baþarýlý cevap: 200
2026-07-23 15:39:46,542 - INFO - POST isteði gönderiliyor: https://api.stripe.com/v1/invoiceitems
2026-07-23 15:39:47,219 - INFO - Baþarýlý cevap: 200
2026-07-23 15:39:47,220 - INFO - POST isteði gönderiliyor: https://api.stripe.com/v1/invoices/in_1TwLuhKBkUL9vnMVEQ8Doiqk/finalize
2026-07-23 15:39:49,033 - INFO - Baþarýlý cevap: 200
2026-07-23 15:39:49,035 - INFO - POST isteði gönderiliyor: https://api.stripe.com/v1/invoices
2026-07-23 15:39:49,899 - INFO - Baþarýlý cevap: 200
2026-07-23 15:39:49,900 - INFO - POST isteði gönderiliyor: https://api.stripe.com/v1/invoiceitems
2026-07-23 15:39:50,669 - INFO - Baþarýlý cevap: 200
2026-07-23 15:39:50,670 - INFO - POST isteði gönderiliyor: https://api.stripe.com/v1/invoices/in_1TwLukKBkUL9vnMVRpRlsVMX/finalize
2026-07-23 15:39:52,401 - INFO - Baþarýlý cevap: 200
2026-07-23 15:39:52,403 - INFO - POST isteði gönderiliyor: https://api.stripe.com/v1/invoices
2026-07-23 15:39:53,164 - INFO - Baþarýlý cevap: 200
2026-07-23 15:39:53,164 - INFO - POST isteði gönderiliyor: https://api.stripe.com/v1/invoiceitems
2026-07-23 15:39:53,896 - INFO - Baþarýlý cevap: 200
2026-07-23 15:39:53,898 - INFO - POST isteði gönderiliyor: https://api.stripe.com/v1/invoices/in_1TwLunKBkUL9vnMVQ381JlCZ/finalize
2026-07-23 15:39:55,515 - INFO - Baþarýlý cevap: 200
2026-07-23 15:39:55,517 - INFO - POST isteði gönderiliyor: https://api.stripe.com/v1/invoices
2026-07-23 15:39:56,334 - INFO - Baþarýlý cevap: 200
2026-07-23 15:39:56,336 - INFO - POST isteði gönderiliyor: https://api.stripe.com/v1/invoiceitems
2026-07-23 15:39:57,047 - INFO - Baþarýlý cevap: 200
2026-07-23 15:39:57,049 - INFO - POST isteði gönderiliyor: https://api.stripe.com/v1/invoices/in_1TwLuqKBkUL9vnMVMZQyNIBX/finalize
2026-07-23 15:39:58,907 - INFO - Baþarýlý cevap: 200
2026-07-23 15:39:58,911 - INFO - POST isteði gönderiliyor: https://api.stripe.com/v1/invoices
2026-07-23 15:39:59,744 - INFO - Baþarýlý cevap: 200
2026-07-23 15:39:59,747 - INFO - POST isteði gönderiliyor: https://api.stripe.com/v1/invoiceitems
2026-07-23 15:40:00,527 - INFO - Baþarýlý cevap: 200
2026-07-23 15:40:00,529 - INFO - POST isteði gönderiliyor: https://api.stripe.com/v1/invoices/in_1TwLuuKBkUL9vnMVz0N7gVOe/finalize
2026-07-23 15:40:02,155 - INFO - Baþarýlý cevap: 200
2026-07-23 15:40:02,158 - INFO - POST isteði gönderiliyor: https://api.stripe.com/v1/invoices
2026-07-23 15:40:03,699 - INFO - Baþarýlý cevap: 200
2026-07-23 15:40:03,701 - INFO - POST isteði gönderiliyor: https://api.stripe.com/v1/invoiceitems
2026-07-23 15:40:04,484 - INFO - Baþarýlý cevap: 200
2026-07-23 15:40:04,486 - INFO - POST isteði gönderiliyor: https://api.stripe.com/v1/invoices/in_1TwLuyKBkUL9vnMVc03NHcHr/finalize
2026-07-23 15:40:06,146 - INFO - Baþarýlý cevap: 200
2026-07-23 15:40:06,195 - INFO - Import Ýþlemi Tamamlandý: Baþlýksýz e-tablo - Sayfa1 (8).csv -> invoices (Baþarýlý: 14, Baþarýsýz: 0)
2026-07-23 15:40:06,200 - INFO - GET isteði gönderiliyor: https://api.stripe.com/v1/customers
2026-07-23 15:40:06,201 - INFO - GET isteði gönderiliyor: https://api.stripe.com/v1/customers
2026-07-23 15:40:06,204 - INFO - GET isteði gönderiliyor: https://api.stripe.com/v1/products
2026-07-23 15:40:06,207 - INFO - GET isteði gönderiliyor: https://api.stripe.com/v1/payment_intents
2026-07-23 15:40:06,886 - INFO - Baþarýlý cevap: 200
2026-07-23 15:40:07,042 - INFO - Baþarýlý cevap: 200
2026-07-23 15:40:07,083 - INFO - Baþarýlý cevap: 200
2026-07-23 15:40:07,717 - INFO - Baþarýlý cevap: 200
2026-07-23 15:40:07,721 - INFO - GET isteði gönderiliyor: https://api.stripe.com/v1/customers
2026-07-23 15:40:09,401 - INFO - Baþarýlý cevap: 200
2026-07-23 15:40:09,403 - INFO - GET isteði gönderiliyor: https://api.stripe.com/v1/customers
2026-07-23 15:40:10,564 - INFO - Baþarýlý cevap: 200
2026-07-23 15:40:10,567 - INFO - GET isteði gönderiliyor: https://api.stripe.com/v1/payment_intents
2026-07-23 15:40:13,348 - INFO - Baþarýlý cevap: 200
2026-07-23 15:40:13,352 - INFO - GET isteði gönderiliyor: https://api.stripe.com/v1/payment_intents
2026-07-23 15:40:14,381 - INFO - Baþarýlý cevap: 200
2026-07-23 15:40:14,384 - INFO - GET isteði gönderiliyor: https://api.stripe.com/v1/refunds
2026-07-23 15:40:14,970 - INFO - Baþarýlý cevap: 200
2026-07-23 15:40:14,970 - INFO - GET isteði gönderiliyor: https://api.stripe.com/v1/products
2026-07-23 15:40:15,385 - INFO - GET isteði gönderiliyor: https://api.stripe.com/v1/customers
2026-07-23 15:40:15,388 - INFO - GET isteði gönderiliyor: https://api.stripe.com/v1/products
2026-07-23 15:40:15,620 - INFO - Baþarýlý cevap: 200
2026-07-23 15:40:16,118 - INFO - Baþarýlý cevap: 200
2026-07-23 15:40:16,164 - INFO - Baþarýlý cevap: 200
2026-07-23 15:40:17,448 - INFO - GET isteði gönderiliyor: https://api.stripe.com/v1/invoices
2026-07-23 15:40:18,435 - INFO - Baþarýlý cevap: 200
2026-07-23 16:15:52,758 - INFO - GET isteði gönderiliyor: https://api.stripe.com/v1/customers/cus_Uu0jKN86a5Br32
2026-07-23 16:15:53,344 - INFO - Baþarýlý cevap: 200
2026-07-23 16:15:53,353 - INFO - GET isteði gönderiliyor: https://api.stripe.com/v1/customers/cus_Uu0jKN86a5Br32
2026-07-23 16:15:53,359 - INFO - GET isteði gönderiliyor: https://api.stripe.com/v1/payment_intents
2026-07-23 16:15:53,818 - INFO - Baþarýlý cevap: 200
2026-07-23 16:15:54,310 - INFO - Baþarýlý cevap: 200
2026-07-23 16:15:54,325 - INFO - GET isteði gönderiliyor: https://api.stripe.com/v1/payment_intents
2026-07-23 16:15:55,184 - INFO - Baþarýlý cevap: 200
2026-07-23 16:16:31,826 - INFO - GET isteði gönderiliyor: https://api.stripe.com/v1/customers
2026-07-23 16:16:31,832 - INFO - GET isteði gönderiliyor: https://api.stripe.com/v1/products
2026-07-23 16:16:32,649 - INFO - Baþarýlý cevap: 200
2026-07-23 16:16:33,870 - INFO - Baþarýlý cevap: 200
2026-07-23 16:16:57,464 - INFO - POST isteði gönderiliyor: https://api.stripe.com/v1/invoices
2026-07-23 16:16:58,276 - INFO - Baþarýlý cevap: 200
2026-07-23 16:16:58,279 - INFO - POST isteði gönderiliyor: https://api.stripe.com/v1/invoiceitems
2026-07-23 16:16:58,999 - INFO - Baþarýlý cevap: 200
2026-07-23 16:16:59,002 - INFO - POST isteði gönderiliyor: https://api.stripe.com/v1/invoices/in_1TwMUgKBkUL9vnMVMQSHz6PO/finalize
2026-07-23 16:17:00,830 - INFO - Baþarýlý cevap: 200
2026-07-23 16:17:00,880 - INFO - Import Ýþlemi Tamamlandý: Baþlýksýz e-tablo - Sayfa1 (9).csv -> invoices (Baþarýlý: 1, Baþarýsýz: 0)
2026-07-23 16:17:00,886 - INFO - GET isteði gönderiliyor: https://api.stripe.com/v1/customers
2026-07-23 16:17:00,887 - INFO - GET isteði gönderiliyor: https://api.stripe.com/v1/customers
2026-07-23 16:17:00,888 - INFO - GET isteði gönderiliyor: https://api.stripe.com/v1/products
2026-07-23 16:17:00,891 - INFO - GET isteði gönderiliyor: https://api.stripe.com/v1/payment_intents
2026-07-23 16:17:01,432 - INFO - Baþarýlý cevap: 200
2026-07-23 16:17:01,576 - INFO - Baþarýlý cevap: 200
2026-07-23 16:17:01,622 - INFO - Baþarýlý cevap: 200
2026-07-23 16:17:02,162 - INFO - Baþarýlý cevap: 200
2026-07-23 16:17:02,165 - INFO - GET isteði gönderiliyor: https://api.stripe.com/v1/customers
2026-07-23 16:17:03,428 - INFO - Baþarýlý cevap: 200
2026-07-23 16:17:03,431 - INFO - GET isteði gönderiliyor: https://api.stripe.com/v1/customers
2026-07-23 16:17:04,834 - INFO - Baþarýlý cevap: 200
2026-07-23 16:17:04,839 - INFO - GET isteði gönderiliyor: https://api.stripe.com/v1/payment_intents
2026-07-23 16:17:06,832 - INFO - Baþarýlý cevap: 200
2026-07-23 16:17:06,837 - INFO - GET isteði gönderiliyor: https://api.stripe.com/v1/payment_intents
2026-07-23 16:17:07,833 - INFO - Baþarýlý cevap: 200
2026-07-23 16:17:07,838 - INFO - GET isteði gönderiliyor: https://api.stripe.com/v1/refunds
2026-07-23 16:17:08,329 - INFO - Baþarýlý cevap: 200
2026-07-23 16:17:08,332 - INFO - GET isteði gönderiliyor: https://api.stripe.com/v1/products
2026-07-23 16:17:09,000 - INFO - Baþarýlý cevap: 200
2026-07-23 16:17:30,045 - INFO - GET isteði gönderiliyor: https://api.stripe.com/v1/customers/cus_Uu0jKN86a5Br32
2026-07-23 16:17:30,623 - INFO - Baþarýlý cevap: 200
2026-07-23 16:17:30,635 - INFO - GET isteði gönderiliyor: https://api.stripe.com/v1/payment_intents
2026-07-23 16:17:31,730 - INFO - Baþarýlý cevap: 200
2026-07-23 16:17:36,723 - INFO - GET isteði gönderiliyor: https://api.stripe.com/v1/invoices
2026-07-23 16:17:37,672 - INFO - Baþarýlý cevap: 200
2026-07-23 16:17:37,738 - INFO - GET isteði gönderiliyor: https://api.stripe.com/v1/invoices
2026-07-23 16:17:38,656 - INFO - Baþarýlý cevap: 200
2026-07-24 09:34:15,684 - INFO - GET isteði gönderiliyor: https://api.stripe.com/v1/products
2026-07-24 09:34:15,686 - INFO - GET isteði gönderiliyor: https://api.stripe.com/v1/customers
2026-07-24 09:34:16,551 - INFO - Baþarýlý cevap: 200
2026-07-24 09:34:17,162 - INFO - Baþarýlý cevap: 200
2026-07-24 09:34:29,451 - INFO - POST isteði gönderiliyor: https://api.stripe.com/v1/invoices
2026-07-24 09:34:30,660 - INFO - Baþarýlý cevap: 200
2026-07-24 09:34:30,662 - INFO - POST isteði gönderiliyor: https://api.stripe.com/v1/invoiceitems
2026-07-24 09:34:31,349 - INFO - Baþarýlý cevap: 200
2026-07-24 09:34:31,350 - INFO - POST isteði gönderiliyor: https://api.stripe.com/v1/invoices/in_1TwcgjKBkUL9vnMVfNvK7dQ7/finalize
2026-07-24 09:34:32,903 - INFO - Baþarýlý cevap: 200
2026-07-24 09:34:33,177 - INFO - Import Ýþlemi Tamamlandý: Baþlýksýz e-tablo - Sayfa1 (10).csv -> invoices (Baþarýlý: 1, Baþarýsýz: 0)
2026-07-24 09:34:33,188 - INFO - GET isteði gönderiliyor: https://api.stripe.com/v1/customers
2026-07-24 09:34:33,189 - INFO - GET isteði gönderiliyor: https://api.stripe.com/v1/payment_intents
2026-07-24 09:34:33,192 - INFO - GET isteði gönderiliyor: https://api.stripe.com/v1/products
2026-07-24 09:34:33,195 - INFO - GET isteði gönderiliyor: https://api.stripe.com/v1/customers
2026-07-24 09:34:33,742 - INFO - Baþarýlý cevap: 200
2026-07-24 09:34:33,763 - INFO - Baþarýlý cevap: 200
2026-07-24 09:34:34,053 - INFO - Baþarýlý cevap: 200
2026-07-24 09:34:34,790 - INFO - Baþarýlý cevap: 200
2026-07-24 09:34:34,794 - INFO - GET isteði gönderiliyor: https://api.stripe.com/v1/customers
2026-07-24 09:34:36,189 - INFO - Baþarýlý cevap: 200
2026-07-24 09:34:36,192 - INFO - GET isteði gönderiliyor: https://api.stripe.com/v1/customers
2026-07-24 09:34:37,232 - INFO - Baþarýlý cevap: 200
2026-07-24 09:34:37,234 - INFO - GET isteði gönderiliyor: https://api.stripe.com/v1/payment_intents
2026-07-24 09:34:40,762 - INFO - Baþarýlý cevap: 200
2026-07-24 09:34:40,767 - INFO - GET isteði gönderiliyor: https://api.stripe.com/v1/payment_intents
2026-07-24 09:34:41,882 - INFO - Baþarýlý cevap: 200
2026-07-24 09:34:41,886 - INFO - GET isteði gönderiliyor: https://api.stripe.com/v1/refunds
2026-07-24 09:34:42,365 - INFO - Baþarýlý cevap: 200
2026-07-24 09:34:42,368 - INFO - GET isteði gönderiliyor: https://api.stripe.com/v1/products
2026-07-24 09:34:43,066 - INFO - Baþarýlý cevap: 200
2026-07-24 09:34:51,829 - INFO - GET isteði gönderiliyor: https://api.stripe.com/v1/customers/cus_Uu0jKN86a5Br32
2026-07-24 09:34:52,419 - INFO - Baþarýlý cevap: 200
2026-07-24 09:34:52,435 - INFO - GET isteði gönderiliyor: https://api.stripe.com/v1/payment_intents
2026-07-24 09:34:53,492 - INFO - Baþarýlý cevap: 200
2026-07-24 09:35:01,242 - INFO - GET isteði gönderiliyor: https://api.stripe.com/v1/invoices
2026-07-24 09:35:02,101 - INFO - Baþarýlý cevap: 200
2026-07-24 09:35:02,230 - INFO - GET isteði gönderiliyor: https://api.stripe.com/v1/invoices
2026-07-24 09:35:03,290 - INFO - Baþarýlý cevap: 200
2026-07-24 09:35:15,806 - INFO - GET isteði gönderiliyor: https://api.stripe.com/v1/invoices
2026-07-24 09:35:16,486 - INFO - Baþarýlý cevap: 200
2026-07-24 09:35:16,555 - INFO - GET isteði gönderiliyor: https://api.stripe.com/v1/invoices
2026-07-24 09:35:17,221 - INFO - Baþarýlý cevap: 200
2026-07-24 09:35:25,200 - INFO - GET isteði gönderiliyor: https://api.stripe.com/v1/invoices
2026-07-24 09:35:25,994 - INFO - Baþarýlý cevap: 200
2026-07-24 09:35:26,056 - INFO - GET isteði gönderiliyor: https://api.stripe.com/v1/invoices
2026-07-24 09:35:26,797 - INFO - Baþarýlý cevap: 200
2026-07-24 09:35:46,457 - INFO - GET isteði gönderiliyor: https://api.stripe.com/v1/customers
2026-07-24 09:35:46,458 - INFO - GET isteði gönderiliyor: https://api.stripe.com/v1/products
2026-07-24 09:35:47,035 - INFO - Baþarýlý cevap: 200
2026-07-24 09:35:47,187 - INFO - Baþarýlý cevap: 200
2026-07-24 09:35:59,194 - INFO - POST isteði gönderiliyor: https://api.stripe.com/v1/invoices/create_preview
2026-07-24 09:35:59,897 - INFO - Baþarýlý cevap: 200
2026-07-24 09:36:03,451 - INFO - POST isteði gönderiliyor: https://api.stripe.com/v1/invoices
2026-07-24 09:36:04,238 - INFO - Baþarýlý cevap: 200
2026-07-24 09:36:04,240 - INFO - POST isteði gönderiliyor: https://api.stripe.com/v1/invoiceitems
2026-07-24 09:36:04,958 - INFO - Baþarýlý cevap: 200
2026-07-24 09:36:04,961 - INFO - POST isteði gönderiliyor: https://api.stripe.com/v1/invoices/in_1TwciFKBkUL9vnMVaFRfwYK9/finalize
2026-07-24 09:36:06,576 - INFO - Baþarýlý cevap: 200
2026-07-24 09:36:06,585 - INFO - GET isteði gönderiliyor: https://api.stripe.com/v1/customers
2026-07-24 09:36:07,718 - INFO - Baþarýlý cevap: 200
2026-07-24 09:36:07,722 - INFO - GET isteði gönderiliyor: https://api.stripe.com/v1/customers
2026-07-24 09:36:07,804 - INFO - GET isteði gönderiliyor: https://api.stripe.com/v1/invoices
2026-07-24 09:36:08,854 - INFO - Baþarýlý cevap: 200
2026-07-24 09:36:09,582 - INFO - Baþarýlý cevap: 200
2026-07-24 09:36:09,585 - INFO - GET isteði gönderiliyor: https://api.stripe.com/v1/customers
2026-07-24 09:36:10,815 - INFO - Baþarýlý cevap: 200
2026-07-24 09:36:10,819 - INFO - GET isteði gönderiliyor: https://api.stripe.com/v1/payment_intents
2026-07-24 09:36:12,815 - INFO - Baþarýlý cevap: 200
2026-07-24 09:36:12,819 - INFO - GET isteði gönderiliyor: https://api.stripe.com/v1/payment_intents
2026-07-24 09:36:13,959 - INFO - Baþarýlý cevap: 200
2026-07-24 09:36:13,962 - INFO - GET isteði gönderiliyor: https://api.stripe.com/v1/refunds
2026-07-24 09:36:14,436 - INFO - Baþarýlý cevap: 200
2026-07-24 09:36:14,438 - INFO - GET isteði gönderiliyor: https://api.stripe.com/v1/products
2026-07-24 09:36:15,034 - INFO - Baþarýlý cevap: 200
2026-07-24 09:36:29,237 - INFO - GET isteði gönderiliyor: https://api.stripe.com/v1/customers/cus_Uu0jKN86a5Br32
2026-07-24 09:36:29,781 - INFO - Baþarýlý cevap: 200
2026-07-24 09:36:29,791 - INFO - GET isteði gönderiliyor: https://api.stripe.com/v1/payment_intents
2026-07-24 09:36:30,800 - INFO - Baþarýlý cevap: 200
2026-07-24 09:36:35,144 - INFO - GET isteði gönderiliyor: https://api.stripe.com/v1/invoices
2026-07-24 09:36:36,342 - INFO - Baþarýlý cevap: 200
2026-07-24 09:36:36,391 - INFO - GET isteði gönderiliyor: https://api.stripe.com/v1/invoices
2026-07-24 09:36:37,434 - INFO - Baþarýlý cevap: 200
2026-07-24 10:03:30,402 - INFO - POST isteði gönderiliyor: https://api.stripe.com/v1/invoices
2026-07-24 10:03:31,373 - INFO - Baþarýlý cevap: 200
2026-07-24 10:03:31,375 - INFO - POST isteði gönderiliyor: https://api.stripe.com/v1/invoiceitems
2026-07-24 10:03:32,123 - INFO - Baþarýlý cevap: 200
2026-07-24 10:03:32,125 - INFO - POST isteði gönderiliyor: https://api.stripe.com/v1/invoices/in_1Twd8oKBkUL9vnMVd5A5wCyO/finalize
2026-07-24 10:03:33,748 - INFO - Baþarýlý cevap: 200
2026-07-24 10:03:33,775 - INFO - Import Ýþlemi Tamamlandý: Baþlýksýz e-tablo - Sayfa1 (11).csv -> invoices (Baþarýlý: 1, Baþarýsýz: 0)
2026-07-24 10:03:33,809 - INFO - GET isteði gönderiliyor: https://api.stripe.com/v1/customers
2026-07-24 10:03:33,810 - INFO - GET isteði gönderiliyor: https://api.stripe.com/v1/customers
2026-07-24 10:03:33,812 - INFO - GET isteði gönderiliyor: https://api.stripe.com/v1/products
2026-07-24 10:03:33,816 - INFO - GET isteði gönderiliyor: https://api.stripe.com/v1/payment_intents
2026-07-24 10:03:34,502 - INFO - Baþarýlý cevap: 200
2026-07-24 10:03:35,007 - INFO - Baþarýlý cevap: 200
2026-07-24 10:03:35,013 - INFO - Baþarýlý cevap: 200
2026-07-24 10:03:35,289 - INFO - Baþarýlý cevap: 200
2026-07-24 10:03:35,292 - INFO - GET isteði gönderiliyor: https://api.stripe.com/v1/customers
2026-07-24 10:03:36,682 - INFO - Baþarýlý cevap: 200
2026-07-24 10:03:36,685 - INFO - GET isteði gönderiliyor: https://api.stripe.com/v1/customers
2026-07-24 10:03:37,719 - INFO - Baþarýlý cevap: 200
2026-07-24 10:03:37,721 - INFO - GET isteði gönderiliyor: https://api.stripe.com/v1/payment_intents
2026-07-24 10:03:39,988 - INFO - Baþarýlý cevap: 200
2026-07-24 10:03:39,992 - INFO - GET isteði gönderiliyor: https://api.stripe.com/v1/payment_intents
2026-07-24 10:03:41,015 - INFO - Baþarýlý cevap: 200
2026-07-24 10:03:41,017 - INFO - GET isteði gönderiliyor: https://api.stripe.com/v1/refunds
2026-07-24 10:03:41,567 - INFO - Baþarýlý cevap: 200
2026-07-24 10:03:41,569 - INFO - GET isteði gönderiliyor: https://api.stripe.com/v1/products
2026-07-24 10:03:42,275 - INFO - Baþarýlý cevap: 200
2026-07-24 10:04:09,620 - INFO - GET isteði gönderiliyor: https://api.stripe.com/v1/customers/cus_Uu0jKN86a5Br32
2026-07-24 10:04:10,287 - INFO - Baþarýlý cevap: 200
2026-07-24 10:04:10,338 - INFO - GET isteði gönderiliyor: https://api.stripe.com/v1/payment_intents
2026-07-24 10:04:11,714 - INFO - Baþarýlý cevap: 200
2026-07-24 10:05:31,732 - INFO - GET isteði gönderiliyor: https://api.stripe.com/v1/customers
2026-07-24 10:05:31,735 - INFO - GET isteði gönderiliyor: https://api.stripe.com/v1/products
2026-07-24 10:05:32,438 - INFO - Baþarýlý cevap: 200
2026-07-24 10:05:32,514 - INFO - Baþarýlý cevap: 200
2026-07-24 10:05:42,650 - INFO - POST isteði gönderiliyor: https://api.stripe.com/v1/invoices/create_preview
2026-07-24 10:05:43,705 - INFO - Baþarýlý cevap: 200
2026-07-24 10:05:50,266 - INFO - POST isteði gönderiliyor: https://api.stripe.com/v1/invoices
2026-07-24 10:05:51,167 - INFO - Baþarýlý cevap: 200
2026-07-24 10:05:51,169 - INFO - POST isteði gönderiliyor: https://api.stripe.com/v1/invoiceitems
2026-07-24 10:05:52,278 - INFO - Baþarýlý cevap: 200
2026-07-24 10:05:52,280 - INFO - POST isteði gönderiliyor: https://api.stripe.com/v1/invoices/in_1TwdB4KBkUL9vnMVzN5Pbku2/finalize
2026-07-24 10:05:53,802 - INFO - Baþarýlý cevap: 200
2026-07-24 10:05:53,841 - INFO - GET isteði gönderiliyor: https://api.stripe.com/v1/customers
2026-07-24 10:05:55,063 - INFO - GET isteði gönderiliyor: https://api.stripe.com/v1/invoices
2026-07-24 10:05:56,155 - INFO - Baþarýlý cevap: 200
2026-07-24 10:05:56,311 - INFO - Baþarýlý cevap: 200
2026-07-24 10:05:56,314 - INFO - GET isteði gönderiliyor: https://api.stripe.com/v1/customers
2026-07-24 10:05:57,647 - INFO - Baþarýlý cevap: 200
2026-07-24 10:05:57,650 - INFO - GET isteði gönderiliyor: https://api.stripe.com/v1/customers
2026-07-24 10:05:58,654 - INFO - Baþarýlý cevap: 200
2026-07-24 10:05:58,657 - INFO - GET isteði gönderiliyor: https://api.stripe.com/v1/payment_intents
2026-07-24 10:06:00,737 - INFO - GET isteði gönderiliyor: https://api.stripe.com/v1/customers/cus_Uu0jKN86a5Br32
2026-07-24 10:06:00,918 - INFO - Baþarýlý cevap: 200
2026-07-24 10:06:00,924 - INFO - GET isteði gönderiliyor: https://api.stripe.com/v1/payment_intents
2026-07-24 10:06:01,274 - INFO - Baþarýlý cevap: 200
2026-07-24 10:06:01,286 - INFO - GET isteði gönderiliyor: https://api.stripe.com/v1/payment_intents
2026-07-24 10:06:02,040 - INFO - Baþarýlý cevap: 200
2026-07-24 10:06:02,045 - INFO - GET isteði gönderiliyor: https://api.stripe.com/v1/refunds
2026-07-24 10:06:02,336 - INFO - Baþarýlý cevap: 200
2026-07-24 10:06:02,611 - INFO - Baþarýlý cevap: 200
2026-07-24 10:06:02,614 - INFO - GET isteði gönderiliyor: https://api.stripe.com/v1/products
2026-07-24 10:06:03,338 - INFO - Baþarýlý cevap: 200
2026-07-24 10:06:16,013 - INFO - GET isteði gönderiliyor: https://api.stripe.com/v1/invoices
2026-07-24 10:06:17,225 - INFO - Baþarýlý cevap: 200
2026-07-24 10:06:17,321 - INFO - GET isteði gönderiliyor: https://api.stripe.com/v1/invoices
2026-07-24 10:06:18,478 - INFO - Baþarýlý cevap: 200
2026-07-24 10:11:52,311 - INFO - GET isteði gönderiliyor: https://api.stripe.com/v1/customers
2026-07-24 10:11:52,313 - INFO - GET isteði gönderiliyor: https://api.stripe.com/v1/products
2026-07-24 10:11:53,122 - INFO - Baþarýlý cevap: 200
2026-07-24 10:11:53,725 - INFO - Baþarýlý cevap: 200
2026-07-24 10:11:55,597 - INFO - GET isteði gönderiliyor: https://api.stripe.com/v1/customers/cus_Uu0jKN86a5Br32
2026-07-24 10:11:57,988 - INFO - Baþarýlý cevap: 200
2026-07-24 10:11:57,999 - INFO - GET isteði gönderiliyor: https://api.stripe.com/v1/payment_intents
2026-07-24 10:11:58,918 - INFO - Baþarýlý cevap: 200
2026-07-24 10:12:03,327 - INFO - GET isteði gönderiliyor: https://api.stripe.com/v1/invoices
2026-07-24 10:12:04,983 - INFO - Baþarýlý cevap: 200
2026-07-24 10:12:05,071 - INFO - GET isteði gönderiliyor: https://api.stripe.com/v1/invoices
2026-07-24 10:12:06,267 - INFO - Baþarýlý cevap: 200
2026-07-24 10:13:41,608 - INFO - GET isteði gönderiliyor: https://api.stripe.com/v1/customers/cus_Uu0jKN86a5Br32
2026-07-24 10:13:42,249 - INFO - Baþarýlý cevap: 200
2026-07-24 10:13:42,265 - INFO - GET isteði gönderiliyor: https://api.stripe.com/v1/payment_intents
2026-07-24 10:13:43,316 - INFO - Baþarýlý cevap: 200
2026-07-24 10:13:48,648 - INFO - GET isteði gönderiliyor: https://api.stripe.com/v1/invoices
2026-07-24 10:13:49,413 - INFO - Baþarýlý cevap: 200
2026-07-24 10:13:49,496 - INFO - GET isteði gönderiliyor: https://api.stripe.com/v1/invoices
2026-07-24 10:13:50,279 - INFO - Baþarýlý cevap: 200
2026-07-24 10:14:01,659 - INFO - GET isteði gönderiliyor: https://api.stripe.com/v1/customers
2026-07-24 10:14:02,543 - INFO - Baþarýlý cevap: 200
2026-07-24 10:14:02,547 - INFO - GET isteði gönderiliyor: https://api.stripe.com/v1/customers
2026-07-24 10:14:04,130 - INFO - Baþarýlý cevap: 200
2026-07-24 10:14:04,133 - INFO - GET isteði gönderiliyor: https://api.stripe.com/v1/customers
2026-07-24 10:14:05,461 - INFO - Baþarýlý cevap: 200
2026-07-24 10:14:05,466 - INFO - GET isteði gönderiliyor: https://api.stripe.com/v1/payment_intents
2026-07-24 10:14:09,353 - INFO - Baþarýlý cevap: 200
2026-07-24 10:14:09,357 - INFO - GET isteði gönderiliyor: https://api.stripe.com/v1/payment_intents
2026-07-24 10:14:10,571 - INFO - Baþarýlý cevap: 200
2026-07-24 10:14:10,575 - INFO - GET isteði gönderiliyor: https://api.stripe.com/v1/refunds
2026-07-24 10:14:11,172 - INFO - Baþarýlý cevap: 200
2026-07-24 10:14:11,175 - INFO - GET isteði gönderiliyor: https://api.stripe.com/v1/products
2026-07-24 10:14:11,817 - INFO - Baþarýlý cevap: 200
2026-07-24 10:14:15,701 - INFO - GET isteði gönderiliyor: https://api.stripe.com/v1/invoices
2026-07-24 10:14:18,630 - INFO - Baþarýlý cevap: 200
2026-07-24 10:36:59,700 - INFO - GET isteði gönderiliyor: https://api.stripe.com/v1/customers/cus_Uu0jKN86a5Br32
2026-07-24 10:37:00,354 - INFO - Baþarýlý cevap: 200
2026-07-24 10:37:00,381 - INFO - GET isteði gönderiliyor: https://api.stripe.com/v1/payment_intents
2026-07-24 10:37:01,275 - INFO - Baþarýlý cevap: 200
2026-07-24 10:37:52,844 - INFO - GET isteði gönderiliyor: https://api.stripe.com/v1/invoices
2026-07-24 10:37:53,851 - INFO - Baþarýlý cevap: 200
2026-07-24 10:37:53,915 - INFO - GET isteði gönderiliyor: https://api.stripe.com/v1/invoices
2026-07-24 10:37:55,131 - INFO - Baþarýlý cevap: 200
2026-07-24 10:43:21,324 - INFO - GET isteði gönderiliyor: https://api.stripe.com/v1/invoices
2026-07-24 10:43:22,373 - INFO - Baþarýlý cevap: 200
2026-07-24 10:43:22,462 - INFO - GET isteði gönderiliyor: https://api.stripe.com/v1/invoices
2026-07-24 10:43:23,541 - INFO - Baþarýlý cevap: 200
2026-07-24 10:48:30,311 - INFO - GET isteði gönderiliyor: https://api.stripe.com/v1/customers
2026-07-24 10:48:31,772 - INFO - Baþarýlý cevap: 200
2026-07-24 10:48:31,777 - INFO - GET isteði gönderiliyor: https://api.stripe.com/v1/customers
2026-07-24 10:48:33,053 - INFO - Baþarýlý cevap: 200
2026-07-24 10:48:33,057 - INFO - GET isteði gönderiliyor: https://api.stripe.com/v1/customers
2026-07-24 10:48:33,183 - INFO - GET isteði gönderiliyor: https://api.stripe.com/v1/customers/cus_Uu0jKN86a5Br32
2026-07-24 10:48:33,767 - INFO - Baþarýlý cevap: 200
2026-07-24 10:48:33,779 - INFO - GET isteði gönderiliyor: https://api.stripe.com/v1/payment_intents
2026-07-24 10:48:34,521 - INFO - Baþarýlý cevap: 200
2026-07-24 10:48:34,559 - INFO - GET isteði gönderiliyor: https://api.stripe.com/v1/payment_intents
2026-07-24 10:48:34,726 - INFO - Baþarýlý cevap: 200
2026-07-24 10:48:36,647 - INFO - Baþarýlý cevap: 200
2026-07-24 10:48:36,653 - INFO - GET isteði gönderiliyor: https://api.stripe.com/v1/payment_intents
2026-07-24 10:48:38,041 - INFO - Baþarýlý cevap: 200
2026-07-24 10:48:38,044 - INFO - GET isteði gönderiliyor: https://api.stripe.com/v1/refunds
2026-07-24 10:48:38,554 - INFO - Baþarýlý cevap: 200
2026-07-24 10:48:38,558 - INFO - GET isteði gönderiliyor: https://api.stripe.com/v1/products
2026-07-24 10:48:39,240 - INFO - Baþarýlý cevap: 200
2026-07-24 14:06:56,325 - INFO - GET isteði gönderiliyor: https://api.stripe.com/v1/customers/cus_Uu0jKN86a5Br32
2026-07-24 14:06:57,044 - INFO - Baþarýlý cevap: 200
2026-07-24 14:06:57,061 - INFO - GET isteði gönderiliyor: https://api.stripe.com/v1/payment_intents
2026-07-24 14:06:58,015 - INFO - Baþarýlý cevap: 200
2026-07-24 14:13:37,085 - INFO - Import Ýþlemi Tamamlandý: Baþlýksýz e-tablo - Sayfa1 (13).csv -> invoices (Baþarýlý: 15, Baþarýsýz: 0)
2026-07-24 14:13:37,097 - INFO - GET isteði gönderiliyor: https://api.stripe.com/v1/customers
2026-07-24 14:13:37,099 - INFO - GET isteði gönderiliyor: https://api.stripe.com/v1/customers
2026-07-24 14:13:37,102 - INFO - GET isteði gönderiliyor: https://api.stripe.com/v1/products
2026-07-24 14:13:37,105 - INFO - GET isteði gönderiliyor: https://api.stripe.com/v1/payment_intents
2026-07-24 14:13:37,959 - INFO - Baþarýlý cevap: 200
2026-07-24 14:13:37,962 - INFO - Baþarýlý cevap: 200
2026-07-24 14:13:39,291 - INFO - Baþarýlý cevap: 200
2026-07-24 14:13:40,049 - INFO - Baþarýlý cevap: 200
2026-07-24 14:13:40,053 - INFO - GET isteði gönderiliyor: https://api.stripe.com/v1/customers
2026-07-24 14:13:41,580 - INFO - Baþarýlý cevap: 200
2026-07-24 14:13:41,584 - INFO - GET isteði gönderiliyor: https://api.stripe.com/v1/customers
2026-07-24 14:13:42,770 - INFO - Baþarýlý cevap: 200
2026-07-24 14:13:42,774 - INFO - GET isteði gönderiliyor: https://api.stripe.com/v1/payment_intents
2026-07-24 14:13:45,223 - INFO - Baþarýlý cevap: 200
2026-07-24 14:13:45,231 - INFO - GET isteði gönderiliyor: https://api.stripe.com/v1/payment_intents
2026-07-24 14:13:46,619 - INFO - Baþarýlý cevap: 200
2026-07-24 14:13:46,623 - INFO - GET isteði gönderiliyor: https://api.stripe.com/v1/refunds
2026-07-24 14:13:47,158 - INFO - Baþarýlý cevap: 200
2026-07-24 14:13:47,161 - INFO - GET isteði gönderiliyor: https://api.stripe.com/v1/products
2026-07-24 14:13:47,923 - INFO - Baþarýlý cevap: 200
2026-07-24 14:13:58,509 - INFO - GET isteði gönderiliyor: https://api.stripe.com/v1/customers/cus_Uu0jKN86a5Br32
2026-07-24 14:13:59,359 - INFO - Baþarýlý cevap: 200
2026-07-24 14:13:59,371 - INFO - GET isteði gönderiliyor: https://api.stripe.com/v1/payment_intents
2026-07-24 14:14:00,637 - INFO - Baþarýlý cevap: 200
2026-07-24 14:14:04,982 - INFO - GET isteði gönderiliyor: https://api.stripe.com/v1/invoices
2026-07-24 14:14:06,197 - INFO - Baþarýlý cevap: 200
2026-07-24 14:14:06,267 - INFO - GET isteði gönderiliyor: https://api.stripe.com/v1/invoices
2026-07-24 14:14:07,365 - INFO - Baþarýlý cevap: 200
2026-07-24 14:14:23,763 - INFO - GET isteði gönderiliyor: https://api.stripe.com/v1/invoices
2026-07-24 14:14:24,495 - INFO - Baþarýlý cevap: 200
2026-07-24 14:14:24,604 - INFO - GET isteði gönderiliyor: https://api.stripe.com/v1/invoices
2026-07-24 14:14:25,500 - INFO - Baþarýlý cevap: 200
2026-07-24 14:14:51,395 - INFO - GET isteði gönderiliyor: https://api.stripe.com/v1/invoices
2026-07-24 14:14:52,311 - INFO - Baþarýlý cevap: 200
2026-07-24 14:14:52,384 - INFO - GET isteði gönderiliyor: https://api.stripe.com/v1/invoices
2026-07-24 14:14:53,313 - INFO - Baþarýlý cevap: 200
2026-07-24 14:16:28,818 - INFO - GET isteði gönderiliyor: https://api.stripe.com/v1/customers
2026-07-24 14:16:29,626 - INFO - Baþarýlý cevap: 200
2026-07-24 14:16:29,630 - INFO - GET isteði gönderiliyor: https://api.stripe.com/v1/customers
2026-07-24 14:16:30,458 - INFO - Baþarýlý cevap: 200
2026-07-24 14:16:30,463 - INFO - GET isteði gönderiliyor: https://api.stripe.com/v1/customers
2026-07-24 14:16:31,215 - INFO - Baþarýlý cevap: 200
2026-07-24 14:16:31,219 - INFO - GET isteði gönderiliyor: https://api.stripe.com/v1/payment_intents
2026-07-24 14:16:31,282 - INFO - GET isteði gönderiliyor: https://api.stripe.com/v1/customers/cus_Uu0jKN86a5Br32
2026-07-24 14:16:31,877 - INFO - Baþarýlý cevap: 200
2026-07-24 14:16:31,892 - INFO - GET isteði gönderiliyor: https://api.stripe.com/v1/payment_intents
2026-07-24 14:16:33,065 - INFO - Baþarýlý cevap: 200
2026-07-24 14:16:33,802 - INFO - Baþarýlý cevap: 200
2026-07-24 14:16:33,809 - INFO - GET isteði gönderiliyor: https://api.stripe.com/v1/payment_intents
2026-07-24 14:16:35,342 - INFO - Baþarýlý cevap: 200
2026-07-24 14:16:35,345 - INFO - GET isteði gönderiliyor: https://api.stripe.com/v1/refunds
2026-07-24 14:16:36,034 - INFO - Baþarýlý cevap: 200
2026-07-24 14:16:36,036 - INFO - GET isteði gönderiliyor: https://api.stripe.com/v1/products
2026-07-24 14:16:36,600 - INFO - Baþarýlý cevap: 200
2026-07-24 14:16:39,311 - INFO - GET isteði gönderiliyor: https://api.stripe.com/v1/invoices
2026-07-24 14:16:40,185 - INFO - Baþarýlý cevap: 200
2026-07-24 14:16:40,273 - INFO - GET isteði gönderiliyor: https://api.stripe.com/v1/invoices
2026-07-24 14:16:41,329 - INFO - Baþarýlý cevap: 200
2026-07-24 14:18:44,289 - INFO - GET isteði gönderiliyor: https://api.stripe.com/v1/invoices/inv_imp_db4f83f35ccc4a
2026-07-24 14:18:44,958 - ERROR - HTTP hatasý: 404 Client Error: Not Found for url: https://api.stripe.com/v1/invoices/inv_imp_db4f83f35ccc4a
2026-07-24 14:20:20,251 - INFO - GET isteði gönderiliyor: https://api.stripe.com/v1/customers
2026-07-24 14:20:21,608 - INFO - GET isteði gönderiliyor: https://api.stripe.com/v1/customers/cus_Uu0jKN86a5Br32
2026-07-24 14:20:21,650 - INFO - Baþarýlý cevap: 200
2026-07-24 14:20:21,654 - INFO - GET isteði gönderiliyor: https://api.stripe.com/v1/customers
2026-07-24 14:20:22,204 - INFO - Baþarýlý cevap: 200
2026-07-24 14:20:22,224 - INFO - GET isteði gönderiliyor: https://api.stripe.com/v1/payment_intents
2026-07-24 14:20:23,302 - INFO - Baþarýlý cevap: 200
2026-07-24 14:20:23,307 - INFO - GET isteði gönderiliyor: https://api.stripe.com/v1/customers
2026-07-24 14:20:23,458 - INFO - Baþarýlý cevap: 200
2026-07-24 14:20:24,439 - INFO - Baþarýlý cevap: 200
2026-07-24 14:20:24,442 - INFO - GET isteði gönderiliyor: https://api.stripe.com/v1/payment_intents
2026-07-24 14:20:27,285 - INFO - Baþarýlý cevap: 200
2026-07-24 14:20:27,292 - INFO - GET isteði gönderiliyor: https://api.stripe.com/v1/payment_intents
2026-07-24 14:20:28,580 - INFO - Baþarýlý cevap: 200
2026-07-24 14:20:28,586 - INFO - GET isteði gönderiliyor: https://api.stripe.com/v1/refunds
2026-07-24 14:20:28,625 - INFO - GET isteði gönderiliyor: https://api.stripe.com/v1/invoices
2026-07-24 14:20:29,072 - INFO - Baþarýlý cevap: 200
2026-07-24 14:20:29,075 - INFO - GET isteði gönderiliyor: https://api.stripe.com/v1/products
2026-07-24 14:20:29,624 - INFO - Baþarýlý cevap: 200
2026-07-24 14:20:29,787 - INFO - GET isteði gönderiliyor: https://api.stripe.com/v1/invoices
2026-07-24 14:20:29,817 - INFO - Baþarýlý cevap: 200
2026-07-24 14:20:31,251 - INFO - Baþarýlý cevap: 200
2026-07-24 14:25:06,191 - INFO - GET isteði gönderiliyor: https://api.stripe.com/v1/customers
2026-07-24 14:25:06,192 - INFO - GET isteði gönderiliyor: https://api.stripe.com/v1/products
2026-07-24 14:25:07,109 - INFO - Baþarýlý cevap: 200
2026-07-24 14:25:07,275 - INFO - Baþarýlý cevap: 200
2026-07-24 14:25:16,772 - INFO - POST isteði gönderiliyor: https://api.stripe.com/v1/invoices/create_preview
2026-07-24 14:25:17,391 - INFO - Baþarýlý cevap: 200
2026-07-24 14:25:28,543 - INFO - POST isteði gönderiliyor: https://api.stripe.com/v1/invoices/create_preview
2026-07-24 14:25:29,331 - INFO - Baþarýlý cevap: 200
2026-07-24 14:25:30,064 - INFO - POST isteði gönderiliyor: https://api.stripe.com/v1/invoices/create_preview
2026-07-24 14:25:30,774 - INFO - Baþarýlý cevap: 200
2026-07-24 14:25:39,188 - INFO - POST isteði gönderiliyor: https://api.stripe.com/v1/invoices/create_preview
2026-07-24 14:25:40,092 - ERROR - HTTP hatasý: 400 Client Error: Bad Request for url: https://api.stripe.com/v1/invoices/create_preview
2026-07-24 14:25:40,095 - INFO - GET isteði gönderiliyor: https://api.stripe.com/v1/invoices/upcoming
2026-07-24 14:25:40,715 - ERROR - HTTP hatasý: 404 Client Error: Not Found for url: https://api.stripe.com/v1/invoices/upcoming?customer=cus_Uu0jKN86a5Br32&automatic_tax%5Benabled%5D=false&invoice_items%5B0%5D%5Bprice%5D=price_1Tt0ThKBkUL9vnMV9Y23LebJ&invoice_items%5B0%5D%5Bquantity%5D=1
2026-07-24 14:25:46,435 - INFO - POST isteði gönderiliyor: https://api.stripe.com/v1/invoices
2026-07-24 14:25:47,260 - INFO - Baþarýlý cevap: 200
2026-07-24 14:25:47,262 - INFO - POST isteði gönderiliyor: https://api.stripe.com/v1/invoiceitems
2026-07-24 14:25:47,874 - ERROR - HTTP hatasý: 400 Client Error: Bad Request for url: https://api.stripe.com/v1/invoiceitems
2026-07-24 14:26:00,482 - INFO - POST isteði gönderiliyor: https://api.stripe.com/v1/invoices/create_preview
2026-07-24 14:26:01,226 - ERROR - HTTP hatasý: 400 Client Error: Bad Request for url: https://api.stripe.com/v1/invoices/create_preview
2026-07-24 14:26:01,228 - INFO - GET isteði gönderiliyor: https://api.stripe.com/v1/invoices/upcoming
2026-07-24 14:26:01,723 - INFO - POST isteði gönderiliyor: https://api.stripe.com/v1/invoices/create_preview
2026-07-24 14:26:01,831 - ERROR - HTTP hatasý: 404 Client Error: Not Found for url: https://api.stripe.com/v1/invoices/upcoming?customer=cus_Uu0jKN86a5Br32&automatic_tax%5Benabled%5D=false&invoice_items%5B0%5D%5Bprice%5D=price_1Tt0ThKBkUL9vnMV9Y23LebJ&invoice_items%5B0%5D%5Bquantity%5D=1&invoice_items%5B1%5D%5Bprice%5D=price_1TnwMRKBkUL9vnMV6l1YhzL9&invoice_items%5B1%5D%5Bquantity%5D=1
2026-07-24 14:26:02,519 - INFO - Baþarýlý cevap: 200
2026-07-24 14:26:03,902 - INFO - POST isteði gönderiliyor: https://api.stripe.com/v1/invoices/create_preview
2026-07-24 14:26:04,684 - INFO - Baþarýlý cevap: 200
2026-07-24 14:28:09,141 - INFO - GET isteði gönderiliyor: https://api.stripe.com/v1/customers
2026-07-24 14:28:09,147 - INFO - GET isteði gönderiliyor: https://api.stripe.com/v1/products
2026-07-24 14:28:10,006 - INFO - Baþarýlý cevap: 200
2026-07-24 14:28:10,383 - INFO - Baþarýlý cevap: 200
2026-07-24 14:28:17,631 - INFO - GET isteði gönderiliyor: https://api.stripe.com/v1/customers
2026-07-24 14:28:18,533 - INFO - Baþarýlý cevap: 200
2026-07-24 14:28:18,538 - INFO - GET isteði gönderiliyor: https://api.stripe.com/v1/customers
2026-07-24 14:28:18,871 - INFO - GET isteði gönderiliyor: https://api.stripe.com/v1/customers
2026-07-24 14:28:18,877 - INFO - GET isteði gönderiliyor: https://api.stripe.com/v1/products
2026-07-24 14:28:19,640 - INFO - Baþarýlý cevap: 200
2026-07-24 14:28:19,787 - INFO - Baþarýlý cevap: 200
2026-07-24 14:28:20,054 - INFO - Baþarýlý cevap: 200
2026-07-24 14:28:20,058 - INFO - GET isteði gönderiliyor: https://api.stripe.com/v1/customers
2026-07-24 14:28:21,382 - INFO - Baþarýlý cevap: 200
2026-07-24 14:28:21,389 - INFO - GET isteði gönderiliyor: https://api.stripe.com/v1/payment_intents
2026-07-24 14:28:23,850 - INFO - Baþarýlý cevap: 200
2026-07-24 14:28:23,857 - INFO - GET isteði gönderiliyor: https://api.stripe.com/v1/payment_intents
2026-07-24 14:28:24,486 - INFO - POST isteði gönderiliyor: https://api.stripe.com/v1/invoices/create_preview
2026-07-24 14:28:25,025 - INFO - Baþarýlý cevap: 200
2026-07-24 14:28:25,029 - INFO - GET isteði gönderiliyor: https://api.stripe.com/v1/refunds
2026-07-24 14:28:25,138 - INFO - Baþarýlý cevap: 200
2026-07-24 14:28:25,575 - INFO - Baþarýlý cevap: 200
2026-07-24 14:28:25,577 - INFO - GET isteði gönderiliyor: https://api.stripe.com/v1/products
2026-07-24 14:28:26,191 - INFO - Baþarýlý cevap: 200
2026-07-24 14:28:31,350 - INFO - POST isteði gönderiliyor: https://api.stripe.com/v1/invoices
2026-07-24 14:28:32,644 - INFO - Baþarýlý cevap: 200
2026-07-24 14:28:32,647 - INFO - POST isteði gönderiliyor: https://api.stripe.com/v1/invoiceitems
2026-07-24 14:28:33,355 - INFO - Baþarýlý cevap: 200
2026-07-24 14:28:33,357 - INFO - POST isteði gönderiliyor: https://api.stripe.com/v1/invoices/in_1TwhHHKBkUL9vnMVuhhzUHS8/finalize
2026-07-24 14:28:35,609 - INFO - Baþarýlý cevap: 200
2026-07-24 14:28:35,639 - INFO - GET isteði gönderiliyor: https://api.stripe.com/v1/customers
2026-07-24 14:28:36,829 - INFO - GET isteði gönderiliyor: https://api.stripe.com/v1/invoices
2026-07-24 14:28:37,433 - INFO - Baþarýlý cevap: 200
2026-07-24 14:28:37,437 - INFO - GET isteði gönderiliyor: https://api.stripe.com/v1/customers
2026-07-24 14:28:37,971 - INFO - Baþarýlý cevap: 200
2026-07-24 14:28:39,012 - INFO - Baþarýlý cevap: 200
2026-07-24 14:28:39,016 - INFO - GET isteði gönderiliyor: https://api.stripe.com/v1/customers
2026-07-24 14:28:40,514 - INFO - Baþarýlý cevap: 200
2026-07-24 14:28:40,517 - INFO - GET isteði gönderiliyor: https://api.stripe.com/v1/payment_intents
2026-07-24 14:28:44,462 - INFO - Baþarýlý cevap: 200
2026-07-24 14:28:44,466 - INFO - GET isteði gönderiliyor: https://api.stripe.com/v1/payment_intents
2026-07-24 14:28:44,743 - INFO - GET isteði gönderiliyor: https://api.stripe.com/v1/invoices/in_1TwhHHKBkUL9vnMVuhhzUHS8
2026-07-24 14:28:45,287 - INFO - Baþarýlý cevap: 200
2026-07-24 14:28:45,764 - INFO - Baþarýlý cevap: 200
2026-07-24 14:28:45,768 - INFO - GET isteði gönderiliyor: https://api.stripe.com/v1/refunds
2026-07-24 14:28:46,342 - INFO - Baþarýlý cevap: 200
2026-07-24 14:28:46,344 - INFO - GET isteði gönderiliyor: https://api.stripe.com/v1/products
2026-07-24 14:28:47,090 - INFO - Baþarýlý cevap: 200
2026-07-24 14:28:54,824 - INFO - GET isteði gönderiliyor: https://api.stripe.com/v1/invoices
2026-07-24 14:28:55,621 - INFO - Baþarýlý cevap: 200
2026-07-24 14:29:03,682 - INFO - POST isteði gönderiliyor: https://api.stripe.com/v1/invoices/create_preview
2026-07-24 14:29:04,401 - INFO - Baþarýlý cevap: 200
2026-07-24 14:29:10,162 - INFO - POST isteði gönderiliyor: https://api.stripe.com/v1/invoices
2026-07-24 14:29:11,448 - INFO - Baþarýlý cevap: 200
2026-07-24 14:29:11,450 - INFO - POST isteði gönderiliyor: https://api.stripe.com/v1/invoiceitems
2026-07-24 14:29:12,471 - INFO - Baþarýlý cevap: 200
2026-07-24 14:29:12,473 - INFO - POST isteði gönderiliyor: https://api.stripe.com/v1/invoices/in_1TwhHuKBkUL9vnMVdVcLeV4j/finalize
2026-07-24 14:29:14,726 - INFO - Baþarýlý cevap: 200
2026-07-24 14:29:14,749 - INFO - GET isteði gönderiliyor: https://api.stripe.com/v1/customers
2026-07-24 14:29:15,954 - INFO - GET isteði gönderiliyor: https://api.stripe.com/v1/invoices
2026-07-24 14:29:16,071 - INFO - Baþarýlý cevap: 200
2026-07-24 14:29:16,075 - INFO - GET isteði gönderiliyor: https://api.stripe.com/v1/customers
2026-07-24 14:29:16,988 - INFO - Baþarýlý cevap: 200
2026-07-24 14:29:17,460 - INFO - Baþarýlý cevap: 200
2026-07-24 14:29:17,462 - INFO - GET isteði gönderiliyor: https://api.stripe.com/v1/customers
2026-07-24 14:29:18,464 - INFO - Baþarýlý cevap: 200
2026-07-24 14:29:18,467 - INFO - GET isteði gönderiliyor: https://api.stripe.com/v1/payment_intents
2026-07-24 14:29:20,712 - INFO - Baþarýlý cevap: 200
2026-07-24 14:29:20,716 - INFO - GET isteði gönderiliyor: https://api.stripe.com/v1/payment_intents
2026-07-24 14:29:22,134 - INFO - Baþarýlý cevap: 200
2026-07-24 14:29:22,138 - INFO - GET isteði gönderiliyor: https://api.stripe.com/v1/refunds
2026-07-24 14:29:22,814 - INFO - Baþarýlý cevap: 200
2026-07-24 14:29:22,817 - INFO - GET isteði gönderiliyor: https://api.stripe.com/v1/products
2026-07-24 14:29:23,505 - INFO - GET isteði gönderiliyor: https://api.stripe.com/v1/customers/cus_Uu0jKN86a5Br32
2026-07-24 14:29:23,543 - INFO - Baþarýlý cevap: 200
2026-07-24 14:29:24,311 - INFO - Baþarýlý cevap: 200
2026-07-24 14:29:24,348 - INFO - GET isteði gönderiliyor: https://api.stripe.com/v1/payment_intents
2026-07-24 14:29:25,652 - INFO - Baþarýlý cevap: 200
2026-07-24 14:29:29,833 - INFO - GET isteði gönderiliyor: https://api.stripe.com/v1/invoices
2026-07-24 14:29:30,763 - INFO - Baþarýlý cevap: 200
2026-07-24 14:29:30,883 - INFO - GET isteði gönderiliyor: https://api.stripe.com/v1/invoices
2026-07-24 14:29:32,017 - INFO - Baþarýlý cevap: 200
2026-07-24 14:31:57,599 - INFO - GET isteði gönderiliyor: https://api.stripe.com/v1/customers/cus_Uu0jKN86a5Br32
2026-07-24 14:31:58,362 - INFO - Baþarýlý cevap: 200
2026-07-24 14:31:58,396 - INFO - GET isteði gönderiliyor: https://api.stripe.com/v1/payment_intents
2026-07-24 14:31:59,494 - INFO - Baþarýlý cevap: 200
2026-07-24 14:32:03,306 - INFO - GET isteði gönderiliyor: https://api.stripe.com/v1/customers
2026-07-24 14:32:03,307 - INFO - GET isteði gönderiliyor: https://api.stripe.com/v1/products
2026-07-24 14:32:03,973 - INFO - Baþarýlý cevap: 200
2026-07-24 14:32:04,148 - INFO - Baþarýlý cevap: 200
2026-07-24 14:32:09,047 - INFO - GET isteði gönderiliyor: https://api.stripe.com/v1/customers
2026-07-24 14:32:09,709 - INFO - Baþarýlý cevap: 200
2026-07-24 14:32:09,713 - INFO - GET isteði gönderiliyor: https://api.stripe.com/v1/customers
2026-07-24 14:32:10,625 - INFO - Baþarýlý cevap: 200
2026-07-24 14:32:10,629 - INFO - GET isteði gönderiliyor: https://api.stripe.com/v1/customers
2026-07-24 14:32:10,766 - INFO - GET isteði gönderiliyor: https://api.stripe.com/v1/customers
2026-07-24 14:32:10,771 - INFO - GET isteði gönderiliyor: https://api.stripe.com/v1/products
2026-07-24 14:32:11,320 - INFO - Baþarýlý cevap: 200
2026-07-24 14:32:11,323 - INFO - GET isteði gönderiliyor: https://api.stripe.com/v1/payment_intents
2026-07-24 14:32:11,421 - INFO - Baþarýlý cevap: 200
2026-07-24 14:32:11,552 - INFO - Baþarýlý cevap: 200
2026-07-24 14:32:14,029 - INFO - Baþarýlý cevap: 200
2026-07-24 14:32:14,033 - INFO - GET isteði gönderiliyor: https://api.stripe.com/v1/payment_intents
2026-07-24 14:32:15,518 - INFO - Baþarýlý cevap: 200
2026-07-24 14:32:15,523 - INFO - GET isteði gönderiliyor: https://api.stripe.com/v1/refunds
2026-07-24 14:32:16,183 - INFO - Baþarýlý cevap: 200
2026-07-24 14:32:16,184 - INFO - GET isteði gönderiliyor: https://api.stripe.com/v1/products
2026-07-24 14:32:17,205 - INFO - Baþarýlý cevap: 200
2026-07-24 14:32:21,548 - INFO - POST isteði gönderiliyor: https://api.stripe.com/v1/invoices/create_preview
2026-07-24 14:32:22,324 - INFO - Baþarýlý cevap: 200
2026-07-24 14:32:59,208 - INFO - POST isteði gönderiliyor: https://api.stripe.com/v1/invoices
2026-07-24 14:33:00,225 - INFO - Baþarýlý cevap: 200
2026-07-24 14:33:00,227 - INFO - POST isteði gönderiliyor: https://api.stripe.com/v1/invoiceitems
2026-07-24 14:33:00,930 - INFO - Baþarýlý cevap: 200
2026-07-24 14:33:00,931 - INFO - POST isteði gönderiliyor: https://api.stripe.com/v1/invoices/in_1TwhLbKBkUL9vnMVLhr82b4K/finalize
2026-07-24 14:33:02,773 - INFO - Baþarýlý cevap: 200
2026-07-24 14:33:02,790 - INFO - GET isteði gönderiliyor: https://api.stripe.com/v1/customers
2026-07-24 14:33:03,994 - INFO - GET isteði gönderiliyor: https://api.stripe.com/v1/invoices
2026-07-24 14:33:04,156 - INFO - Baþarýlý cevap: 200
2026-07-24 14:33:04,159 - INFO - GET isteði gönderiliyor: https://api.stripe.com/v1/customers
2026-07-24 14:33:04,941 - INFO - Baþarýlý cevap: 200
2026-07-24 14:33:05,879 - INFO - Baþarýlý cevap: 200
2026-07-24 14:33:05,883 - INFO - GET isteði gönderiliyor: https://api.stripe.com/v1/customers
2026-07-24 14:33:06,976 - INFO - Baþarýlý cevap: 200
2026-07-24 14:33:06,980 - INFO - GET isteði gönderiliyor: https://api.stripe.com/v1/payment_intents
2026-07-24 14:33:07,457 - INFO - GET isteði gönderiliyor: https://api.stripe.com/v1/invoices/in_1TwhLbKBkUL9vnMVLhr82b4K
2026-07-24 14:33:08,207 - INFO - Baþarýlý cevap: 200
2026-07-24 14:33:10,137 - INFO - Baþarýlý cevap: 200
2026-07-24 14:33:10,142 - INFO - GET isteði gönderiliyor: https://api.stripe.com/v1/payment_intents
2026-07-24 14:33:11,307 - INFO - Baþarýlý cevap: 200
2026-07-24 14:33:11,310 - INFO - GET isteði gönderiliyor: https://api.stripe.com/v1/refunds
2026-07-24 14:33:11,790 - INFO - Baþarýlý cevap: 200
2026-07-24 14:33:11,792 - INFO - GET isteði gönderiliyor: https://api.stripe.com/v1/products
2026-07-24 14:33:12,607 - INFO - Baþarýlý cevap: 200
2026-07-24 14:33:36,039 - INFO - GET isteði gönderiliyor: https://api.stripe.com/v1/customers/cus_Uu0jKN86a5Br32
2026-07-24 14:33:36,871 - INFO - Baþarýlý cevap: 200
2026-07-24 14:33:36,888 - INFO - GET isteði gönderiliyor: https://api.stripe.com/v1/payment_intents
2026-07-24 14:33:37,986 - INFO - Baþarýlý cevap: 200
2026-07-24 14:33:44,491 - INFO - GET isteði gönderiliyor: https://api.stripe.com/v1/invoices
2026-07-24 14:33:45,674 - INFO - Baþarýlý cevap: 200
2026-07-24 14:33:45,789 - INFO - GET isteði gönderiliyor: https://api.stripe.com/v1/invoices
2026-07-24 14:33:47,424 - INFO - Baþarýlý cevap: 200
2026-07-24 14:33:56,825 - INFO - GET isteði gönderiliyor: https://api.stripe.com/v1/customers
2026-07-24 14:33:56,827 - INFO - GET isteði gönderiliyor: https://api.stripe.com/v1/products
2026-07-24 14:33:57,553 - INFO - Baþarýlý cevap: 200
2026-07-24 14:33:57,803 - INFO - Baþarýlý cevap: 200
2026-07-24 14:34:09,307 - INFO - POST isteði gönderiliyor: https://api.stripe.com/v1/invoices/create_preview
2026-07-24 14:34:10,375 - INFO - Baþarýlý cevap: 200
2026-07-24 14:34:14,259 - INFO - POST isteði gönderiliyor: https://api.stripe.com/v1/invoices/create_preview
2026-07-24 14:34:15,170 - INFO - Baþarýlý cevap: 200
2026-07-24 14:34:20,363 - INFO - POST isteði gönderiliyor: https://api.stripe.com/v1/invoices/create_preview
2026-07-24 14:34:21,422 - INFO - Baþarýlý cevap: 200
2026-07-24 14:34:31,652 - INFO - POST isteði gönderiliyor: https://api.stripe.com/v1/invoices/create_preview
2026-07-24 14:34:32,374 - INFO - Baþarýlý cevap: 200
2026-07-24 14:34:35,924 - INFO - POST isteði gönderiliyor: https://api.stripe.com/v1/invoices
2026-07-24 14:34:36,785 - INFO - Baþarýlý cevap: 200
2026-07-24 14:34:36,787 - INFO - POST isteði gönderiliyor: https://api.stripe.com/v1/invoiceitems
2026-07-24 14:34:37,503 - INFO - Baþarýlý cevap: 200
2026-07-24 14:34:37,504 - INFO - POST isteði gönderiliyor: https://api.stripe.com/v1/invoices/in_1TwhN9KBkUL9vnMVfNz5Yc8Z/finalize
2026-07-24 14:34:39,133 - INFO - Baþarýlý cevap: 200
2026-07-24 14:34:39,147 - INFO - GET isteði gönderiliyor: https://api.stripe.com/v1/customers
2026-07-24 14:34:40,356 - INFO - GET isteði gönderiliyor: https://api.stripe.com/v1/invoices
2026-07-24 14:34:40,675 - INFO - Baþarýlý cevap: 200
2026-07-24 14:34:40,678 - INFO - GET isteði gönderiliyor: https://api.stripe.com/v1/customers
2026-07-24 14:34:41,580 - INFO - Baþarýlý cevap: 200
2026-07-24 14:34:42,237 - INFO - Baþarýlý cevap: 200
2026-07-24 14:34:42,240 - INFO - GET isteði gönderiliyor: https://api.stripe.com/v1/customers
2026-07-24 14:34:44,267 - INFO - Baþarýlý cevap: 200
2026-07-24 14:34:44,269 - INFO - GET isteði gönderiliyor: https://api.stripe.com/v1/payment_intents
2026-07-24 14:34:46,373 - INFO - GET isteði gönderiliyor: https://api.stripe.com/v1/customers/cus_Uu0jKN86a5Br32
2026-07-24 14:34:46,699 - INFO - Baþarýlý cevap: 200
2026-07-24 14:34:46,704 - INFO - GET isteði gönderiliyor: https://api.stripe.com/v1/payment_intents
2026-07-24 14:34:46,924 - INFO - Baþarýlý cevap: 200
2026-07-24 14:34:46,938 - INFO - GET isteði gönderiliyor: https://api.stripe.com/v1/payment_intents
2026-07-24 14:34:48,139 - INFO - Baþarýlý cevap: 200
2026-07-24 14:34:48,372 - INFO - Baþarýlý cevap: 200
2026-07-24 14:34:48,376 - INFO - GET isteði gönderiliyor: https://api.stripe.com/v1/refunds
2026-07-24 14:34:49,066 - INFO - Baþarýlý cevap: 200
2026-07-24 14:34:49,070 - INFO - GET isteði gönderiliyor: https://api.stripe.com/v1/products
2026-07-24 14:34:49,988 - INFO - Baþarýlý cevap: 200
2026-07-24 14:34:56,434 - INFO - GET isteði gönderiliyor: https://api.stripe.com/v1/invoices
2026-07-24 14:34:58,168 - INFO - Baþarýlý cevap: 200
2026-07-24 14:34:58,307 - INFO - GET isteði gönderiliyor: https://api.stripe.com/v1/invoices
2026-07-24 14:34:59,757 - INFO - Baþarýlý cevap: 200
2026-07-24 16:17:13,220 - INFO - GET isteði gönderiliyor: https://api.stripe.com/v1/customers
2026-07-24 16:17:14,280 - INFO - Baþarýlý cevap: 200
2026-07-24 16:17:17,737 - INFO - GET isteði gönderiliyor: https://api.stripe.com/v1/customers
2026-07-24 16:17:18,242 - INFO - Baþarýlý cevap: 200
2026-07-24 16:17:18,749 - INFO - GET isteði gönderiliyor: https://api.stripe.com/v1/products
2026-07-24 16:17:19,347 - INFO - Baþarýlý cevap: 200
2026-07-24 16:17:24,821 - INFO - GET isteði gönderiliyor: https://api.stripe.com/v1/products
2026-07-24 16:17:25,531 - INFO - Baþarýlý cevap: 200
2026-07-24 16:17:25,552 - INFO - GET isteði gönderiliyor: https://api.stripe.com/v1/payment_intents
2026-07-24 16:17:26,475 - INFO - Baþarýlý cevap: 200
2026-07-24 16:17:32,456 - INFO - GET isteði gönderiliyor: https://api.stripe.com/v1/refunds
2026-07-24 16:17:33,019 - INFO - Baþarýlý cevap: 200
2026-07-24 16:17:34,958 - INFO - GET isteði gönderiliyor: https://api.stripe.com/v1/products
2026-07-24 16:17:34,962 - INFO - GET isteði gönderiliyor: https://api.stripe.com/v1/customers
2026-07-24 16:17:35,785 - INFO - Baþarýlý cevap: 200
2026-07-24 16:17:36,962 - INFO - Baþarýlý cevap: 200
2026-07-24 16:17:49,810 - INFO - GET isteði gönderiliyor: https://api.stripe.com/v1/customers/cus_Uu0jKN86a5Br32
2026-07-24 16:17:50,837 - INFO - Baþarýlý cevap: 200
2026-07-24 16:17:50,886 - INFO - GET isteði gönderiliyor: https://api.stripe.com/v1/payment_intents
2026-07-24 16:17:52,105 - INFO - Baþarýlý cevap: 200
2026-07-24 16:17:59,423 - INFO - GET isteði gönderiliyor: https://api.stripe.com/v1/invoices
2026-07-24 16:18:00,751 - INFO - Baþarýlý cevap: 200
2026-07-24 16:18:00,871 - INFO - GET isteði gönderiliyor: https://api.stripe.com/v1/invoices
2026-07-24 16:18:02,278 - INFO - Baþarýlý cevap: 200
2026-07-24 16:18:27,898 - INFO - GET isteði gönderiliyor: https://api.stripe.com/v1/customers
2026-07-24 16:18:27,900 - INFO - GET isteði gönderiliyor: https://api.stripe.com/v1/products
2026-07-24 16:18:29,076 - INFO - Baþarýlý cevap: 200
2026-07-24 16:18:29,268 - INFO - Baþarýlý cevap: 200
2026-07-24 16:18:38,311 - INFO - POST isteði gönderiliyor: https://api.stripe.com/v1/invoices/create_preview
2026-07-24 16:18:39,274 - ERROR - HTTP hatasý: 400 Client Error: Bad Request for url: https://api.stripe.com/v1/invoices/create_preview
2026-07-24 16:18:39,276 - INFO - GET isteði gönderiliyor: https://api.stripe.com/v1/invoices/upcoming
2026-07-24 16:18:39,781 - ERROR - HTTP hatasý: 404 Client Error: Not Found for url: https://api.stripe.com/v1/invoices/upcoming?customer=cus_Uu0jKN86a5Br32&automatic_tax%5Benabled%5D=false&invoice_items%5B0%5D%5Bprice%5D=price_1Tt0ThKBkUL9vnMV9Y23LebJ&invoice_items%5B0%5D%5Bquantity%5D=1
2026-07-24 16:18:49,067 - INFO - POST isteði gönderiliyor: https://api.stripe.com/v1/invoices
2026-07-24 16:18:50,025 - INFO - Baþarýlý cevap: 200
2026-07-24 16:18:50,027 - INFO - POST isteði gönderiliyor: https://api.stripe.com/v1/invoiceitems
2026-07-24 16:18:50,844 - ERROR - HTTP hatasý: 400 Client Error: Bad Request for url: https://api.stripe.com/v1/invoiceitems
2026-07-24 16:19:01,099 - INFO - POST isteði gönderiliyor: https://api.stripe.com/v1/invoices/create_preview
2026-07-24 16:19:02,210 - ERROR - HTTP hatasý: 400 Client Error: Bad Request for url: https://api.stripe.com/v1/invoices/create_preview
2026-07-24 16:19:02,214 - INFO - GET isteði gönderiliyor: https://api.stripe.com/v1/invoices/upcoming
2026-07-24 16:19:02,793 - INFO - POST isteði gönderiliyor: https://api.stripe.com/v1/invoices/create_preview
2026-07-24 16:19:03,236 - ERROR - HTTP hatasý: 404 Client Error: Not Found for url: https://api.stripe.com/v1/invoices/upcoming?customer=cus_Uu0jKN86a5Br32&automatic_tax%5Benabled%5D=false&invoice_items%5B0%5D%5Bprice%5D=price_1Tt0ThKBkUL9vnMV9Y23LebJ&invoice_items%5B0%5D%5Bquantity%5D=1&invoice_items%5B1%5D%5Bprice%5D=price_1TnwKxKBkUL9vnMVa4EYrwW2&invoice_items%5B1%5D%5Bquantity%5D=1
2026-07-24 16:19:03,848 - INFO - Baþarýlý cevap: 200
2026-07-24 16:19:11,714 - INFO - POST isteði gönderiliyor: https://api.stripe.com/v1/invoices
2026-07-24 16:19:12,657 - INFO - Baþarýlý cevap: 200
2026-07-24 16:19:12,657 - INFO - POST isteði gönderiliyor: https://api.stripe.com/v1/invoiceitems
2026-07-24 16:19:13,577 - INFO - Baþarýlý cevap: 200
2026-07-24 16:19:13,578 - INFO - POST isteði gönderiliyor: https://api.stripe.com/v1/invoices/in_1Twj0NKBkUL9vnMVftqX2UXN/finalize
2026-07-24 16:19:15,625 - INFO - Baþarýlý cevap: 200
2026-07-24 16:19:15,673 - INFO - GET isteði gönderiliyor: https://api.stripe.com/v1/customers
2026-07-24 16:19:16,879 - INFO - GET isteði gönderiliyor: https://api.stripe.com/v1/invoices
2026-07-24 16:19:17,099 - INFO - Baþarýlý cevap: 200
2026-07-24 16:19:17,103 - INFO - GET isteði gönderiliyor: https://api.stripe.com/v1/customers
2026-07-24 16:19:17,814 - INFO - Baþarýlý cevap: 200
2026-07-24 16:19:19,056 - INFO - Baþarýlý cevap: 200
2026-07-24 16:19:19,059 - INFO - GET isteði gönderiliyor: https://api.stripe.com/v1/customers
2026-07-24 16:19:20,421 - INFO - Baþarýlý cevap: 200
2026-07-24 16:19:20,425 - INFO - GET isteði gönderiliyor: https://api.stripe.com/v1/payment_intents
2026-07-24 16:19:22,649 - INFO - Baþarýlý cevap: 200
2026-07-24 16:19:22,653 - INFO - GET isteði gönderiliyor: https://api.stripe.com/v1/payment_intents
2026-07-24 16:19:23,932 - INFO - Baþarýlý cevap: 200
2026-07-24 16:19:23,936 - INFO - GET isteði gönderiliyor: https://api.stripe.com/v1/refunds
2026-07-24 16:19:24,738 - INFO - Baþarýlý cevap: 200
2026-07-24 16:19:24,741 - INFO - GET isteði gönderiliyor: https://api.stripe.com/v1/products
2026-07-24 16:19:25,543 - INFO - Baþarýlý cevap: 200
2026-07-24 16:19:52,301 - INFO - GET isteði gönderiliyor: https://api.stripe.com/v1/customers/cus_Uu0jKN86a5Br32
2026-07-24 16:19:53,114 - INFO - Baþarýlý cevap: 200
2026-07-24 16:19:53,126 - INFO - GET isteði gönderiliyor: https://api.stripe.com/v1/payment_intents
2026-07-24 16:19:54,332 - INFO - Baþarýlý cevap: 200
2026-07-24 16:20:00,427 - INFO - GET isteði gönderiliyor: https://api.stripe.com/v1/invoices
2026-07-24 16:20:01,617 - INFO - Baþarýlý cevap: 200
2026-07-24 16:20:01,694 - INFO - GET isteði gönderiliyor: https://api.stripe.com/v1/invoices
2026-07-24 16:20:03,304 - INFO - Baþarýlý cevap: 200
2026-07-24 16:20:27,551 - INFO - Import Ýþlemi Tamamlandý: Baþlýksýz e-tablo - Sayfa1 (14).csv -> invoices (Baþarýlý: 1, Baþarýsýz: 0)
2026-07-24 16:20:27,561 - INFO - GET isteði gönderiliyor: https://api.stripe.com/v1/customers
2026-07-24 16:20:27,566 - INFO - GET isteði gönderiliyor: https://api.stripe.com/v1/customers
2026-07-24 16:20:27,587 - INFO - GET isteði gönderiliyor: https://api.stripe.com/v1/products
2026-07-24 16:20:27,589 - INFO - GET isteði gönderiliyor: https://api.stripe.com/v1/payment_intents
2026-07-24 16:20:28,571 - INFO - Baþarýlý cevap: 200
2026-07-24 16:20:28,597 - INFO - Baþarýlý cevap: 200
2026-07-24 16:20:28,823 - INFO - Baþarýlý cevap: 200
2026-07-24 16:20:28,827 - INFO - GET isteði gönderiliyor: https://api.stripe.com/v1/customers
2026-07-24 16:20:28,841 - INFO - Baþarýlý cevap: 200
2026-07-24 16:20:29,881 - INFO - Baþarýlý cevap: 200
2026-07-24 16:20:29,886 - INFO - GET isteði gönderiliyor: https://api.stripe.com/v1/customers
2026-07-24 16:20:30,952 - INFO - Baþarýlý cevap: 200
2026-07-24 16:20:30,957 - INFO - GET isteði gönderiliyor: https://api.stripe.com/v1/payment_intents
2026-07-24 16:20:31,701 - INFO - GET isteði gönderiliyor: https://api.stripe.com/v1/customers/cus_Uu0jKN86a5Br32
2026-07-24 16:20:32,314 - INFO - Baþarýlý cevap: 200
2026-07-24 16:20:32,331 - INFO - GET isteði gönderiliyor: https://api.stripe.com/v1/payment_intents
2026-07-24 16:20:33,420 - INFO - Baþarýlý cevap: 200
2026-07-24 16:20:33,424 - INFO - GET isteði gönderiliyor: https://api.stripe.com/v1/payment_intents
2026-07-24 16:20:34,651 - INFO - Baþarýlý cevap: 200
2026-07-24 16:20:34,654 - INFO - GET isteði gönderiliyor: https://api.stripe.com/v1/refunds
2026-07-24 16:20:34,897 - INFO - Baþarýlý cevap: 200
2026-07-24 16:20:35,313 - INFO - Baþarýlý cevap: 200
2026-07-24 16:20:35,315 - INFO - GET isteði gönderiliyor: https://api.stripe.com/v1/products
2026-07-24 16:20:35,939 - INFO - Baþarýlý cevap: 200
2026-07-24 16:20:37,523 - INFO - GET isteði gönderiliyor: https://api.stripe.com/v1/invoices
2026-07-24 16:20:38,579 - INFO - Baþarýlý cevap: 200
2026-07-24 16:20:38,645 - INFO - GET isteði gönderiliyor: https://api.stripe.com/v1/invoices
2026-07-24 16:20:39,833 - INFO - Baþarýlý cevap: 200
2026-07-24 16:26:51,310 - INFO - GET isteði gönderiliyor: https://api.stripe.com/v1/customers
2026-07-24 16:26:51,314 - INFO - GET isteði gönderiliyor: https://api.stripe.com/v1/products
2026-07-24 16:26:52,241 - INFO - Baþarýlý cevap: 200
2026-07-24 16:26:52,898 - INFO - Baþarýlý cevap: 200
2026-07-24 16:26:53,208 - INFO - GET isteði gönderiliyor: https://api.stripe.com/v1/customers
2026-07-24 16:26:54,048 - INFO - Baþarýlý cevap: 200
2026-07-24 16:26:54,053 - INFO - GET isteði gönderiliyor: https://api.stripe.com/v1/customers
2026-07-24 16:26:55,379 - INFO - Baþarýlý cevap: 200
2026-07-24 16:26:55,383 - INFO - GET isteði gönderiliyor: https://api.stripe.com/v1/customers
2026-07-24 16:26:56,524 - INFO - Baþarýlý cevap: 200
2026-07-24 16:26:56,527 - INFO - GET isteði gönderiliyor: https://api.stripe.com/v1/payment_intents
2026-07-24 16:26:56,637 - INFO - GET isteði gönderiliyor: https://api.stripe.com/v1/customers
2026-07-24 16:26:56,643 - INFO - GET isteði gönderiliyor: https://api.stripe.com/v1/products
2026-07-24 16:26:57,445 - INFO - Baþarýlý cevap: 200
2026-07-24 16:26:57,644 - INFO - Baþarýlý cevap: 200
2026-07-24 16:26:59,423 - INFO - Baþarýlý cevap: 200
2026-07-24 16:26:59,427 - INFO - GET isteði gönderiliyor: https://api.stripe.com/v1/payment_intents
2026-07-24 16:27:01,340 - INFO - Baþarýlý cevap: 200
2026-07-24 16:27:01,345 - INFO - GET isteði gönderiliyor: https://api.stripe.com/v1/refunds
2026-07-24 16:27:02,165 - INFO - Baþarýlý cevap: 200
2026-07-24 16:27:02,167 - INFO - GET isteði gönderiliyor: https://api.stripe.com/v1/products
2026-07-24 16:27:03,156 - INFO - Baþarýlý cevap: 200
2026-07-24 16:27:03,895 - INFO - POST isteði gönderiliyor: https://api.stripe.com/v1/invoices/create_preview
2026-07-24 16:27:04,743 - INFO - Baþarýlý cevap: 200
2026-07-24 16:27:20,151 - INFO - POST isteði gönderiliyor: https://api.stripe.com/v1/invoices/create_preview
2026-07-24 16:27:21,056 - ERROR - HTTP hatasý: 400 Client Error: Bad Request for url: https://api.stripe.com/v1/invoices/create_preview
2026-07-24 16:27:21,058 - INFO - GET isteði gönderiliyor: https://api.stripe.com/v1/invoices/upcoming
2026-07-24 16:27:22,169 - ERROR - HTTP hatasý: 404 Client Error: Not Found for url: https://api.stripe.com/v1/invoices/upcoming?customer=cus_Uu0jKN86a5Br32&automatic_tax%5Benabled%5D=false&invoice_items%5B0%5D%5Bprice%5D=price_1Tt0ThKBkUL9vnMV9Y23LebJ&invoice_items%5B0%5D%5Bquantity%5D=1
2026-07-24 16:27:26,876 - INFO - POST isteði gönderiliyor: https://api.stripe.com/v1/invoices/create_preview
2026-07-24 16:27:27,868 - ERROR - HTTP hatasý: 400 Client Error: Bad Request for url: https://api.stripe.com/v1/invoices/create_preview
2026-07-24 16:27:27,870 - INFO - GET isteði gönderiliyor: https://api.stripe.com/v1/invoices/upcoming
2026-07-24 16:27:27,909 - INFO - POST isteði gönderiliyor: https://api.stripe.com/v1/invoices/create_preview
2026-07-24 16:27:28,707 - INFO - Baþarýlý cevap: 200
2026-07-24 16:27:28,792 - ERROR - HTTP hatasý: 404 Client Error: Not Found for url: https://api.stripe.com/v1/invoices/upcoming?customer=cus_Uu0jKN86a5Br32&automatic_tax%5Benabled%5D=false&invoice_items%5B0%5D%5Bprice%5D=price_1Tt0ThKBkUL9vnMV9Y23LebJ&invoice_items%5B0%5D%5Bquantity%5D=1&invoice_items%5B1%5D%5Bprice%5D=price_1TrJXnKBkUL9vnMVcD3kZEXu&invoice_items%5B1%5D%5Bquantity%5D=1
2026-07-24 16:27:32,202 - INFO - POST isteði gönderiliyor: https://api.stripe.com/v1/invoices/create_preview
2026-07-24 16:27:33,096 - INFO - Baþarýlý cevap: 200
2026-07-24 16:27:41,033 - INFO - POST isteði gönderiliyor: https://api.stripe.com/v1/invoices
2026-07-24 16:27:41,999 - INFO - Baþarýlý cevap: 200
2026-07-24 16:27:42,005 - INFO - POST isteði gönderiliyor: https://api.stripe.com/v1/invoiceitems
2026-07-24 16:27:42,923 - INFO - Baþarýlý cevap: 200
2026-07-24 16:27:42,925 - INFO - POST isteði gönderiliyor: https://api.stripe.com/v1/invoices/in_1Twj8aKBkUL9vnMVq98nCseG/finalize
2026-07-24 16:27:45,073 - INFO - Baþarýlý cevap: 200
2026-07-24 16:27:45,096 - INFO - GET isteði gönderiliyor: https://api.stripe.com/v1/customers
2026-07-24 16:27:46,311 - INFO - GET isteði gönderiliyor: https://api.stripe.com/v1/invoices
2026-07-24 16:27:46,624 - INFO - Baþarýlý cevap: 200
2026-07-24 16:27:46,627 - INFO - GET isteði gönderiliyor: https://api.stripe.com/v1/customers
2026-07-24 16:27:47,309 - INFO - Baþarýlý cevap: 200
2026-07-24 16:27:47,866 - INFO - Baþarýlý cevap: 200
2026-07-24 16:27:47,869 - INFO - GET isteði gönderiliyor: https://api.stripe.com/v1/customers
2026-07-24 16:27:48,790 - INFO - Baþarýlý cevap: 200
2026-07-24 16:27:48,793 - INFO - GET isteði gönderiliyor: https://api.stripe.com/v1/payment_intents
2026-07-24 16:27:51,646 - INFO - Baþarýlý cevap: 200
2026-07-24 16:27:51,651 - INFO - GET isteði gönderiliyor: https://api.stripe.com/v1/payment_intents
2026-07-24 16:27:53,422 - INFO - Baþarýlý cevap: 200
2026-07-24 16:27:53,426 - INFO - GET isteði gönderiliyor: https://api.stripe.com/v1/refunds
2026-07-24 16:27:53,606 - INFO - GET isteði gönderiliyor: https://api.stripe.com/v1/customers/cus_Uu0jKN86a5Br32
2026-07-24 16:27:54,062 - INFO - Baþarýlý cevap: 200
2026-07-24 16:27:54,064 - INFO - GET isteði gönderiliyor: https://api.stripe.com/v1/products
2026-07-24 16:27:54,616 - INFO - Baþarýlý cevap: 200
2026-07-24 16:27:54,660 - INFO - GET isteði gönderiliyor: https://api.stripe.com/v1/payment_intents
2026-07-24 16:27:54,961 - INFO - Baþarýlý cevap: 200
2026-07-24 16:27:55,680 - INFO - Baþarýlý cevap: 200
2026-07-24 16:27:55,788 - INFO - GET isteði gönderiliyor: https://api.stripe.com/v1/customers/cus_Uu0jKN86a5Br32
2026-07-24 16:27:56,338 - INFO - Baþarýlý cevap: 200
2026-07-24 16:27:56,381 - INFO - GET isteði gönderiliyor: https://api.stripe.com/v1/payment_intents
2026-07-24 16:27:57,583 - INFO - Baþarýlý cevap: 200
2026-07-24 16:28:02,150 - INFO - GET isteði gönderiliyor: https://api.stripe.com/v1/invoices
2026-07-24 16:28:03,565 - INFO - Baþarýlý cevap: 200
2026-07-24 16:28:03,680 - INFO - GET isteði gönderiliyor: https://api.stripe.com/v1/invoices
2026-07-24 16:28:05,369 - INFO - Baþarýlý cevap: 200
2026-07-24 17:48:57,632 - INFO - GET isteði gönderiliyor: https://api.stripe.com/v1/customers
2026-07-24 17:48:59,584 - INFO - Baþarýlý cevap: 200
2026-07-24 17:48:59,590 - INFO - GET isteði gönderiliyor: https://api.stripe.com/v1/customers
2026-07-24 17:49:01,323 - INFO - Baþarýlý cevap: 200
2026-07-24 17:49:01,326 - INFO - GET isteði gönderiliyor: https://api.stripe.com/v1/customers
2026-07-24 17:49:02,257 - INFO - Baþarýlý cevap: 200
2026-07-24 17:49:02,261 - INFO - GET isteði gönderiliyor: https://api.stripe.com/v1/payment_intents
2026-07-24 17:49:04,276 - INFO - Baþarýlý cevap: 200
2026-07-24 17:49:04,282 - INFO - GET isteði gönderiliyor: https://api.stripe.com/v1/payment_intents
2026-07-24 17:49:05,514 - INFO - Baþarýlý cevap: 200
2026-07-24 17:49:05,520 - INFO - GET isteði gönderiliyor: https://api.stripe.com/v1/refunds
2026-07-24 17:49:06,109 - INFO - Baþarýlý cevap: 200
2026-07-24 17:49:06,113 - INFO - GET isteði gönderiliyor: https://api.stripe.com/v1/products
2026-07-24 17:49:06,120 - INFO - GET isteði gönderiliyor: https://api.stripe.com/v1/customers
2026-07-24 17:49:06,846 - INFO - Baþarýlý cevap: 200
2026-07-24 17:49:07,073 - INFO - Baþarýlý cevap: 200
2026-07-24 17:51:51,625 - INFO - GET isteði gönderiliyor: https://api.stripe.com/v1/customers
2026-07-24 17:51:52,494 - INFO - Baþarýlý cevap: 200
2026-07-24 17:52:21,238 - INFO - GET isteði gönderiliyor: https://api.stripe.com/v1/customers
2026-07-24 17:52:22,015 - INFO - Baþarýlý cevap: 200
2026-07-24 17:52:27,831 - INFO - GET isteði gönderiliyor: https://api.stripe.com/v1/customers
2026-07-24 17:52:28,500 - INFO - Baþarýlý cevap: 200
2026-07-24 17:52:34,525 - INFO - GET isteði gönderiliyor: https://api.stripe.com/v1/customers
2026-07-24 17:52:35,264 - INFO - Baþarýlý cevap: 200
2026-07-24 17:52:43,482 - INFO - GET isteði gönderiliyor: https://api.stripe.com/v1/customers
2026-07-24 17:52:44,150 - INFO - Baþarýlý cevap: 200
2026-07-24 17:52:52,018 - INFO - GET isteði gönderiliyor: https://api.stripe.com/v1/customers
2026-07-24 17:52:52,711 - INFO - Baþarýlý cevap: 200
2026-07-24 17:52:55,266 - INFO - GET isteði gönderiliyor: https://api.stripe.com/v1/customers
2026-07-24 17:52:55,873 - INFO - Baþarýlý cevap: 200
2026-07-24 17:52:57,402 - INFO - GET isteði gönderiliyor: https://api.stripe.com/v1/customers
2026-07-24 17:52:57,914 - INFO - Baþarýlý cevap: 200
2026-07-24 17:56:25,475 - INFO - GET isteði gönderiliyor: https://api.stripe.com/v1/customers
2026-07-24 17:56:26,183 - INFO - Baþarýlý cevap: 200
2026-07-24 17:56:26,195 - INFO - GET isteði gönderiliyor: https://api.stripe.com/v1/customers
2026-07-24 17:56:26,807 - INFO - Baþarýlý cevap: 200
2026-07-24 17:56:38,901 - INFO - GET isteði gönderiliyor: https://api.stripe.com/v1/customers
2026-07-24 17:56:39,443 - INFO - Baþarýlý cevap: 200
2026-07-24 17:56:42,312 - INFO - GET isteði gönderiliyor: https://api.stripe.com/v1/customers
2026-07-24 17:56:42,953 - INFO - Baþarýlý cevap: 200
2026-07-24 17:56:49,167 - INFO - GET isteði gönderiliyor: https://api.stripe.com/v1/customers
2026-07-24 17:56:50,157 - INFO - Baþarýlý cevap: 200
2026-07-24 17:57:10,533 - INFO - GET isteði gönderiliyor: https://api.stripe.com/v1/customers
2026-07-24 17:57:11,079 - INFO - GET isteði gönderiliyor: https://api.stripe.com/v1/customers
2026-07-24 17:57:11,098 - INFO - Baþarýlý cevap: 200
2026-07-24 17:57:11,103 - INFO - GET isteði gönderiliyor: https://api.stripe.com/v1/customers
2026-07-24 17:57:11,614 - INFO - Baþarýlý cevap: 200
2026-07-24 17:57:11,705 - INFO - Baþarýlý cevap: 200
2026-07-24 17:57:11,874 - INFO - GET isteði gönderiliyor: https://api.stripe.com/v1/customers
2026-07-24 17:57:12,413 - INFO - Baþarýlý cevap: 200
2026-07-24 18:10:25,202 - INFO - GET isteði gönderiliyor: https://api.stripe.com/v1/customers
2026-07-24 18:10:27,987 - INFO - Baþarýlý cevap: 200
2026-07-24 18:10:27,992 - INFO - GET isteði gönderiliyor: https://api.stripe.com/v1/customers
2026-07-24 18:10:29,894 - INFO - Baþarýlý cevap: 200
2026-07-24 18:10:29,897 - INFO - GET isteði gönderiliyor: https://api.stripe.com/v1/customers
2026-07-24 18:10:30,822 - INFO - Baþarýlý cevap: 200
2026-07-24 18:10:30,826 - INFO - GET isteði gönderiliyor: https://api.stripe.com/v1/payment_intents
2026-07-24 18:10:32,108 - INFO - GET isteði gönderiliyor: https://api.stripe.com/v1/customers
2026-07-24 18:10:32,664 - INFO - Baþarýlý cevap: 200
2026-07-24 18:10:33,088 - INFO - Baþarýlý cevap: 200
2026-07-24 18:10:33,092 - INFO - GET isteði gönderiliyor: https://api.stripe.com/v1/payment_intents
2026-07-24 18:10:34,569 - INFO - Baþarýlý cevap: 200
2026-07-24 18:10:34,573 - INFO - GET isteði gönderiliyor: https://api.stripe.com/v1/refunds
2026-07-24 18:10:35,083 - INFO - Baþarýlý cevap: 200
2026-07-24 18:10:35,084 - INFO - GET isteði gönderiliyor: https://api.stripe.com/v1/products
2026-07-24 18:10:35,870 - INFO - Baþarýlý cevap: 200
2026-07-24 18:10:41,523 - INFO - GET isteði gönderiliyor: https://api.stripe.com/v1/customers
2026-07-24 18:10:42,028 - INFO - Baþarýlý cevap: 200
2026-07-24 18:39:38,194 - INFO - GET isteði gönderiliyor: https://api.stripe.com/v1/customers
2026-07-24 18:39:38,971 - INFO - Baþarýlý cevap: 200
2026-07-24 18:39:41,997 - INFO - GET isteði gönderiliyor: https://api.stripe.com/v1/customers
2026-07-24 18:39:42,526 - INFO - Baþarýlý cevap: 200
2026-07-24 18:40:28,545 - INFO - GET isteði gönderiliyor: https://api.stripe.com/v1/customers
2026-07-24 18:40:29,239 - INFO - Baþarýlý cevap: 200
2026-07-24 18:40:40,496 - INFO - GET isteði gönderiliyor: https://api.stripe.com/v1/customers
2026-07-24 18:40:42,019 - INFO - Baþarýlý cevap: 200
2026-07-24 18:40:42,021 - INFO - GET isteði gönderiliyor: https://api.stripe.com/v1/customers
2026-07-24 18:40:43,267 - INFO - Baþarýlý cevap: 200
2026-07-24 18:40:43,269 - INFO - GET isteði gönderiliyor: https://api.stripe.com/v1/customers
2026-07-24 18:40:44,339 - INFO - Baþarýlý cevap: 200
2026-07-24 18:40:44,345 - INFO - GET isteði gönderiliyor: https://api.stripe.com/v1/payment_intents
2026-07-24 18:40:45,803 - INFO - GET isteði gönderiliyor: https://api.stripe.com/v1/customers
2026-07-24 18:40:46,290 - INFO - Baþarýlý cevap: 200
2026-07-24 18:40:46,890 - INFO - Baþarýlý cevap: 200
2026-07-24 18:40:46,896 - INFO - GET isteði gönderiliyor: https://api.stripe.com/v1/payment_intents
2026-07-24 18:40:48,289 - INFO - Baþarýlý cevap: 200
2026-07-24 18:40:48,294 - INFO - GET isteði gönderiliyor: https://api.stripe.com/v1/refunds
2026-07-24 18:40:48,795 - INFO - Baþarýlý cevap: 200
2026-07-24 18:40:48,798 - INFO - GET isteði gönderiliyor: https://api.stripe.com/v1/products
2026-07-24 18:40:49,486 - INFO - Baþarýlý cevap: 200
2026-07-24 18:40:55,356 - INFO - GET isteði gönderiliyor: https://api.stripe.com/v1/customers
2026-07-24 18:40:55,851 - INFO - Baþarýlý cevap: 200
2026-07-24 18:40:58,690 - INFO - GET isteði gönderiliyor: https://api.stripe.com/v1/customers
2026-07-24 18:40:59,257 - INFO - Baþarýlý cevap: 200
2026-07-24 18:41:00,134 - INFO - GET isteði gönderiliyor: https://api.stripe.com/v1/customers
2026-07-24 18:41:00,751 - INFO - Baþarýlý cevap: 200
2026-07-24 18:41:00,759 - INFO - GET isteði gönderiliyor: https://api.stripe.com/v1/customers
2026-07-24 18:41:01,226 - INFO - Baþarýlý cevap: 200
2026-07-24 18:41:02,259 - INFO - GET isteði gönderiliyor: https://api.stripe.com/v1/customers
2026-07-24 18:41:02,943 - INFO - Baþarýlý cevap: 200
2026-07-24 18:41:05,644 - INFO - GET isteði gönderiliyor: https://api.stripe.com/v1/customers
2026-07-24 18:41:06,276 - INFO - Baþarýlý cevap: 200
2026-07-24 18:41:06,287 - INFO - GET isteði gönderiliyor: https://api.stripe.com/v1/customers
2026-07-24 18:41:06,876 - INFO - Baþarýlý cevap: 200
2026-07-24 18:41:09,760 - INFO - GET isteði gönderiliyor: https://api.stripe.com/v1/customers
2026-07-24 18:41:10,237 - INFO - Baþarýlý cevap: 200
2026-07-24 18:41:12,012 - INFO - GET isteði gönderiliyor: https://api.stripe.com/v1/customers
2026-07-24 18:41:12,856 - INFO - Baþarýlý cevap: 200
2026-07-24 18:41:15,602 - INFO - GET isteði gönderiliyor: https://api.stripe.com/v1/customers
2026-07-24 18:41:16,111 - INFO - Baþarýlý cevap: 200
2026-07-24 18:41:16,122 - INFO - GET isteði gönderiliyor: https://api.stripe.com/v1/customers
2026-07-24 18:41:16,611 - INFO - Baþarýlý cevap: 200
2026-07-24 18:41:19,109 - INFO - GET isteði gönderiliyor: https://api.stripe.com/v1/customers
2026-07-24 18:41:19,673 - INFO - Baþarýlý cevap: 200
2026-07-24 18:41:19,683 - INFO - GET isteði gönderiliyor: https://api.stripe.com/v1/customers
2026-07-24 18:41:20,288 - INFO - Baþarýlý cevap: 200
2026-07-24 18:44:23,936 - INFO - GET isteði gönderiliyor: https://api.stripe.com/v1/customers
2026-07-24 18:44:24,801 - INFO - Baþarýlý cevap: 200
2026-07-24 18:44:24,805 - INFO - GET isteði gönderiliyor: https://api.stripe.com/v1/customers
2026-07-24 18:44:25,489 - INFO - Baþarýlý cevap: 200
2026-07-24 18:44:25,493 - INFO - GET isteði gönderiliyor: https://api.stripe.com/v1/customers
2026-07-24 18:44:26,179 - INFO - Baþarýlý cevap: 200
2026-07-24 18:44:26,183 - INFO - GET isteði gönderiliyor: https://api.stripe.com/v1/payment_intents
2026-07-24 18:44:28,821 - INFO - Baþarýlý cevap: 200
2026-07-24 18:44:28,827 - INFO - GET isteði gönderiliyor: https://api.stripe.com/v1/payment_intents
2026-07-24 18:44:29,926 - INFO - Baþarýlý cevap: 200
2026-07-24 18:44:29,932 - INFO - GET isteði gönderiliyor: https://api.stripe.com/v1/refunds
2026-07-24 18:44:30,503 - INFO - Baþarýlý cevap: 200
2026-07-24 18:44:30,505 - INFO - GET isteði gönderiliyor: https://api.stripe.com/v1/products
2026-07-24 18:44:31,113 - INFO - Baþarýlý cevap: 200
2026-07-24 18:44:36,876 - INFO - GET isteði gönderiliyor: https://api.stripe.com/v1/customers
2026-07-24 18:44:37,405 - INFO - Baþarýlý cevap: 200
2026-07-24 18:44:41,882 - INFO - GET isteði gönderiliyor: https://api.stripe.com/v1/customers
2026-07-24 18:44:42,634 - INFO - Baþarýlý cevap: 200
2026-07-24 18:44:58,619 - INFO - GET isteði gönderiliyor: https://api.stripe.com/v1/customers
2026-07-24 18:44:59,584 - INFO - Baþarýlý cevap: 200
2026-07-24 18:45:01,584 - INFO - GET isteði gönderiliyor: https://api.stripe.com/v1/customers
2026-07-24 18:45:02,309 - INFO - Baþarýlý cevap: 200
2026-07-24 18:47:24,937 - INFO - GET isteði gönderiliyor: https://api.stripe.com/v1/customers
2026-07-24 18:47:25,700 - INFO - Baþarýlý cevap: 200
2026-07-24 18:47:26,820 - INFO - GET isteði gönderiliyor: https://api.stripe.com/v1/customers
2026-07-24 18:47:28,544 - INFO - Baþarýlý cevap: 200
2026-07-24 18:47:28,548 - INFO - GET isteði gönderiliyor: https://api.stripe.com/v1/customers
2026-07-24 18:47:30,431 - INFO - Baþarýlý cevap: 200
2026-07-24 18:47:30,434 - INFO - GET isteði gönderiliyor: https://api.stripe.com/v1/customers
2026-07-24 18:47:31,412 - INFO - Baþarýlý cevap: 200
2026-07-24 18:47:31,416 - INFO - GET isteði gönderiliyor: https://api.stripe.com/v1/payment_intents
2026-07-24 18:47:31,532 - INFO - GET isteði gönderiliyor: https://api.stripe.com/v1/products
2026-07-24 18:47:32,124 - INFO - Baþarýlý cevap: 200
2026-07-24 18:47:34,613 - INFO - Baþarýlý cevap: 200
2026-07-24 18:47:34,616 - INFO - GET isteði gönderiliyor: https://api.stripe.com/v1/payment_intents
2026-07-24 18:47:35,147 - INFO - GET isteði gönderiliyor: https://api.stripe.com/v1/customers
2026-07-24 18:47:35,931 - INFO - Baþarýlý cevap: 200
2026-07-24 18:47:36,263 - INFO - Baþarýlý cevap: 200
2026-07-24 18:47:36,268 - INFO - GET isteði gönderiliyor: https://api.stripe.com/v1/refunds
2026-07-24 18:47:36,814 - INFO - Baþarýlý cevap: 200
2026-07-24 18:47:36,815 - INFO - GET isteði gönderiliyor: https://api.stripe.com/v1/products
2026-07-24 18:47:37,791 - INFO - Baþarýlý cevap: 200
2026-07-24 18:47:42,582 - INFO - GET isteði gönderiliyor: https://api.stripe.com/v1/customers
2026-07-24 18:47:43,264 - INFO - Baþarýlý cevap: 200
2026-07-24 18:47:57,229 - INFO - GET isteði gönderiliyor: https://api.stripe.com/v1/customers
2026-07-24 18:47:58,107 - INFO - Baþarýlý cevap: 200
2026-07-27 13:30:02,418 - INFO - GET isteði gönderiliyor: https://api.stripe.com/v1/customers
2026-07-27 13:30:03,671 - INFO - Baþarýlý cevap: 200
2026-07-27 13:31:33,932 - INFO - GET isteði gönderiliyor: https://api.stripe.com/v1/customers
2026-07-27 13:31:34,695 - INFO - Baþarýlý cevap: 200
2026-07-27 13:31:34,699 - INFO - GET isteði gönderiliyor: https://api.stripe.com/v1/customers
2026-07-27 13:31:35,864 - INFO - Baþarýlý cevap: 200
2026-07-27 13:31:35,869 - INFO - GET isteði gönderiliyor: https://api.stripe.com/v1/customers
2026-07-27 13:31:36,953 - INFO - Baþarýlý cevap: 200
2026-07-27 13:31:36,958 - INFO - GET isteði gönderiliyor: https://api.stripe.com/v1/payment_intents
2026-07-27 13:31:39,742 - INFO - Baþarýlý cevap: 200
2026-07-27 13:31:39,747 - INFO - GET isteði gönderiliyor: https://api.stripe.com/v1/payment_intents
2026-07-27 13:31:40,925 - INFO - Baþarýlý cevap: 200
2026-07-27 13:31:40,927 - INFO - GET isteði gönderiliyor: https://api.stripe.com/v1/refunds
2026-07-27 13:31:41,472 - INFO - Baþarýlý cevap: 200
2026-07-27 13:31:41,475 - INFO - GET isteði gönderiliyor: https://api.stripe.com/v1/products
2026-07-27 13:31:42,371 - INFO - Baþarýlý cevap: 200
2026-07-27 13:31:48,465 - INFO - GET isteði gönderiliyor: https://api.stripe.com/v1/customers
2026-07-27 13:31:49,262 - INFO - Baþarýlý cevap: 200
2026-07-27 13:31:49,267 - INFO - GET isteði gönderiliyor: https://api.stripe.com/v1/customers
2026-07-27 13:31:49,918 - INFO - Baþarýlý cevap: 200
2026-07-27 13:31:49,923 - INFO - GET isteði gönderiliyor: https://api.stripe.com/v1/customers
2026-07-27 13:31:50,503 - INFO - Baþarýlý cevap: 200
2026-07-27 13:31:51,133 - INFO - GET isteði gönderiliyor: https://api.stripe.com/v1/products
2026-07-27 13:31:51,832 - INFO - Baþarýlý cevap: 200
2026-07-27 13:31:52,447 - INFO - GET isteði gönderiliyor: https://api.stripe.com/v1/payment_intents
2026-07-27 13:31:54,851 - INFO - Baþarýlý cevap: 200
2026-07-27 13:31:54,857 - INFO - GET isteði gönderiliyor: https://api.stripe.com/v1/payment_intents
2026-07-27 13:31:56,112 - INFO - Baþarýlý cevap: 200
2026-07-27 13:31:56,731 - INFO - GET isteði gönderiliyor: https://api.stripe.com/v1/refunds
2026-07-27 13:31:57,349 - INFO - Baþarýlý cevap: 200
2026-07-27 13:31:57,974 - INFO - GET isteði gönderiliyor: https://api.stripe.com/v1/invoices
2026-07-27 13:32:00,971 - INFO - Baþarýlý cevap: 200
2026-07-27 13:32:01,161 - INFO - GET isteði gönderiliyor: https://api.stripe.com/v1/invoices
2026-07-27 13:32:02,839 - INFO - Baþarýlý cevap: 200
2026-07-27 13:33:25,518 - INFO - GET isteði gönderiliyor: https://api.stripe.com/v1/customers
2026-07-27 13:33:26,393 - INFO - Baþarýlý cevap: 200
2026-07-27 13:33:26,397 - INFO - GET isteði gönderiliyor: https://api.stripe.com/v1/customers
2026-07-27 13:33:27,164 - INFO - Baþarýlý cevap: 200
2026-07-27 13:33:27,167 - INFO - GET isteði gönderiliyor: https://api.stripe.com/v1/customers
2026-07-27 13:33:27,794 - INFO - Baþarýlý cevap: 200
2026-07-27 13:33:27,796 - INFO - GET isteði gönderiliyor: https://api.stripe.com/v1/payment_intents
2026-07-27 13:33:29,893 - INFO - Baþarýlý cevap: 200
2026-07-27 13:33:29,897 - INFO - GET isteði gönderiliyor: https://api.stripe.com/v1/payment_intents
2026-07-27 13:33:31,242 - INFO - Baþarýlý cevap: 200
2026-07-27 13:33:31,246 - INFO - GET isteði gönderiliyor: https://api.stripe.com/v1/refunds
2026-07-27 13:33:31,771 - INFO - Baþarýlý cevap: 200
2026-07-27 13:33:31,773 - INFO - GET isteði gönderiliyor: https://api.stripe.com/v1/products
2026-07-27 13:33:32,401 - INFO - Baþarýlý cevap: 200
2026-07-27 13:36:53,414 - INFO - GET isteði gönderiliyor: https://api.stripe.com/v1/customers
2026-07-27 13:36:55,148 - INFO - Baþarýlý cevap: 200
2026-07-27 13:36:55,153 - INFO - GET isteði gönderiliyor: https://api.stripe.com/v1/customers
2026-07-27 13:36:56,664 - INFO - Baþarýlý cevap: 200
2026-07-27 13:36:56,667 - INFO - GET isteði gönderiliyor: https://api.stripe.com/v1/customers
2026-07-27 13:36:57,756 - INFO - Baþarýlý cevap: 200
2026-07-27 13:36:57,759 - INFO - GET isteði gönderiliyor: https://api.stripe.com/v1/payment_intents
2026-07-27 13:36:59,268 - INFO - GET isteði gönderiliyor: https://api.stripe.com/v1/payment_intents
2026-07-27 13:36:59,724 - INFO - Baþarýlý cevap: 200
2026-07-27 13:36:59,730 - INFO - GET isteði gönderiliyor: https://api.stripe.com/v1/payment_intents
2026-07-27 13:37:00,065 - INFO - Baþarýlý cevap: 200
2026-07-27 13:37:00,921 - INFO - Baþarýlý cevap: 200
2026-07-27 13:37:00,925 - INFO - GET isteði gönderiliyor: https://api.stripe.com/v1/refunds
2026-07-27 13:37:01,388 - INFO - Baþarýlý cevap: 200
2026-07-27 13:37:01,391 - INFO - GET isteði gönderiliyor: https://api.stripe.com/v1/products
2026-07-27 13:37:02,045 - INFO - Baþarýlý cevap: 200
2026-07-27 13:37:25,898 - INFO - GET isteði gönderiliyor: https://api.stripe.com/v1/customers
2026-07-27 13:37:26,712 - INFO - Baþarýlý cevap: 200
2026-07-27 13:37:26,718 - INFO - GET isteði gönderiliyor: https://api.stripe.com/v1/customers
2026-07-27 13:37:27,397 - INFO - Baþarýlý cevap: 200
2026-07-27 13:37:27,402 - INFO - GET isteði gönderiliyor: https://api.stripe.com/v1/customers
2026-07-27 13:37:28,020 - INFO - Baþarýlý cevap: 200
2026-07-27 13:37:28,023 - INFO - GET isteði gönderiliyor: https://api.stripe.com/v1/payment_intents
2026-07-27 13:37:30,071 - INFO - Baþarýlý cevap: 200
2026-07-27 13:37:30,077 - INFO - GET isteði gönderiliyor: https://api.stripe.com/v1/payment_intents
2026-07-27 13:37:31,171 - INFO - Baþarýlý cevap: 200
2026-07-27 13:37:31,175 - INFO - GET isteði gönderiliyor: https://api.stripe.com/v1/refunds
2026-07-27 13:37:31,915 - INFO - Baþarýlý cevap: 200
2026-07-27 13:37:31,918 - INFO - GET isteði gönderiliyor: https://api.stripe.com/v1/products
2026-07-27 13:37:32,094 - INFO - POST isteði gönderiliyor: https://api.stripe.com/v1/payment_intents
2026-07-27 13:37:32,562 - INFO - Baþarýlý cevap: 200
2026-07-27 13:37:32,907 - INFO - Baþarýlý cevap: 200
2026-07-27 13:37:32,923 - INFO - POST isteði gönderiliyor: https://api.stripe.com/v1/prices
2026-07-27 13:37:33,740 - INFO - Baþarýlý cevap: 200
2026-07-27 13:37:33,756 - INFO - GET isteði gönderiliyor: https://api.stripe.com/v1/products
2026-07-27 13:37:34,587 - INFO - Baþarýlý cevap: 200
2026-07-27 13:38:30,906 - INFO - GET isteði gönderiliyor: https://api.stripe.com/v1/customers
2026-07-27 13:38:31,869 - INFO - Baþarýlý cevap: 200
2026-07-27 13:38:31,871 - INFO - GET isteði gönderiliyor: https://api.stripe.com/v1/products
2026-07-27 13:38:32,583 - INFO - Baþarýlý cevap: 200
2026-07-27 13:38:32,584 - INFO - GET isteði gönderiliyor: https://api.stripe.com/v1/payment_intents
2026-07-27 13:38:34,823 - INFO - Baþarýlý cevap: 200
2026-07-27 13:38:34,826 - INFO - GET isteði gönderiliyor: https://api.stripe.com/v1/refunds
2026-07-27 13:38:35,348 - INFO - Baþarýlý cevap: 200
2026-07-27 13:38:35,349 - INFO - GET isteði gönderiliyor: https://api.stripe.com/v1/invoices
2026-07-27 13:38:38,510 - INFO - Baþarýlý cevap: 200
2026-07-27 13:38:38,709 - INFO - GET isteði gönderiliyor: https://api.stripe.com/v1/customers
2026-07-27 13:38:39,495 - INFO - Baþarýlý cevap: 200
2026-07-27 13:38:39,497 - INFO - GET isteði gönderiliyor: https://api.stripe.com/v1/products
2026-07-27 13:38:40,107 - INFO - Baþarýlý cevap: 200
2026-07-27 13:38:40,108 - INFO - GET isteði gönderiliyor: https://api.stripe.com/v1/payment_intents
2026-07-27 13:38:43,159 - INFO - Baþarýlý cevap: 200
2026-07-27 13:38:43,162 - INFO - GET isteði gönderiliyor: https://api.stripe.com/v1/refunds
2026-07-27 13:38:44,061 - INFO - Baþarýlý cevap: 200
2026-07-27 13:38:44,063 - INFO - GET isteði gönderiliyor: https://api.stripe.com/v1/invoices
2026-07-27 13:38:45,414 - INFO - Baþarýlý cevap: 200
2026-07-27 13:39:00,720 - INFO - GET isteði gönderiliyor: https://api.stripe.com/v1/customers
2026-07-27 13:39:01,960 - INFO - Baþarýlý cevap: 200
2026-07-27 13:39:01,964 - INFO - GET isteði gönderiliyor: https://api.stripe.com/v1/customers
2026-07-27 13:39:03,256 - INFO - Baþarýlý cevap: 200
2026-07-27 13:39:03,259 - INFO - GET isteði gönderiliyor: https://api.stripe.com/v1/customers
2026-07-27 13:39:03,891 - INFO - Baþarýlý cevap: 200
2026-07-27 13:39:03,895 - INFO - GET isteði gönderiliyor: https://api.stripe.com/v1/payment_intents
2026-07-27 13:39:06,816 - INFO - Baþarýlý cevap: 200
2026-07-27 13:39:06,818 - INFO - GET isteði gönderiliyor: https://api.stripe.com/v1/payment_intents
2026-07-27 13:39:08,359 - INFO - Baþarýlý cevap: 200
2026-07-27 13:39:08,363 - INFO - GET isteði gönderiliyor: https://api.stripe.com/v1/refunds
2026-07-27 13:39:09,400 - INFO - Baþarýlý cevap: 200
2026-07-27 13:39:09,403 - INFO - GET isteði gönderiliyor: https://api.stripe.com/v1/products
2026-07-27 13:39:10,014 - INFO - Baþarýlý cevap: 200
2026-07-27 13:39:22,901 - INFO - GET isteði gönderiliyor: https://api.stripe.com/v1/customers
2026-07-27 13:39:23,679 - INFO - Baþarýlý cevap: 200
2026-07-27 13:39:23,683 - INFO - GET isteði gönderiliyor: https://api.stripe.com/v1/customers
2026-07-27 13:39:24,466 - INFO - Baþarýlý cevap: 200
2026-07-27 13:39:24,470 - INFO - GET isteði gönderiliyor: https://api.stripe.com/v1/customers
2026-07-27 13:39:25,138 - INFO - Baþarýlý cevap: 200
2026-07-27 13:39:25,143 - INFO - GET isteði gönderiliyor: https://api.stripe.com/v1/payment_intents
2026-07-27 13:39:27,542 - INFO - Baþarýlý cevap: 200
2026-07-27 13:39:27,547 - INFO - GET isteði gönderiliyor: https://api.stripe.com/v1/payment_intents
2026-07-27 13:39:28,112 - INFO - GET isteði gönderiliyor: https://api.stripe.com/v1/customers
2026-07-27 13:39:30,192 - INFO - Baþarýlý cevap: 200
2026-07-27 13:39:30,195 - INFO - GET isteði gönderiliyor: https://api.stripe.com/v1/refunds
2026-07-27 13:39:31,232 - INFO - Baþarýlý cevap: 200
2026-07-27 13:39:31,236 - INFO - GET isteði gönderiliyor: https://api.stripe.com/v1/customers
2026-07-27 13:39:31,400 - INFO - Baþarýlý cevap: 200
2026-07-27 13:39:31,403 - INFO - GET isteði gönderiliyor: https://api.stripe.com/v1/products
2026-07-27 13:39:32,124 - INFO - Baþarýlý cevap: 200
2026-07-27 13:39:32,703 - INFO - Baþarýlý cevap: 200
2026-07-27 13:39:32,706 - INFO - GET isteði gönderiliyor: https://api.stripe.com/v1/customers
2026-07-27 13:39:33,363 - INFO - Baþarýlý cevap: 200
2026-07-27 13:39:33,367 - INFO - GET isteði gönderiliyor: https://api.stripe.com/v1/payment_intents
2026-07-27 13:39:35,481 - INFO - Baþarýlý cevap: 200
2026-07-27 13:39:35,486 - INFO - GET isteði gönderiliyor: https://api.stripe.com/v1/payment_intents
2026-07-27 13:39:36,978 - INFO - Baþarýlý cevap: 200
2026-07-27 13:39:36,982 - INFO - GET isteði gönderiliyor: https://api.stripe.com/v1/refunds
2026-07-27 13:39:37,541 - INFO - Baþarýlý cevap: 200
2026-07-27 13:39:37,543 - INFO - GET isteði gönderiliyor: https://api.stripe.com/v1/products
2026-07-27 13:39:38,157 - INFO - Baþarýlý cevap: 200
2026-07-27 13:39:46,784 - INFO - GET isteði gönderiliyor: https://api.stripe.com/v1/customers
2026-07-27 13:39:47,472 - INFO - Baþarýlý cevap: 200
2026-07-27 13:39:47,477 - INFO - GET isteði gönderiliyor: https://api.stripe.com/v1/customers
2026-07-27 13:39:48,176 - INFO - Baþarýlý cevap: 200
2026-07-27 13:39:48,178 - INFO - GET isteði gönderiliyor: https://api.stripe.com/v1/customers
2026-07-27 13:39:48,807 - INFO - Baþarýlý cevap: 200
2026-07-27 13:39:48,811 - INFO - GET isteði gönderiliyor: https://api.stripe.com/v1/payment_intents
2026-07-27 13:39:50,918 - INFO - GET isteði gönderiliyor: https://api.stripe.com/v1/customers
2026-07-27 13:39:51,944 - INFO - Baþarýlý cevap: 200
2026-07-27 13:39:51,950 - INFO - GET isteði gönderiliyor: https://api.stripe.com/v1/customers
2026-07-27 13:39:52,066 - INFO - Baþarýlý cevap: 200
2026-07-27 13:39:52,073 - INFO - GET isteði gönderiliyor: https://api.stripe.com/v1/payment_intents
2026-07-27 13:39:52,637 - INFO - Baþarýlý cevap: 200
2026-07-27 13:39:52,640 - INFO - GET isteði gönderiliyor: https://api.stripe.com/v1/customers
2026-07-27 13:39:53,180 - INFO - Baþarýlý cevap: 200
2026-07-27 13:39:53,183 - INFO - GET isteði gönderiliyor: https://api.stripe.com/v1/refunds
2026-07-27 13:39:53,237 - INFO - Baþarýlý cevap: 200
2026-07-27 13:39:53,240 - INFO - GET isteði gönderiliyor: https://api.stripe.com/v1/payment_intents
2026-07-27 13:39:53,704 - INFO - Baþarýlý cevap: 200
2026-07-27 13:39:53,707 - INFO - GET isteði gönderiliyor: https://api.stripe.com/v1/products
2026-07-27 13:39:54,311 - INFO - Baþarýlý cevap: 200
2026-07-27 13:39:55,283 - INFO - Baþarýlý cevap: 200
2026-07-27 13:39:55,288 - INFO - GET isteði gönderiliyor: https://api.stripe.com/v1/payment_intents
2026-07-27 13:39:56,392 - INFO - Baþarýlý cevap: 200
2026-07-27 13:39:56,396 - INFO - GET isteði gönderiliyor: https://api.stripe.com/v1/refunds
2026-07-27 13:39:56,925 - INFO - Baþarýlý cevap: 200
2026-07-27 13:39:56,928 - INFO - GET isteði gönderiliyor: https://api.stripe.com/v1/products
2026-07-27 13:39:57,509 - INFO - Baþarýlý cevap: 200
2026-07-27 14:35:32,953 - INFO - GET isteði gönderiliyor: https://api.stripe.com/v1/customers
2026-07-27 14:35:34,265 - INFO - Baþarýlý cevap: 200
2026-07-27 14:35:34,267 - INFO - GET isteði gönderiliyor: https://api.stripe.com/v1/customers
2026-07-27 14:35:35,508 - INFO - Baþarýlý cevap: 200
2026-07-27 14:35:35,510 - INFO - GET isteði gönderiliyor: https://api.stripe.com/v1/customers
2026-07-27 14:35:36,434 - INFO - Baþarýlý cevap: 200
2026-07-27 14:35:36,437 - INFO - GET isteði gönderiliyor: https://api.stripe.com/v1/payment_intents
2026-07-27 14:35:39,128 - INFO - Baþarýlý cevap: 200
2026-07-27 14:35:39,131 - INFO - GET isteði gönderiliyor: https://api.stripe.com/v1/payment_intents
2026-07-27 14:35:40,555 - INFO - Baþarýlý cevap: 200
2026-07-27 14:35:40,560 - INFO - GET isteði gönderiliyor: https://api.stripe.com/v1/refunds
2026-07-27 14:35:41,066 - INFO - Baþarýlý cevap: 200
2026-07-27 14:35:41,070 - INFO - GET isteði gönderiliyor: https://api.stripe.com/v1/products
2026-07-27 14:35:41,721 - INFO - Baþarýlý cevap: 200
2026-07-27 14:38:45,487 - INFO - GET isteði gönderiliyor: https://api.stripe.com/v1/customers
2026-07-27 14:38:47,382 - INFO - Baþarýlý cevap: 200
2026-07-27 14:38:47,386 - INFO - GET isteði gönderiliyor: https://api.stripe.com/v1/customers
2026-07-27 14:38:48,293 - INFO - Baþarýlý cevap: 200
2026-07-27 14:38:48,297 - INFO - GET isteði gönderiliyor: https://api.stripe.com/v1/customers
2026-07-27 14:38:48,995 - INFO - Baþarýlý cevap: 200
2026-07-27 14:38:49,000 - INFO - GET isteði gönderiliyor: https://api.stripe.com/v1/payment_intents
2026-07-27 14:38:51,760 - INFO - Baþarýlý cevap: 200
2026-07-27 14:38:51,763 - INFO - GET isteði gönderiliyor: https://api.stripe.com/v1/payment_intents
2026-07-27 14:38:53,375 - INFO - Baþarýlý cevap: 200
2026-07-27 14:38:53,380 - INFO - GET isteði gönderiliyor: https://api.stripe.com/v1/refunds
2026-07-27 14:38:53,961 - INFO - Baþarýlý cevap: 200
2026-07-27 14:38:53,962 - INFO - GET isteði gönderiliyor: https://api.stripe.com/v1/products
2026-07-27 14:38:54,729 - INFO - Baþarýlý cevap: 200
2026-07-27 14:38:59,267 - INFO - GET isteði gönderiliyor: https://api.stripe.com/v1/invoices
2026-07-27 14:39:03,135 - INFO - Baþarýlý cevap: 200
2026-07-27 14:39:17,359 - INFO - Import Ýþlemi Tamamlandý: Baþlýksýz e-tablo - Sayfa1 (15).csv -> invoices (Baþarýlý: 1, Baþarýsýz: 0)
2026-07-27 14:39:17,370 - INFO - GET isteði gönderiliyor: https://api.stripe.com/v1/customers
2026-07-27 14:39:17,373 - INFO - GET isteði gönderiliyor: https://api.stripe.com/v1/customers
2026-07-27 14:39:17,375 - INFO - GET isteði gönderiliyor: https://api.stripe.com/v1/products
2026-07-27 14:39:17,379 - INFO - GET isteði gönderiliyor: https://api.stripe.com/v1/payment_intents
2026-07-27 14:39:18,136 - INFO - Baþarýlý cevap: 200
2026-07-27 14:39:18,336 - INFO - Baþarýlý cevap: 200
2026-07-27 14:39:18,358 - INFO - Baþarýlý cevap: 200
2026-07-27 14:39:18,359 - INFO - Baþarýlý cevap: 200
2026-07-27 14:39:18,361 - INFO - GET isteði gönderiliyor: https://api.stripe.com/v1/customers
2026-07-27 14:39:19,134 - INFO - Baþarýlý cevap: 200
2026-07-27 14:39:19,136 - INFO - GET isteði gönderiliyor: https://api.stripe.com/v1/customers
2026-07-27 14:39:19,780 - INFO - Baþarýlý cevap: 200
2026-07-27 14:39:19,782 - INFO - GET isteði gönderiliyor: https://api.stripe.com/v1/payment_intents
2026-07-27 14:39:22,240 - INFO - Baþarýlý cevap: 200
2026-07-27 14:39:22,245 - INFO - GET isteði gönderiliyor: https://api.stripe.com/v1/payment_intents
2026-07-27 14:39:23,412 - INFO - Baþarýlý cevap: 200
2026-07-27 14:39:23,415 - INFO - GET isteði gönderiliyor: https://api.stripe.com/v1/refunds
2026-07-27 14:39:23,885 - INFO - Baþarýlý cevap: 200
2026-07-27 14:39:23,886 - INFO - GET isteði gönderiliyor: https://api.stripe.com/v1/products
2026-07-27 14:39:24,449 - INFO - Baþarýlý cevap: 200
2026-07-27 19:06:57,366 - INFO - GET isteði gönderiliyor: https://api.stripe.com/v1/customers/cus_Uu0jKN86a5Br32
2026-07-27 19:06:58,202 - INFO - Baþarýlý cevap: 200
2026-07-27 19:06:58,257 - INFO - GET isteði gönderiliyor: https://api.stripe.com/v1/payment_intents
2026-07-27 19:07:00,224 - INFO - Baþarýlý cevap: 200
2026-07-27 19:07:03,802 - INFO - GET isteði gönderiliyor: https://api.stripe.com/v1/payment_intents/pi_3Twj8dKBkUL9vnMV0vgY1toz
2026-07-27 19:07:04,439 - INFO - Baþarýlý cevap: 200
2026-07-27 19:07:05,926 - INFO - GET isteði gönderiliyor: https://api.stripe.com/v1/payment_intents/pi_3Twj8dKBkUL9vnMV0vgY1toz
2026-07-27 19:07:06,560 - INFO - Baþarýlý cevap: 200
2026-07-27 19:07:08,612 - INFO - GET isteði gönderiliyor: https://api.stripe.com/v1/payment_intents/pi_3Twj8dKBkUL9vnMV0vgY1toz
2026-07-27 19:07:09,210 - INFO - Baþarýlý cevap: 200
2026-07-27 19:07:10,053 - INFO - GET isteði gönderiliyor: https://api.stripe.com/v1/payment_intents/pi_3Twj8dKBkUL9vnMV0vgY1toz
2026-07-27 19:07:11,056 - INFO - GET isteði gönderiliyor: https://api.stripe.com/v1/payment_intents/pi_3Twj8dKBkUL9vnMV0vgY1toz
2026-07-27 19:07:11,924 - INFO - Baþarýlý cevap: 200
2026-07-27 19:07:11,934 - INFO - Baþarýlý cevap: 200
2026-07-27 19:07:24,009 - INFO - GET isteði gönderiliyor: https://api.stripe.com/v1/invoices
2026-07-27 19:07:25,338 - INFO - Baþarýlý cevap: 200
2026-07-27 19:07:25,695 - INFO - GET isteði gönderiliyor: https://api.stripe.com/v1/invoices
2026-07-27 19:07:27,322 - INFO - Baþarýlý cevap: 200
2026-07-27 19:07:36,208 - INFO - GET isteði gönderiliyor: https://api.stripe.com/v1/invoices
2026-07-27 19:07:37,608 - INFO - Baþarýlý cevap: 200
2026-07-27 19:07:37,703 - INFO - GET isteði gönderiliyor: https://api.stripe.com/v1/invoices
2026-07-27 19:07:38,565 - INFO - Baþarýlý cevap: 200
2026-07-27 19:09:35,807 - INFO - GET isteði gönderiliyor: https://api.stripe.com/v1/invoices
2026-07-27 19:09:36,906 - INFO - Baþarýlý cevap: 200
2026-07-27 19:09:37,039 - INFO - GET isteði gönderiliyor: https://api.stripe.com/v1/invoices
2026-07-27 19:09:37,856 - INFO - Baþarýlý cevap: 200
2026-07-27 19:14:02,987 - INFO - GET isteði gönderiliyor: https://api.stripe.com/v1/invoices
2026-07-27 19:14:04,697 - INFO - Baþarýlý cevap: 200
2026-07-27 19:14:04,882 - INFO - GET isteði gönderiliyor: https://api.stripe.com/v1/invoices
2026-07-27 19:14:06,387 - INFO - Baþarýlý cevap: 200
2026-07-27 19:14:13,408 - INFO - GET isteði gönderiliyor: https://api.stripe.com/v1/invoices/inv_imp_99822048ed4542
2026-07-27 19:14:14,125 - ERROR - HTTP hatasý: 404 Client Error: Not Found for url: https://api.stripe.com/v1/invoices/inv_imp_99822048ed4542
2026-07-27 19:14:18,540 - INFO - GET isteði gönderiliyor: https://api.stripe.com/v1/invoices/inv_imp_8020a3d55c8a41
2026-07-27 19:14:19,138 - ERROR - HTTP hatasý: 404 Client Error: Not Found for url: https://api.stripe.com/v1/invoices/inv_imp_8020a3d55c8a41
2026-07-27 19:17:33,605 - INFO - GET isteði gönderiliyor: https://api.stripe.com/v1/customers/cus_Uu0jKN86a5Br32
2026-07-27 19:17:34,536 - INFO - Baþarýlý cevap: 200
2026-07-27 19:17:34,577 - INFO - GET isteði gönderiliyor: https://api.stripe.com/v1/payment_intents
2026-07-27 19:17:35,774 - INFO - Baþarýlý cevap: 200
2026-07-27 19:17:41,541 - INFO - GET isteði gönderiliyor: https://api.stripe.com/v1/invoices
2026-07-27 19:17:42,640 - INFO - Baþarýlý cevap: 200
2026-07-27 19:17:42,816 - INFO - GET isteði gönderiliyor: https://api.stripe.com/v1/invoices
2026-07-27 19:17:43,672 - INFO - Baþarýlý cevap: 200
2026-07-27 19:21:21,708 - INFO - GET isteði gönderiliyor: https://api.stripe.com/v1/customers/cus_Uu0jKN86a5Br32
2026-07-27 19:21:22,474 - INFO - Baþarýlý cevap: 200
2026-07-27 19:21:22,504 - INFO - GET isteði gönderiliyor: https://api.stripe.com/v1/payment_intents
2026-07-27 19:21:24,025 - INFO - Baþarýlý cevap: 200
2026-07-27 19:21:27,659 - INFO - GET isteði gönderiliyor: https://api.stripe.com/v1/invoices
2026-07-27 19:21:28,561 - INFO - Baþarýlý cevap: 200
2026-07-27 19:21:28,617 - INFO - GET isteði gönderiliyor: https://api.stripe.com/v1/invoices
2026-07-27 19:21:30,861 - INFO - Baþarýlý cevap: 200
2026-07-27 19:21:33,855 - INFO - GET isteði gönderiliyor: https://api.stripe.com/v1/invoices
2026-07-27 19:21:34,556 - INFO - Baþarýlý cevap: 200
2026-07-27 19:21:34,609 - INFO - GET isteði gönderiliyor: https://api.stripe.com/v1/invoices
2026-07-27 19:21:35,937 - INFO - Baþarýlý cevap: 200
2026-07-27 19:21:37,793 - INFO - GET isteði gönderiliyor: https://api.stripe.com/v1/invoices
2026-07-27 19:21:38,548 - INFO - Baþarýlý cevap: 200
2026-07-27 19:21:38,641 - INFO - GET isteði gönderiliyor: https://api.stripe.com/v1/invoices
2026-07-27 19:21:39,777 - INFO - Baþarýlý cevap: 200
2026-07-28 12:29:07,346 - INFO - GET isteði gönderiliyor: https://api.stripe.com/v1/customers
2026-07-28 12:29:08,890 - INFO - Baþarýlý cevap: 200
2026-07-28 12:29:08,925 - INFO - GET isteði gönderiliyor: https://api.stripe.com/v1/customers
2026-07-28 12:29:10,832 - INFO - Baþarýlý cevap: 200
2026-07-28 12:29:10,836 - INFO - GET isteði gönderiliyor: https://api.stripe.com/v1/customers
2026-07-28 12:29:11,726 - INFO - Baþarýlý cevap: 200
2026-07-28 12:29:11,730 - INFO - GET isteði gönderiliyor: https://api.stripe.com/v1/payment_intents
2026-07-28 12:29:13,938 - INFO - Baþarýlý cevap: 200
2026-07-28 12:29:13,944 - INFO - GET isteði gönderiliyor: https://api.stripe.com/v1/payment_intents
2026-07-28 12:29:15,213 - INFO - Baþarýlý cevap: 200
2026-07-28 12:29:15,217 - INFO - GET isteði gönderiliyor: https://api.stripe.com/v1/refunds
2026-07-28 12:29:15,839 - INFO - Baþarýlý cevap: 200
2026-07-28 12:29:15,842 - INFO - GET isteði gönderiliyor: https://api.stripe.com/v1/products
2026-07-28 12:29:16,531 - INFO - Baþarýlý cevap: 200
2026-07-28 12:29:17,971 - INFO - GET isteði gönderiliyor: https://api.stripe.com/v1/customers/cus_Uu0jKN86a5Br32
2026-07-28 12:29:18,809 - INFO - Baþarýlý cevap: 200
2026-07-28 12:29:18,863 - INFO - GET isteði gönderiliyor: https://api.stripe.com/v1/payment_intents
2026-07-28 12:29:20,458 - INFO - Baþarýlý cevap: 200
2026-07-28 12:34:56,129 - INFO - GET isteði gönderiliyor: https://api.stripe.com/v1/customers
2026-07-28 12:34:57,987 - INFO - Baþarýlý cevap: 200
2026-07-28 12:34:57,991 - INFO - GET isteði gönderiliyor: https://api.stripe.com/v1/customers
2026-07-28 12:34:59,318 - INFO - Baþarýlý cevap: 200
2026-07-28 12:34:59,322 - INFO - GET isteði gönderiliyor: https://api.stripe.com/v1/customers
2026-07-28 12:35:00,253 - INFO - Baþarýlý cevap: 200
2026-07-28 12:35:00,256 - INFO - GET isteði gönderiliyor: https://api.stripe.com/v1/payment_intents
2026-07-28 12:35:02,525 - INFO - Baþarýlý cevap: 200
2026-07-28 12:35:02,529 - INFO - GET isteði gönderiliyor: https://api.stripe.com/v1/payment_intents
2026-07-28 12:35:03,954 - INFO - Baþarýlý cevap: 200
2026-07-28 12:35:03,957 - INFO - GET isteði gönderiliyor: https://api.stripe.com/v1/refunds
2026-07-28 12:35:04,705 - INFO - Baþarýlý cevap: 200
2026-07-28 12:35:04,733 - INFO - GET isteði gönderiliyor: https://api.stripe.com/v1/products
2026-07-28 12:35:05,550 - INFO - Baþarýlý cevap: 200
2026-07-28 12:45:23,523 - INFO - GET isteði gönderiliyor: https://api.stripe.com/v1/customers
2026-07-28 12:45:25,248 - INFO - Baþarýlý cevap: 200
2026-07-28 12:45:25,252 - INFO - GET isteði gönderiliyor: https://api.stripe.com/v1/customers
2026-07-28 12:45:26,689 - INFO - Baþarýlý cevap: 200
2026-07-28 12:45:26,701 - INFO - GET isteði gönderiliyor: https://api.stripe.com/v1/customers
2026-07-28 12:45:27,801 - INFO - Baþarýlý cevap: 200
2026-07-28 12:45:27,804 - INFO - GET isteði gönderiliyor: https://api.stripe.com/v1/payment_intents
2026-07-28 12:45:30,515 - INFO - Baþarýlý cevap: 200
2026-07-28 12:45:30,519 - INFO - GET isteði gönderiliyor: https://api.stripe.com/v1/payment_intents
2026-07-28 12:45:32,133 - INFO - Baþarýlý cevap: 200
2026-07-28 12:45:32,137 - INFO - GET isteði gönderiliyor: https://api.stripe.com/v1/refunds
2026-07-28 12:45:32,851 - INFO - Baþarýlý cevap: 200
2026-07-28 12:45:32,853 - INFO - GET isteði gönderiliyor: https://api.stripe.com/v1/products
2026-07-28 12:45:33,640 - INFO - Baþarýlý cevap: 200
2026-07-28 12:45:44,723 - INFO - GET isteði gönderiliyor: https://api.stripe.com/v1/invoices
2026-07-28 12:45:48,017 - INFO - Baþarýlý cevap: 200
2026-07-28 12:46:10,863 - INFO - Import Ýþlemi Tamamlandý: Baþlýksýz e-tablo - Sayfa1 (16).csv -> invoices (Baþarýlý: 5, Baþarýsýz: 0)
2026-07-28 12:46:10,894 - INFO - GET isteði gönderiliyor: https://api.stripe.com/v1/customers
2026-07-28 12:46:10,906 - INFO - GET isteði gönderiliyor: https://api.stripe.com/v1/products
2026-07-28 12:46:10,916 - INFO - GET isteði gönderiliyor: https://api.stripe.com/v1/payment_intents
2026-07-28 12:46:10,925 - INFO - GET isteði gönderiliyor: https://api.stripe.com/v1/customers
2026-07-28 12:46:11,666 - INFO - Baþarýlý cevap: 200
2026-07-28 12:46:11,841 - INFO - Baþarýlý cevap: 200
2026-07-28 12:46:11,935 - INFO - Baþarýlý cevap: 200
2026-07-28 12:46:11,938 - INFO - GET isteði gönderiliyor: https://api.stripe.com/v1/customers
2026-07-28 12:46:11,987 - INFO - Baþarýlý cevap: 200
2026-07-28 12:46:13,831 - INFO - Baþarýlý cevap: 200
2026-07-28 12:46:13,836 - INFO - GET isteði gönderiliyor: https://api.stripe.com/v1/customers
2026-07-28 12:46:14,588 - INFO - Baþarýlý cevap: 200
2026-07-28 12:46:14,591 - INFO - GET isteði gönderiliyor: https://api.stripe.com/v1/payment_intents
2026-07-28 12:46:17,871 - INFO - Baþarýlý cevap: 200
2026-07-28 12:46:17,876 - INFO - GET isteði gönderiliyor: https://api.stripe.com/v1/payment_intents
2026-07-28 12:46:19,462 - INFO - Baþarýlý cevap: 200
2026-07-28 12:46:19,467 - INFO - GET isteði gönderiliyor: https://api.stripe.com/v1/refunds
2026-07-28 12:46:20,058 - INFO - Baþarýlý cevap: 200
2026-07-28 12:46:20,060 - INFO - GET isteði gönderiliyor: https://api.stripe.com/v1/products
2026-07-28 12:46:20,629 - INFO - Baþarýlý cevap: 200
2026-07-28 12:48:03,677 - INFO - GET isteði gönderiliyor: https://api.stripe.com/v1/invoices
2026-07-28 12:48:05,887 - INFO - Baþarýlý cevap: 200
2026-07-28 14:43:28,875 - INFO - GET isteði gönderiliyor: https://api.stripe.com/v1/customers
2026-07-28 14:43:30,258 - INFO - Baþarýlý cevap: 200
2026-07-28 14:43:30,260 - INFO - GET isteði gönderiliyor: https://api.stripe.com/v1/customers
2026-07-28 14:43:31,993 - INFO - Baþarýlý cevap: 200
2026-07-28 14:43:31,995 - INFO - GET isteði gönderiliyor: https://api.stripe.com/v1/customers
2026-07-28 14:43:33,195 - INFO - Baþarýlý cevap: 200
2026-07-28 14:43:33,197 - INFO - GET isteði gönderiliyor: https://api.stripe.com/v1/payment_intents
2026-07-28 14:43:35,877 - INFO - Baþarýlý cevap: 200
2026-07-28 14:43:35,880 - INFO - GET isteði gönderiliyor: https://api.stripe.com/v1/payment_intents
2026-07-28 14:43:37,490 - INFO - Baþarýlý cevap: 200
2026-07-28 14:43:37,492 - INFO - GET isteði gönderiliyor: https://api.stripe.com/v1/refunds
2026-07-28 14:43:38,001 - INFO - Baþarýlý cevap: 200
2026-07-28 14:43:38,002 - INFO - GET isteði gönderiliyor: https://api.stripe.com/v1/products
2026-07-28 14:43:38,722 - INFO - Baþarýlý cevap: 200
2026-07-28 16:47:26,266 - INFO - GET isteði gönderiliyor: https://api.stripe.com/v1/customers
2026-07-28 16:47:27,665 - INFO - Baþarýlý cevap: 200
2026-07-28 16:47:27,671 - INFO - GET isteði gönderiliyor: https://api.stripe.com/v1/customers
2026-07-28 16:47:29,683 - INFO - Baþarýlý cevap: 200
2026-07-28 16:47:29,686 - INFO - GET isteði gönderiliyor: https://api.stripe.com/v1/customers
2026-07-28 16:47:30,936 - INFO - Baþarýlý cevap: 200
2026-07-28 16:56:38,585 - INFO - POST isteði gönderiliyor: https://api.stripe.com/v1/customers
2026-07-28 16:56:39,408 - INFO - Baþarýlý cevap: 200
2026-07-28 16:56:39,436 - INFO - POST isteði gönderiliyor: https://api.stripe.com/v1/customers
2026-07-28 16:56:40,361 - INFO - Baþarýlý cevap: 200
2026-07-28 16:56:40,373 - INFO - POST isteði gönderiliyor: https://api.stripe.com/v1/customers
2026-07-28 16:56:41,229 - INFO - Baþarýlý cevap: 200
2026-07-28 16:56:41,245 - INFO - POST isteði gönderiliyor: https://api.stripe.com/v1/customers
2026-07-28 16:56:42,129 - INFO - Baþarýlý cevap: 200
2026-07-28 16:56:42,137 - INFO - POST isteði gönderiliyor: https://api.stripe.com/v1/customers
2026-07-28 16:56:43,076 - INFO - Baþarýlý cevap: 200
2026-07-28 16:56:43,083 - INFO - POST isteði gönderiliyor: https://api.stripe.com/v1/customers
2026-07-28 16:56:43,919 - INFO - Baþarýlý cevap: 200
2026-07-28 16:56:43,927 - INFO - POST isteði gönderiliyor: https://api.stripe.com/v1/customers
2026-07-28 16:56:44,549 - INFO - Baþarýlý cevap: 200
2026-07-28 16:56:44,557 - INFO - POST isteði gönderiliyor: https://api.stripe.com/v1/customers
2026-07-28 16:56:45,268 - INFO - Baþarýlý cevap: 200
2026-07-28 16:56:45,277 - INFO - POST isteði gönderiliyor: https://api.stripe.com/v1/customers
2026-07-28 16:56:45,879 - INFO - Baþarýlý cevap: 200
2026-07-28 16:56:45,896 - INFO - POST isteði gönderiliyor: https://api.stripe.com/v1/customers
2026-07-28 16:56:46,523 - INFO - Baþarýlý cevap: 200
2026-07-28 16:56:46,533 - INFO - POST isteði gönderiliyor: https://api.stripe.com/v1/customers
2026-07-28 16:56:47,367 - INFO - Baþarýlý cevap: 200
2026-07-28 16:56:47,377 - INFO - POST isteði gönderiliyor: https://api.stripe.com/v1/customers
2026-07-28 16:56:48,030 - INFO - Baþarýlý cevap: 200
2026-07-28 16:56:48,041 - INFO - POST isteði gönderiliyor: https://api.stripe.com/v1/customers
2026-07-28 16:56:48,844 - INFO - Baþarýlý cevap: 200
2026-07-28 16:56:48,854 - INFO - POST isteði gönderiliyor: https://api.stripe.com/v1/customers
2026-07-28 16:56:49,549 - INFO - Baþarýlý cevap: 200
2026-07-28 16:56:49,559 - INFO - POST isteði gönderiliyor: https://api.stripe.com/v1/customers
2026-07-28 16:56:50,464 - INFO - Baþarýlý cevap: 200
2026-07-28 16:56:50,473 - INFO - POST isteði gönderiliyor: https://api.stripe.com/v1/customers
2026-07-28 16:56:51,191 - INFO - Baþarýlý cevap: 200
2026-07-28 16:56:51,201 - INFO - POST isteði gönderiliyor: https://api.stripe.com/v1/customers
2026-07-28 16:56:51,911 - INFO - Baþarýlý cevap: 200
2026-07-28 16:56:51,920 - INFO - POST isteði gönderiliyor: https://api.stripe.com/v1/customers
2026-07-28 16:56:52,684 - INFO - Baþarýlý cevap: 200
2026-07-28 16:56:52,689 - INFO - POST isteði gönderiliyor: https://api.stripe.com/v1/customers
2026-07-28 16:56:53,449 - INFO - Baþarýlý cevap: 200
2026-07-28 16:56:53,456 - INFO - POST isteði gönderiliyor: https://api.stripe.com/v1/customers
2026-07-28 16:56:54,280 - INFO - Baþarýlý cevap: 200
2026-07-28 16:56:54,287 - INFO - POST isteði gönderiliyor: https://api.stripe.com/v1/customers
2026-07-28 16:56:54,912 - INFO - Baþarýlý cevap: 200
2026-07-28 16:56:54,917 - INFO - POST isteði gönderiliyor: https://api.stripe.com/v1/customers
2026-07-28 16:56:55,639 - INFO - Baþarýlý cevap: 200
2026-07-28 16:56:55,644 - INFO - POST isteði gönderiliyor: https://api.stripe.com/v1/customers
2026-07-28 16:56:56,289 - INFO - Baþarýlý cevap: 200
2026-07-28 16:56:56,296 - INFO - POST isteði gönderiliyor: https://api.stripe.com/v1/customers
2026-07-28 16:56:56,931 - INFO - Baþarýlý cevap: 200
2026-07-28 16:56:56,941 - INFO - POST isteði gönderiliyor: https://api.stripe.com/v1/customers
2026-07-28 16:56:57,627 - INFO - Baþarýlý cevap: 200
2026-07-28 16:56:57,635 - INFO - POST isteði gönderiliyor: https://api.stripe.com/v1/customers
2026-07-28 16:56:58,376 - INFO - Baþarýlý cevap: 200
2026-07-28 16:56:58,381 - INFO - POST isteði gönderiliyor: https://api.stripe.com/v1/customers
2026-07-28 16:56:59,021 - INFO - Baþarýlý cevap: 200
2026-07-28 16:56:59,027 - INFO - POST isteði gönderiliyor: https://api.stripe.com/v1/customers
2026-07-28 16:56:59,716 - INFO - Baþarýlý cevap: 200
2026-07-28 16:56:59,722 - INFO - POST isteði gönderiliyor: https://api.stripe.com/v1/customers
2026-07-28 16:57:00,438 - INFO - Baþarýlý cevap: 200
2026-07-28 16:57:00,445 - INFO - POST isteði gönderiliyor: https://api.stripe.com/v1/customers
2026-07-28 16:57:01,104 - INFO - Baþarýlý cevap: 200
2026-07-28 16:57:33,253 - INFO - DELETE isteði gönderiliyor: https://api.stripe.com/v1/customers/cus_Uy7kmdHvXq21ze
2026-07-28 16:57:33,255 - INFO - DELETE isteði gönderiliyor: https://api.stripe.com/v1/customers/cus_Uy7k1QVY0FHKPy
2026-07-28 16:57:33,255 - INFO - DELETE isteði gönderiliyor: https://api.stripe.com/v1/customers/cus_Uy7kKBfj4KLUb8
2026-07-28 16:57:33,257 - INFO - DELETE isteði gönderiliyor: https://api.stripe.com/v1/customers/cus_Uy7kylubfp44cL
2026-07-28 16:57:33,260 - INFO - DELETE isteði gönderiliyor: https://api.stripe.com/v1/customers/cus_Uy7kswB69rt80O
2026-07-28 16:57:33,263 - INFO - DELETE isteði gönderiliyor: https://api.stripe.com/v1/customers/cus_Uy7kvI44ChwTwk
2026-07-28 16:57:33,265 - INFO - DELETE isteði gönderiliyor: https://api.stripe.com/v1/customers/cus_Uy7kfYTQPW7AbR
2026-07-28 16:57:33,269 - INFO - DELETE isteði gönderiliyor: https://api.stripe.com/v1/customers/cus_Uy7kDESkAjPMkJ
2026-07-28 16:57:33,273 - INFO - DELETE isteði gönderiliyor: https://api.stripe.com/v1/customers/cus_Uy7kWx9T2pX8oM
2026-07-28 16:57:33,276 - INFO - DELETE isteði gönderiliyor: https://api.stripe.com/v1/customers/cus_Uy7k2f5IrHDbmn
2026-07-28 16:57:34,104 - INFO - Baþarýlý cevap: 200
2026-07-28 16:57:34,105 - INFO - Baþarýlý cevap: 200
2026-07-28 16:57:34,108 - INFO - Baþarýlý cevap: 200
2026-07-28 16:57:34,112 - INFO - Baþarýlý cevap: 200
2026-07-28 16:57:34,124 - INFO - Baþarýlý cevap: 200
2026-07-28 16:57:34,126 - INFO - DELETE isteði gönderiliyor: https://api.stripe.com/v1/customers/cus_Uy7kUPNAqLjiVD
2026-07-28 16:57:34,128 - INFO - DELETE isteði gönderiliyor: https://api.stripe.com/v1/customers/cus_Uy7k0ead2BMkwX
2026-07-28 16:57:34,129 - INFO - DELETE isteði gönderiliyor: https://api.stripe.com/v1/customers/cus_Uy7k0xPJ1DD5d8
2026-07-28 16:57:34,132 - INFO - DELETE isteði gönderiliyor: https://api.stripe.com/v1/customers/cus_Uy7krGBNxKmocP
2026-07-28 16:57:34,143 - INFO - DELETE isteði gönderiliyor: https://api.stripe.com/v1/customers/cus_Uy7k5rz6VQv8Aa
2026-07-28 16:57:34,229 - INFO - Baþarýlý cevap: 200
2026-07-28 16:57:34,234 - INFO - Baþarýlý cevap: 200
2026-07-28 16:57:34,238 - INFO - DELETE isteði gönderiliyor: https://api.stripe.com/v1/customers/cus_Uy7kKzDyXVeY8Z
2026-07-28 16:57:34,243 - INFO - Baþarýlý cevap: 200
2026-07-28 16:57:34,248 - INFO - DELETE isteði gönderiliyor: https://api.stripe.com/v1/customers/cus_Uy7kPMwarIC6A5
2026-07-28 16:57:34,255 - INFO - DELETE isteði gönderiliyor: https://api.stripe.com/v1/customers/cus_Uy7kYqOIf5xnBM
2026-07-28 16:57:34,304 - INFO - Baþarýlý cevap: 200
2026-07-28 16:57:34,313 - INFO - DELETE isteði gönderiliyor: https://api.stripe.com/v1/customers/cus_Uy7kpDFKJ1Citx
2026-07-28 16:57:34,318 - INFO - Baþarýlý cevap: 200
2026-07-28 16:57:34,327 - INFO - DELETE isteði gönderiliyor: https://api.stripe.com/v1/customers/cus_Uy7kFHb8Mb3Mqi
2026-07-28 16:57:34,752 - INFO - Baþarýlý cevap: 200
2026-07-28 16:57:34,761 - INFO - DELETE isteði gönderiliyor: https://api.stripe.com/v1/customers/cus_Uy7ksKQXR6t1pt
2026-07-28 16:57:34,771 - INFO - Baþarýlý cevap: 200
2026-07-28 16:57:34,781 - INFO - DELETE isteði gönderiliyor: https://api.stripe.com/v1/customers/cus_Uy7kL4DcIwZEzy
2026-07-28 16:57:34,818 - INFO - Baþarýlý cevap: 200
2026-07-28 16:57:34,828 - INFO - DELETE isteði gönderiliyor: https://api.stripe.com/v1/customers/cus_Uy7k3rGFGy7lVj
2026-07-28 16:57:34,862 - INFO - Baþarýlý cevap: 200
2026-07-28 16:57:34,874 - INFO - DELETE isteði gönderiliyor: https://api.stripe.com/v1/customers/cus_Uy7ke42fJRrGAN
2026-07-28 16:57:34,894 - INFO - Baþarýlý cevap: 200
2026-07-28 16:57:34,906 - INFO - DELETE isteði gönderiliyor: https://api.stripe.com/v1/customers/cus_Uy7kNXzFRmeaTs
2026-07-28 16:57:34,924 - INFO - Baþarýlý cevap: 200
2026-07-28 16:57:34,936 - INFO - DELETE isteði gönderiliyor: https://api.stripe.com/v1/customers/cus_Uy7ky1LU5tAHD0
2026-07-28 16:57:34,979 - INFO - Baþarýlý cevap: 200
2026-07-28 16:57:34,994 - INFO - DELETE isteði gönderiliyor: https://api.stripe.com/v1/customers/cus_Uy7kBfRwaowz3u
2026-07-28 16:57:35,069 - INFO - Baþarýlý cevap: 200
2026-07-28 16:57:35,081 - INFO - Baþarýlý cevap: 200
2026-07-28 16:57:35,096 - INFO - DELETE isteði gönderiliyor: https://api.stripe.com/v1/customers/cus_Uy7ky7cR35L1kW
2026-07-28 16:57:35,106 - INFO - DELETE isteði gönderiliyor: https://api.stripe.com/v1/customers/cus_Uy7kM4Iuc9rzft
2026-07-28 16:57:35,112 - INFO - Baþarýlý cevap: 200
2026-07-28 16:57:35,135 - INFO - DELETE isteði gönderiliyor: https://api.stripe.com/v1/customers/cus_Uy7kgrdzNgonjV
2026-07-28 16:57:35,491 - INFO - Baþarýlý cevap: 200
2026-07-28 16:57:35,509 - INFO - Baþarýlý cevap: 200
2026-07-28 16:57:35,543 - INFO - Baþarýlý cevap: 200
2026-07-28 16:57:35,549 - INFO - Baþarýlý cevap: 200
2026-07-28 16:57:35,575 - INFO - Baþarýlý cevap: 200
2026-07-28 16:57:35,660 - INFO - Baþarýlý cevap: 200
2026-07-28 16:57:35,671 - INFO - Baþarýlý cevap: 200
2026-07-28 16:57:35,799 - INFO - Baþarýlý cevap: 200
2026-07-28 16:57:35,851 - INFO - Baþarýlý cevap: 200
2026-07-28 16:57:35,905 - INFO - Baþarýlý cevap: 200
2026-07-28 16:57:37,431 - INFO - POST isteði gönderiliyor: https://api.stripe.com/v1/customers
2026-07-28 16:57:37,432 - INFO - POST isteði gönderiliyor: https://api.stripe.com/v1/customers
2026-07-28 16:57:37,433 - INFO - POST isteði gönderiliyor: https://api.stripe.com/v1/customers
2026-07-28 16:57:37,436 - INFO - POST isteði gönderiliyor: https://api.stripe.com/v1/customers
2026-07-28 16:57:37,438 - INFO - POST isteði gönderiliyor: https://api.stripe.com/v1/customers
2026-07-28 16:57:37,442 - INFO - POST isteði gönderiliyor: https://api.stripe.com/v1/customers
2026-07-28 16:57:37,444 - INFO - POST isteði gönderiliyor: https://api.stripe.com/v1/customers
2026-07-28 16:57:37,448 - INFO - POST isteði gönderiliyor: https://api.stripe.com/v1/customers
2026-07-28 16:57:37,450 - INFO - POST isteði gönderiliyor: https://api.stripe.com/v1/customers
2026-07-28 16:57:37,453 - INFO - POST isteði gönderiliyor: https://api.stripe.com/v1/customers
2026-07-28 16:57:38,055 - INFO - Baþarýlý cevap: 200
2026-07-28 16:57:38,067 - INFO - POST isteði gönderiliyor: https://api.stripe.com/v1/customers
2026-07-28 16:57:38,084 - INFO - Baþarýlý cevap: 200
2026-07-28 16:57:38,093 - INFO - Baþarýlý cevap: 200
2026-07-28 16:57:38,096 - INFO - POST isteði gönderiliyor: https://api.stripe.com/v1/customers
2026-07-28 16:57:38,100 - INFO - POST isteði gönderiliyor: https://api.stripe.com/v1/customers
2026-07-28 16:57:38,104 - INFO - Baþarýlý cevap: 200
2026-07-28 16:57:38,106 - INFO - Baþarýlý cevap: 200
2026-07-28 16:57:38,107 - INFO - Baþarýlý cevap: 200
2026-07-28 16:57:38,114 - INFO - POST isteði gönderiliyor: https://api.stripe.com/v1/customers
2026-07-28 16:57:38,117 - INFO - Baþarýlý cevap: 200
2026-07-28 16:57:38,119 - INFO - Baþarýlý cevap: 200
2026-07-28 16:57:38,120 - INFO - POST isteði gönderiliyor: https://api.stripe.com/v1/customers
2026-07-28 16:57:38,123 - INFO - POST isteði gönderiliyor: https://api.stripe.com/v1/customers
2026-07-28 16:57:38,133 - INFO - POST isteði gönderiliyor: https://api.stripe.com/v1/customers
2026-07-28 16:57:38,134 - INFO - POST isteði gönderiliyor: https://api.stripe.com/v1/customers
2026-07-28 16:57:38,139 - INFO - Baþarýlý cevap: 200
2026-07-28 16:57:38,146 - INFO - POST isteði gönderiliyor: https://api.stripe.com/v1/customers
2026-07-28 16:57:38,180 - INFO - Baþarýlý cevap: 200
2026-07-28 16:57:38,191 - INFO - POST isteði gönderiliyor: https://api.stripe.com/v1/customers
2026-07-28 16:57:38,667 - INFO - Baþarýlý cevap: 200
2026-07-28 16:57:38,679 - INFO - POST isteði gönderiliyor: https://api.stripe.com/v1/customers
2026-07-28 16:57:38,683 - INFO - Baþarýlý cevap: 200
2026-07-28 16:57:38,686 - INFO - Baþarýlý cevap: 200
2026-07-28 16:57:38,694 - INFO - POST isteði gönderiliyor: https://api.stripe.com/v1/customers
2026-07-28 16:57:38,697 - INFO - POST isteði gönderiliyor: https://api.stripe.com/v1/customers
2026-07-28 16:57:38,704 - INFO - Baþarýlý cevap: 200
2026-07-28 16:57:38,717 - INFO - POST isteði gönderiliyor: https://api.stripe.com/v1/customers
2026-07-28 16:57:38,727 - INFO - Baþarýlý cevap: 200
2026-07-28 16:57:38,730 - INFO - Baþarýlý cevap: 200
2026-07-28 16:57:38,732 - INFO - Baþarýlý cevap: 200
2026-07-28 16:57:38,741 - INFO - POST isteði gönderiliyor: https://api.stripe.com/v1/customers
2026-07-28 16:57:38,743 - INFO - Baþarýlý cevap: 200
2026-07-28 16:57:38,750 - INFO - POST isteði gönderiliyor: https://api.stripe.com/v1/customers
2026-07-28 16:57:38,751 - INFO - POST isteði gönderiliyor: https://api.stripe.com/v1/customers
2026-07-28 16:57:38,763 - INFO - POST isteði gönderiliyor: https://api.stripe.com/v1/customers
2026-07-28 16:57:38,781 - INFO - Baþarýlý cevap: 200
2026-07-28 16:57:38,793 - INFO - POST isteði gönderiliyor: https://api.stripe.com/v1/customers
2026-07-28 16:57:38,820 - INFO - Baþarýlý cevap: 200
2026-07-28 16:57:38,831 - INFO - POST isteði gönderiliyor: https://api.stripe.com/v1/customers
2026-07-28 16:57:39,289 - INFO - Baþarýlý cevap: 200
2026-07-28 16:57:39,327 - INFO - Baþarýlý cevap: 200
2026-07-28 16:57:39,329 - INFO - Baþarýlý cevap: 200
2026-07-28 16:57:39,365 - INFO - Baþarýlý cevap: 200
2026-07-28 16:57:39,402 - INFO - Baþarýlý cevap: 200
2026-07-28 16:57:39,420 - INFO - Baþarýlý cevap: 200
2026-07-28 16:57:39,431 - INFO - Baþarýlý cevap: 200
2026-07-28 16:57:39,441 - INFO - Baþarýlý cevap: 200
2026-07-28 16:57:39,502 - INFO - Baþarýlý cevap: 200
2026-07-28 16:57:39,561 - INFO - Baþarýlý cevap: 200
2026-07-28 16:57:50,326 - INFO - DELETE isteði gönderiliyor: https://api.stripe.com/v1/customers/cus_Uy7lQ7imV6Xf22
2026-07-28 16:57:50,327 - INFO - DELETE isteði gönderiliyor: https://api.stripe.com/v1/customers/cus_Uy7lYOrmrEzgLd
2026-07-28 16:57:50,328 - INFO - DELETE isteði gönderiliyor: https://api.stripe.com/v1/customers/cus_Uy7lJwUcchGJog
2026-07-28 16:57:50,329 - INFO - DELETE isteði gönderiliyor: https://api.stripe.com/v1/customers/cus_Uy7l9BDHEfMeLL
2026-07-28 16:57:50,332 - INFO - DELETE isteði gönderiliyor: https://api.stripe.com/v1/customers/cus_Uy7leKCWw908BU
2026-07-28 16:57:50,334 - INFO - DELETE isteði gönderiliyor: https://api.stripe.com/v1/customers/cus_Uy7lyvUzWWvV9f
2026-07-28 16:57:50,336 - INFO - DELETE isteði gönderiliyor: https://api.stripe.com/v1/customers/cus_Uy7lT8H1hAiuoh
2026-07-28 16:57:50,339 - INFO - DELETE isteði gönderiliyor: https://api.stripe.com/v1/customers/cus_Uy7lSR18ks4me7
2026-07-28 16:57:50,341 - INFO - DELETE isteði gönderiliyor: https://api.stripe.com/v1/customers/cus_Uy7lbQwSXmHdQq
2026-07-28 16:57:50,346 - INFO - DELETE isteði gönderiliyor: https://api.stripe.com/v1/customers/cus_Uy7lj7YMXG0v7O
2026-07-28 16:57:50,995 - INFO - Baþarýlý cevap: 200
2026-07-28 16:57:50,998 - INFO - Baþarýlý cevap: 200
2026-07-28 16:57:51,010 - INFO - DELETE isteði gönderiliyor: https://api.stripe.com/v1/customers/cus_Uy7lK7NSBMz0Nz
2026-07-28 16:57:51,013 - INFO - Baþarýlý cevap: 200
2026-07-28 16:57:51,019 - INFO - DELETE isteði gönderiliyor: https://api.stripe.com/v1/customers/cus_Uy7lqCiVjd5sPa
2026-07-28 16:57:51,031 - INFO - DELETE isteði gönderiliyor: https://api.stripe.com/v1/customers/cus_Uy7lplHxhRG97N
2026-07-28 16:57:51,034 - INFO - Baþarýlý cevap: 200
2026-07-28 16:57:51,067 - INFO - Baþarýlý cevap: 200
2026-07-28 16:57:51,087 - INFO - DELETE isteði gönderiliyor: https://api.stripe.com/v1/customers/cus_Uy7l1V4MY8WqYn
2026-07-28 16:57:51,101 - INFO - Baþarýlý cevap: 200
2026-07-28 16:57:51,102 - INFO - Baþarýlý cevap: 200
2026-07-28 16:57:51,104 - INFO - DELETE isteði gönderiliyor: https://api.stripe.com/v1/customers/cus_Uy7lp587FACQv4
2026-07-28 16:57:51,111 - INFO - Baþarýlý cevap: 200
2026-07-28 16:57:51,123 - INFO - Baþarýlý cevap: 200
2026-07-28 16:57:51,134 - INFO - DELETE isteði gönderiliyor: https://api.stripe.com/v1/customers/cus_Uy7lQHjHPh5zeo
2026-07-28 16:57:51,140 - INFO - DELETE isteði gönderiliyor: https://api.stripe.com/v1/customers/cus_Uy7latkqRtcsfx
2026-07-28 16:57:51,150 - INFO - DELETE isteði gönderiliyor: https://api.stripe.com/v1/customers/cus_Uy7lkgx6FIWMTD
2026-07-28 16:57:51,157 - INFO - DELETE isteði gönderiliyor: https://api.stripe.com/v1/customers/cus_Uy7lFZ6yuxCrZq
2026-07-28 16:57:51,163 - INFO - Baþarýlý cevap: 200
2026-07-28 16:57:51,182 - INFO - DELETE isteði gönderiliyor: https://api.stripe.com/v1/customers/cus_Uy7l85MBjkNWGt
2026-07-28 16:57:51,713 - INFO - Baþarýlý cevap: 200
2026-07-28 16:57:51,722 - INFO - DELETE isteði gönderiliyor: https://api.stripe.com/v1/customers/cus_Uy7lfNywHH7KSe
2026-07-28 16:57:51,801 - INFO - Baþarýlý cevap: 200
2026-07-28 16:57:51,810 - INFO - DELETE isteði gönderiliyor: https://api.stripe.com/v1/customers/cus_Uy7lhVZqaYteKa
2026-07-28 16:57:51,815 - INFO - Baþarýlý cevap: 200
2026-07-28 16:57:51,826 - INFO - DELETE isteði gönderiliyor: https://api.stripe.com/v1/customers/cus_Uy7lOqmUzClezj
2026-07-28 16:57:51,861 - INFO - Baþarýlý cevap: 200
2026-07-28 16:57:51,873 - INFO - DELETE isteði gönderiliyor: https://api.stripe.com/v1/customers/cus_Uy7lNljbL6tN88
2026-07-28 16:57:51,876 - INFO - Baþarýlý cevap: 200
2026-07-28 16:57:51,883 - INFO - Baþarýlý cevap: 200
2026-07-28 16:57:51,884 - INFO - Baþarýlý cevap: 200
2026-07-28 16:57:51,885 - INFO - Baþarýlý cevap: 200
2026-07-28 16:57:51,897 - INFO - DELETE isteði gönderiliyor: https://api.stripe.com/v1/customers/cus_Uy7ltYR9j2NTDO
2026-07-28 16:57:51,900 - INFO - DELETE isteði gönderiliyor: https://api.stripe.com/v1/customers/cus_Uy7lO4FuZyKXOl
2026-07-28 16:57:51,906 - INFO - DELETE isteði gönderiliyor: https://api.stripe.com/v1/customers/cus_Uy7lrxU3pDjtJH
2026-07-28 16:57:51,914 - INFO - DELETE isteði gönderiliyor: https://api.stripe.com/v1/customers/cus_Uy7lM0ZRBdn6ao
2026-07-28 16:57:51,949 - INFO - Baþarýlý cevap: 200
2026-07-28 16:57:51,962 - INFO - DELETE isteði gönderiliyor: https://api.stripe.com/v1/customers/cus_Uy7laHaF1EYL90
2026-07-28 16:57:52,043 - INFO - Baþarýlý cevap: 200
2026-07-28 16:57:52,053 - INFO - DELETE isteði gönderiliyor: https://api.stripe.com/v1/customers/cus_Uy7lHtDK7w3qdX
2026-07-28 16:57:52,399 - INFO - Baþarýlý cevap: 200
2026-07-28 16:57:52,520 - INFO - Baþarýlý cevap: 200
2026-07-28 16:57:52,531 - INFO - Baþarýlý cevap: 200
2026-07-28 16:57:52,547 - INFO - Baþarýlý cevap: 200
2026-07-28 16:57:52,549 - INFO - Baþarýlý cevap: 200
2026-07-28 16:57:52,599 - INFO - Baþarýlý cevap: 200
2026-07-28 16:57:52,627 - INFO - Baþarýlý cevap: 200
2026-07-28 16:57:52,731 - INFO - Baþarýlý cevap: 200
2026-07-28 16:57:52,733 - INFO - Baþarýlý cevap: 200
2026-07-28 16:57:52,799 - INFO - Baþarýlý cevap: 200
2026-07-28 17:01:48,479 - INFO - POST isteði gönderiliyor: https://api.stripe.com/v1/customers
2026-07-28 17:01:49,401 - INFO - Baþarýlý cevap: 200
2026-07-28 17:01:49,417 - INFO - POST isteði gönderiliyor: https://api.stripe.com/v1/customers
2026-07-28 17:01:50,208 - INFO - Baþarýlý cevap: 200
2026-07-28 17:01:50,221 - INFO - POST isteði gönderiliyor: https://api.stripe.com/v1/customers
2026-07-28 17:01:50,861 - INFO - Baþarýlý cevap: 200
2026-07-28 17:01:50,874 - INFO - POST isteði gönderiliyor: https://api.stripe.com/v1/customers
2026-07-28 17:01:51,510 - INFO - Baþarýlý cevap: 200
2026-07-28 17:01:51,520 - INFO - POST isteði gönderiliyor: https://api.stripe.com/v1/customers
2026-07-28 17:01:52,196 - INFO - Baþarýlý cevap: 200
2026-07-28 17:01:52,211 - INFO - POST isteði gönderiliyor: https://api.stripe.com/v1/customers
2026-07-28 17:01:52,862 - INFO - Baþarýlý cevap: 200
2026-07-28 17:01:52,875 - INFO - POST isteði gönderiliyor: https://api.stripe.com/v1/customers
2026-07-28 17:01:53,591 - INFO - Baþarýlý cevap: 200
2026-07-28 17:01:53,609 - INFO - POST isteði gönderiliyor: https://api.stripe.com/v1/customers
2026-07-28 17:01:54,229 - INFO - Baþarýlý cevap: 200
2026-07-28 17:01:54,242 - INFO - POST isteði gönderiliyor: https://api.stripe.com/v1/customers
2026-07-28 17:01:54,963 - INFO - Baþarýlý cevap: 200
2026-07-28 17:01:54,980 - INFO - POST isteði gönderiliyor: https://api.stripe.com/v1/customers
2026-07-28 17:01:55,596 - INFO - Baþarýlý cevap: 200
2026-07-28 17:01:55,609 - INFO - POST isteði gönderiliyor: https://api.stripe.com/v1/customers
2026-07-28 17:01:56,282 - INFO - Baþarýlý cevap: 200
2026-07-28 17:01:56,298 - INFO - POST isteði gönderiliyor: https://api.stripe.com/v1/customers
2026-07-28 17:01:57,070 - INFO - Baþarýlý cevap: 200
2026-07-28 17:01:57,085 - INFO - POST isteði gönderiliyor: https://api.stripe.com/v1/customers
2026-07-28 17:01:57,853 - INFO - Baþarýlý cevap: 200
2026-07-28 17:01:57,868 - INFO - POST isteði gönderiliyor: https://api.stripe.com/v1/customers
2026-07-28 17:01:58,544 - INFO - Baþarýlý cevap: 200
2026-07-28 17:01:58,556 - INFO - POST isteði gönderiliyor: https://api.stripe.com/v1/customers
2026-07-28 17:01:59,212 - INFO - Baþarýlý cevap: 200
2026-07-28 17:01:59,227 - INFO - POST isteði gönderiliyor: https://api.stripe.com/v1/customers
2026-07-28 17:01:59,878 - INFO - Baþarýlý cevap: 200
2026-07-28 17:01:59,894 - INFO - POST isteði gönderiliyor: https://api.stripe.com/v1/customers
2026-07-28 17:02:00,554 - INFO - Baþarýlý cevap: 200
2026-07-28 17:02:00,571 - INFO - POST isteði gönderiliyor: https://api.stripe.com/v1/customers
2026-07-28 17:02:01,370 - INFO - Baþarýlý cevap: 200
2026-07-28 17:02:01,384 - INFO - POST isteði gönderiliyor: https://api.stripe.com/v1/customers
2026-07-28 17:02:02,096 - INFO - Baþarýlý cevap: 200
2026-07-28 17:02:02,111 - INFO - POST isteði gönderiliyor: https://api.stripe.com/v1/customers
2026-07-28 17:02:02,800 - INFO - Baþarýlý cevap: 200
2026-07-28 17:02:02,816 - INFO - POST isteði gönderiliyor: https://api.stripe.com/v1/customers
2026-07-28 17:02:03,482 - INFO - Baþarýlý cevap: 200
2026-07-28 17:02:03,499 - INFO - POST isteði gönderiliyor: https://api.stripe.com/v1/customers
2026-07-28 17:02:04,159 - INFO - Baþarýlý cevap: 200
2026-07-28 17:02:04,169 - INFO - POST isteði gönderiliyor: https://api.stripe.com/v1/customers
2026-07-28 17:02:04,779 - INFO - Baþarýlý cevap: 200
2026-07-28 17:02:04,796 - INFO - POST isteði gönderiliyor: https://api.stripe.com/v1/customers
2026-07-28 17:02:05,539 - INFO - Baþarýlý cevap: 200
2026-07-28 17:02:05,554 - INFO - POST isteði gönderiliyor: https://api.stripe.com/v1/customers
2026-07-28 17:02:06,163 - INFO - Baþarýlý cevap: 200
2026-07-28 17:02:06,175 - INFO - POST isteði gönderiliyor: https://api.stripe.com/v1/customers
2026-07-28 17:02:06,901 - INFO - Baþarýlý cevap: 200
2026-07-28 17:02:06,915 - INFO - POST isteði gönderiliyor: https://api.stripe.com/v1/customers
2026-07-28 17:02:07,523 - INFO - Baþarýlý cevap: 200
2026-07-28 17:02:07,533 - INFO - POST isteði gönderiliyor: https://api.stripe.com/v1/customers
2026-07-28 17:02:08,184 - INFO - Baþarýlý cevap: 200
2026-07-28 17:02:08,195 - INFO - POST isteði gönderiliyor: https://api.stripe.com/v1/customers
2026-07-28 17:02:09,023 - INFO - Baþarýlý cevap: 200
2026-07-28 17:02:09,034 - INFO - POST isteði gönderiliyor: https://api.stripe.com/v1/customers
2026-07-28 17:02:09,794 - INFO - Baþarýlý cevap: 200
2026-07-28 17:02:52,336 - INFO - DELETE isteði gönderiliyor: https://api.stripe.com/v1/customers/cus_Uy7pfF7TZQVC9r
2026-07-28 17:02:52,337 - INFO - DELETE isteði gönderiliyor: https://api.stripe.com/v1/customers/cus_Uy7pCtAmjo5ILn
2026-07-28 17:02:52,338 - INFO - DELETE isteði gönderiliyor: https://api.stripe.com/v1/customers/cus_Uy7pkWxyvR75Ox
2026-07-28 17:02:52,338 - INFO - DELETE isteði gönderiliyor: https://api.stripe.com/v1/customers/cus_Uy7pnCpguCrJSa
2026-07-28 17:02:52,340 - INFO - DELETE isteði gönderiliyor: https://api.stripe.com/v1/customers/cus_Uy7pWqNDSbPXEo
2026-07-28 17:02:52,343 - INFO - DELETE isteði gönderiliyor: https://api.stripe.com/v1/customers/cus_Uy7pVzbq7ccwi9
2026-07-28 17:02:52,347 - INFO - DELETE isteði gönderiliyor: https://api.stripe.com/v1/customers/cus_Uy7pmkPeRdVqSt
2026-07-28 17:02:52,349 - INFO - DELETE isteði gönderiliyor: https://api.stripe.com/v1/customers/cus_Uy7pQQOOXSKt8t
2026-07-28 17:02:52,355 - INFO - DELETE isteði gönderiliyor: https://api.stripe.com/v1/customers/cus_Uy7pCkVHD8MVc9
2026-07-28 17:02:52,358 - INFO - DELETE isteði gönderiliyor: https://api.stripe.com/v1/customers/cus_Uy7pEIj3ksK5Az
2026-07-28 17:02:53,008 - INFO - Baþarýlý cevap: 200
2026-07-28 17:02:53,024 - INFO - DELETE isteði gönderiliyor: https://api.stripe.com/v1/customers/cus_Uy7pOEM99WgZkv
2026-07-28 17:02:53,026 - INFO - Baþarýlý cevap: 200
2026-07-28 17:02:53,035 - INFO - Baþarýlý cevap: 200
2026-07-28 17:02:53,037 - INFO - Baþarýlý cevap: 200
2026-07-28 17:02:53,041 - INFO - Baþarýlý cevap: 200
2026-07-28 17:02:53,042 - INFO - DELETE isteði gönderiliyor: https://api.stripe.com/v1/customers/cus_Uy7pz8G64bYadD
2026-07-28 17:02:53,044 - INFO - Baþarýlý cevap: 200
2026-07-28 17:02:53,059 - INFO - Baþarýlý cevap: 200
2026-07-28 17:02:53,060 - INFO - DELETE isteði gönderiliyor: https://api.stripe.com/v1/customers/cus_Uy7pMKsyMr9pNC
2026-07-28 17:02:53,066 - INFO - Baþarýlý cevap: 200
2026-07-28 17:02:53,071 - INFO - DELETE isteði gönderiliyor: https://api.stripe.com/v1/customers/cus_Uy7ph4OExdX3Gh
2026-07-28 17:02:53,072 - INFO - DELETE isteði gönderiliyor: https://api.stripe.com/v1/customers/cus_Uy7pxq7kFNm5Ut
2026-07-28 17:02:53,075 - INFO - DELETE isteði gönderiliyor: https://api.stripe.com/v1/customers/cus_Uy7pLPvky4qcxs
2026-07-28 17:02:53,089 - INFO - DELETE isteði gönderiliyor: https://api.stripe.com/v1/customers/cus_Uy7p1X48po0cYI
2026-07-28 17:02:53,092 - INFO - Baþarýlý cevap: 200
2026-07-28 17:02:53,093 - INFO - DELETE isteði gönderiliyor: https://api.stripe.com/v1/customers/cus_Uy7pSlXpTSY7PA
2026-07-28 17:02:53,101 - INFO - Baþarýlý cevap: 200
2026-07-28 17:02:53,104 - INFO - DELETE isteði gönderiliyor: https://api.stripe.com/v1/customers/cus_Uy7p4saXmAnUf7
2026-07-28 17:02:53,111 - INFO - DELETE isteði gönderiliyor: https://api.stripe.com/v1/customers/cus_Uy7pcd5drZTsuN
2026-07-28 17:02:53,700 - INFO - Baþarýlý cevap: 200
2026-07-28 17:02:53,708 - INFO - DELETE isteði gönderiliyor: https://api.stripe.com/v1/customers/cus_Uy7pUVzCCPolbl
2026-07-28 17:02:53,732 - INFO - Baþarýlý cevap: 200
2026-07-28 17:02:53,735 - INFO - Baþarýlý cevap: 200
2026-07-28 17:02:53,747 - INFO - DELETE isteði gönderiliyor: https://api.stripe.com/v1/customers/cus_Uy7pA5Ns02S4Vc
2026-07-28 17:02:53,750 - INFO - DELETE isteði gönderiliyor: https://api.stripe.com/v1/customers/cus_Uy7paALELpPcmd
2026-07-28 17:02:53,756 - INFO - Baþarýlý cevap: 200
2026-07-28 17:02:53,765 - INFO - Baþarýlý cevap: 200
2026-07-28 17:02:53,770 - INFO - DELETE isteði gönderiliyor: https://api.stripe.com/v1/customers/cus_Uy7pliu8pSm1QJ
2026-07-28 17:02:53,771 - INFO - Baþarýlý cevap: 200
2026-07-28 17:02:53,774 - INFO - Baþarýlý cevap: 200
2026-07-28 17:02:53,777 - INFO - DELETE isteði gönderiliyor: https://api.stripe.com/v1/customers/cus_Uy7piL8ia7Nhy7
2026-07-28 17:02:53,788 - INFO - Baþarýlý cevap: 200
2026-07-28 17:02:53,789 - INFO - DELETE isteði gönderiliyor: https://api.stripe.com/v1/customers/cus_Uy7ps0XchNt5rk
2026-07-28 17:02:53,791 - INFO - DELETE isteði gönderiliyor: https://api.stripe.com/v1/customers/cus_Uy7pIJ1fs90V1B
2026-07-28 17:02:53,798 - INFO - Baþarýlý cevap: 200
2026-07-28 17:02:53,800 - INFO - Baþarýlý cevap: 200
2026-07-28 17:02:53,803 - INFO - DELETE isteði gönderiliyor: https://api.stripe.com/v1/customers/cus_Uy7pXWS6DG5Szl
2026-07-28 17:02:53,808 - INFO - DELETE isteði gönderiliyor: https://api.stripe.com/v1/customers/cus_Uy7pPcKwOLZVBm
2026-07-28 17:02:53,810 - INFO - DELETE isteði gönderiliyor: https://api.stripe.com/v1/customers/cus_Uy7p0Kgqhzay6Y
2026-07-28 17:02:54,417 - INFO - Baþarýlý cevap: 200
2026-07-28 17:02:54,421 - INFO - Baþarýlý cevap: 200
2026-07-28 17:02:54,423 - INFO - Baþarýlý cevap: 200
2026-07-28 17:02:54,424 - INFO - Baþarýlý cevap: 200
2026-07-28 17:02:54,425 - INFO - Baþarýlý cevap: 200
2026-07-28 17:02:54,427 - INFO - Baþarýlý cevap: 200
2026-07-28 17:02:54,487 - INFO - Baþarýlý cevap: 200
2026-07-28 17:02:54,489 - INFO - Baþarýlý cevap: 200
2026-07-28 17:02:54,515 - INFO - Baþarýlý cevap: 200
2026-07-28 17:02:54,555 - INFO - Baþarýlý cevap: 200
2026-07-28 17:03:17,730 - INFO - POST isteði gönderiliyor: https://api.stripe.com/v1/customers
2026-07-28 17:03:17,731 - INFO - POST isteði gönderiliyor: https://api.stripe.com/v1/customers
2026-07-28 17:03:17,734 - INFO - POST isteði gönderiliyor: https://api.stripe.com/v1/customers
2026-07-28 17:03:17,736 - INFO - POST isteði gönderiliyor: https://api.stripe.com/v1/customers
2026-07-28 17:03:17,737 - INFO - POST isteði gönderiliyor: https://api.stripe.com/v1/customers
2026-07-28 17:03:17,740 - INFO - POST isteði gönderiliyor: https://api.stripe.com/v1/customers
2026-07-28 17:03:17,743 - INFO - POST isteði gönderiliyor: https://api.stripe.com/v1/customers
2026-07-28 17:03:17,746 - INFO - POST isteði gönderiliyor: https://api.stripe.com/v1/customers
2026-07-28 17:03:17,748 - INFO - POST isteði gönderiliyor: https://api.stripe.com/v1/customers
2026-07-28 17:03:17,750 - INFO - POST isteði gönderiliyor: https://api.stripe.com/v1/customers
2026-07-28 17:03:18,573 - INFO - Baþarýlý cevap: 200
2026-07-28 17:03:18,574 - INFO - Baþarýlý cevap: 200
2026-07-28 17:03:18,581 - INFO - Baþarýlý cevap: 200
2026-07-28 17:03:18,584 - INFO - Baþarýlý cevap: 200
2026-07-28 17:03:18,588 - INFO - POST isteði gönderiliyor: https://api.stripe.com/v1/customers
2026-07-28 17:03:18,589 - INFO - POST isteði gönderiliyor: https://api.stripe.com/v1/customers
2026-07-28 17:03:18,594 - INFO - Baþarýlý cevap: 200
2026-07-28 17:03:18,599 - INFO - POST isteði gönderiliyor: https://api.stripe.com/v1/customers
2026-07-28 17:03:18,601 - INFO - Baþarýlý cevap: 200
2026-07-28 17:03:18,604 - INFO - POST isteði gönderiliyor: https://api.stripe.com/v1/customers
2026-07-28 17:03:18,619 - INFO - POST isteði gönderiliyor: https://api.stripe.com/v1/customers
2026-07-28 17:03:18,625 - INFO - POST isteði gönderiliyor: https://api.stripe.com/v1/customers
2026-07-28 17:03:18,637 - INFO - Baþarýlý cevap: 200
2026-07-28 17:03:18,638 - INFO - Baþarýlý cevap: 200
2026-07-28 17:03:18,646 - INFO - POST isteði gönderiliyor: https://api.stripe.com/v1/customers
2026-07-28 17:03:18,651 - INFO - POST isteði gönderiliyor: https://api.stripe.com/v1/customers
2026-07-28 17:03:18,762 - INFO - Baþarýlý cevap: 200
2026-07-28 17:03:18,770 - INFO - Baþarýlý cevap: 200
2026-07-28 17:03:18,772 - INFO - POST isteði gönderiliyor: https://api.stripe.com/v1/customers
2026-07-28 17:03:18,780 - INFO - POST isteði gönderiliyor: https://api.stripe.com/v1/customers
2026-07-28 17:03:19,236 - INFO - Baþarýlý cevap: 200
2026-07-28 17:03:19,237 - INFO - Baþarýlý cevap: 200
2026-07-28 17:03:19,239 - INFO - Baþarýlý cevap: 200
2026-07-28 17:03:19,240 - INFO - Baþarýlý cevap: 200
2026-07-28 17:03:19,242 - INFO - Baþarýlý cevap: 200
2026-07-28 17:03:19,252 - INFO - Baþarýlý cevap: 200
2026-07-28 17:03:19,253 - INFO - Baþarýlý cevap: 200
2026-07-28 17:03:19,258 - INFO - POST isteði gönderiliyor: https://api.stripe.com/v1/customers
2026-07-28 17:03:19,260 - INFO - POST isteði gönderiliyor: https://api.stripe.com/v1/customers
2026-07-28 17:03:19,262 - INFO - POST isteði gönderiliyor: https://api.stripe.com/v1/customers
2026-07-28 17:03:19,267 - INFO - POST isteði gönderiliyor: https://api.stripe.com/v1/customers
2026-07-28 17:03:19,268 - INFO - POST isteði gönderiliyor: https://api.stripe.com/v1/customers
2026-07-28 17:03:19,283 - INFO - POST isteði gönderiliyor: https://api.stripe.com/v1/customers
2026-07-28 17:03:19,285 - INFO - POST isteði gönderiliyor: https://api.stripe.com/v1/customers
2026-07-28 17:03:19,293 - INFO - Baþarýlý cevap: 200
2026-07-28 17:03:19,311 - INFO - POST isteði gönderiliyor: https://api.stripe.com/v1/customers
2026-07-28 17:03:19,366 - INFO - Baþarýlý cevap: 200
2026-07-28 17:03:19,379 - INFO - Baþarýlý cevap: 200
2026-07-28 17:03:19,382 - INFO - POST isteði gönderiliyor: https://api.stripe.com/v1/customers
2026-07-28 17:03:19,394 - INFO - POST isteði gönderiliyor: https://api.stripe.com/v1/customers
2026-07-28 17:03:19,856 - INFO - Baþarýlý cevap: 200
2026-07-28 17:03:19,857 - INFO - Baþarýlý cevap: 200
2026-07-28 17:03:19,871 - INFO - Baþarýlý cevap: 200
2026-07-28 17:03:19,900 - INFO - Baþarýlý cevap: 200
2026-07-28 17:03:19,936 - INFO - Baþarýlý cevap: 200
2026-07-28 17:03:19,947 - INFO - Baþarýlý cevap: 200
2026-07-28 17:03:19,949 - INFO - Baþarýlý cevap: 200
2026-07-28 17:03:19,950 - INFO - Baþarýlý cevap: 200
2026-07-28 17:03:19,984 - INFO - Baþarýlý cevap: 200
2026-07-28 17:03:19,994 - INFO - Baþarýlý cevap: 200
2026-07-28 17:03:47,963 - INFO - DELETE isteði gönderiliyor: https://api.stripe.com/v1/customers/cus_Uy7qv34ZbcfnYh
2026-07-28 17:03:47,964 - INFO - DELETE isteði gönderiliyor: https://api.stripe.com/v1/customers/cus_Uy7q87LPHtDLGj
2026-07-28 17:03:47,964 - INFO - DELETE isteði gönderiliyor: https://api.stripe.com/v1/customers/cus_Uy7qyFLcV3DVlM
2026-07-28 17:03:47,965 - INFO - DELETE isteði gönderiliyor: https://api.stripe.com/v1/customers/cus_Uy7qIWlKRlcGxU
2026-07-28 17:03:47,969 - INFO - DELETE isteði gönderiliyor: https://api.stripe.com/v1/customers/cus_Uy7qxVkyNDvrY8
2026-07-28 17:03:47,971 - INFO - DELETE isteði gönderiliyor: https://api.stripe.com/v1/customers/cus_Uy7qdh4SDLpEvX
2026-07-28 17:03:47,975 - INFO - DELETE isteði gönderiliyor: https://api.stripe.com/v1/customers/cus_Uy7qVFtyHvelEc
2026-07-28 17:03:47,979 - INFO - DELETE isteði gönderiliyor: https://api.stripe.com/v1/customers/cus_Uy7qqDRmcFDC6Y
2026-07-28 17:03:47,982 - INFO - DELETE isteði gönderiliyor: https://api.stripe.com/v1/customers/cus_Uy7qmzdZKsvEEc
2026-07-28 17:03:47,987 - INFO - DELETE isteði gönderiliyor: https://api.stripe.com/v1/customers/cus_Uy7qvJqttJXmaE
2026-07-28 17:03:48,820 - INFO - Baþarýlý cevap: 200
2026-07-28 17:03:48,828 - INFO - DELETE isteði gönderiliyor: https://api.stripe.com/v1/customers/cus_Uy7qaaA17v8L2V
2026-07-28 17:03:48,833 - INFO - Baþarýlý cevap: 200
2026-07-28 17:03:48,842 - INFO - DELETE isteði gönderiliyor: https://api.stripe.com/v1/customers/cus_Uy7qhECmZW5wdE
2026-07-28 17:03:48,865 - INFO - Baþarýlý cevap: 200
2026-07-28 17:03:48,866 - INFO - Baþarýlý cevap: 200
2026-07-28 17:03:48,868 - INFO - Baþarýlý cevap: 200
2026-07-28 17:03:48,880 - INFO - DELETE isteði gönderiliyor: https://api.stripe.com/v1/customers/cus_Uy7qephFYP0TM2
2026-07-28 17:03:48,883 - INFO - DELETE isteði gönderiliyor: https://api.stripe.com/v1/customers/cus_Uy7qMX0LeJHO9o
2026-07-28 17:03:48,889 - INFO - DELETE isteði gönderiliyor: https://api.stripe.com/v1/customers/cus_Uy7qmINkSK10Kc
2026-07-28 17:03:48,936 - INFO - Baþarýlý cevap: 200
2026-07-28 17:03:48,947 - INFO - DELETE isteði gönderiliyor: https://api.stripe.com/v1/customers/cus_Uy7qXW0cEBwgJD
2026-07-28 17:03:48,954 - INFO - Baþarýlý cevap: 200
2026-07-28 17:03:48,962 - INFO - DELETE isteði gönderiliyor: https://api.stripe.com/v1/customers/cus_Uy7qBpBXecVN86
2026-07-28 17:03:48,965 - INFO - Baþarýlý cevap: 200
2026-07-28 17:03:48,972 - INFO - DELETE isteði gönderiliyor: https://api.stripe.com/v1/customers/cus_Uy7qmDYYZDMBYu
2026-07-28 17:03:49,110 - INFO - Baþarýlý cevap: 200
2026-07-28 17:03:49,119 - INFO - DELETE isteði gönderiliyor: https://api.stripe.com/v1/customers/cus_Uy7qAmncqVmgzi
2026-07-28 17:03:49,154 - INFO - Baþarýlý cevap: 200
2026-07-28 17:03:49,162 - INFO - DELETE isteði gönderiliyor: https://api.stripe.com/v1/customers/cus_Uy7qhLdLosQ6Ql
2026-07-28 17:03:49,597 - INFO - Baþarýlý cevap: 200
2026-07-28 17:03:49,604 - INFO - DELETE isteði gönderiliyor: https://api.stripe.com/v1/customers/cus_Uy7qtflYk0wtQa
2026-07-28 17:03:49,609 - INFO - Baþarýlý cevap: 200
2026-07-28 17:03:49,614 - INFO - DELETE isteði gönderiliyor: https://api.stripe.com/v1/customers/cus_Uy7qW2lx1JgQRJ
2026-07-28 17:03:49,661 - INFO - Baþarýlý cevap: 200
2026-07-28 17:03:49,662 - INFO - Baþarýlý cevap: 200
2026-07-28 17:03:49,662 - INFO - Baþarýlý cevap: 200
2026-07-28 17:03:49,663 - INFO - Baþarýlý cevap: 200
2026-07-28 17:03:49,664 - INFO - Baþarýlý cevap: 200
2026-07-28 17:03:49,669 - INFO - Baþarýlý cevap: 200
2026-07-28 17:03:49,673 - INFO - DELETE isteði gönderiliyor: https://api.stripe.com/v1/customers/cus_Uy7qPQ9S0RDAhR
2026-07-28 17:03:49,675 - INFO - DELETE isteði gönderiliyor: https://api.stripe.com/v1/customers/cus_Uy7q2U35ysjdTv
2026-07-28 17:03:49,678 - INFO - DELETE isteði gönderiliyor: https://api.stripe.com/v1/customers/cus_Uy7qDkDfCYswBM
2026-07-28 17:03:49,679 - INFO - DELETE isteði gönderiliyor: https://api.stripe.com/v1/customers/cus_Uy7qYMyZ01iU2X
2026-07-28 17:03:49,689 - INFO - DELETE isteði gönderiliyor: https://api.stripe.com/v1/customers/cus_Uy7qwbcq9QkURX
2026-07-28 17:03:49,692 - INFO - DELETE isteði gönderiliyor: https://api.stripe.com/v1/customers/cus_Uy7qvYTdH1WJZO
2026-07-28 17:03:49,768 - INFO - Baþarýlý cevap: 200
2026-07-28 17:03:49,775 - INFO - DELETE isteði gönderiliyor: https://api.stripe.com/v1/customers/cus_Uy7qGNUC1okAgQ
2026-07-28 17:03:49,850 - INFO - Baþarýlý cevap: 200
2026-07-28 17:03:49,859 - INFO - DELETE isteði gönderiliyor: https://api.stripe.com/v1/customers/cus_Uy7qQD8Gy62dpT
2026-07-28 17:03:50,268 - INFO - Baþarýlý cevap: 200
2026-07-28 17:03:50,275 - INFO - Baþarýlý cevap: 200
2026-07-28 17:03:50,398 - INFO - Baþarýlý cevap: 200
2026-07-28 17:03:50,401 - INFO - Baþarýlý cevap: 200
2026-07-28 17:03:50,402 - INFO - Baþarýlý cevap: 200
2026-07-28 17:03:50,411 - INFO - Baþarýlý cevap: 200
2026-07-28 17:03:50,414 - INFO - Baþarýlý cevap: 200
2026-07-28 17:03:50,425 - INFO - Baþarýlý cevap: 200
2026-07-28 17:03:50,443 - INFO - Baþarýlý cevap: 200
2026-07-28 17:03:50,513 - INFO - Baþarýlý cevap: 200
2026-07-28 17:15:13,838 - INFO - GET isteði gönderiliyor: https://api.stripe.com/v1/customers
2026-07-28 17:15:14,704 - INFO - Baþarýlý cevap: 200
2026-07-28 17:15:14,720 - INFO - GET isteði gönderiliyor: https://api.stripe.com/v1/customers
2026-07-28 17:15:15,379 - INFO - Baþarýlý cevap: 200
2026-07-28 17:26:44,300 - INFO - POST isteði gönderiliyor: https://api.stripe.com/v1/customers
2026-07-28 17:26:45,091 - INFO - Baþarýlý cevap: 200
2026-07-28 17:26:45,103 - INFO - POST isteði gönderiliyor: https://api.stripe.com/v1/customers
2026-07-28 17:26:45,750 - INFO - Baþarýlý cevap: 200
2026-07-28 17:26:45,762 - INFO - POST isteði gönderiliyor: https://api.stripe.com/v1/customers
2026-07-28 17:26:46,533 - INFO - Baþarýlý cevap: 200
2026-07-28 17:26:46,550 - INFO - POST isteði gönderiliyor: https://api.stripe.com/v1/customers
2026-07-28 17:26:47,199 - INFO - Baþarýlý cevap: 200
2026-07-28 17:26:47,213 - INFO - POST isteði gönderiliyor: https://api.stripe.com/v1/customers
2026-07-28 17:26:47,854 - INFO - Baþarýlý cevap: 200
2026-07-28 17:26:47,865 - INFO - POST isteði gönderiliyor: https://api.stripe.com/v1/customers
2026-07-28 17:26:48,475 - INFO - Baþarýlý cevap: 200
2026-07-28 17:26:48,482 - INFO - POST isteði gönderiliyor: https://api.stripe.com/v1/customers
2026-07-28 17:26:49,163 - INFO - Baþarýlý cevap: 200
2026-07-28 17:26:49,175 - INFO - POST isteði gönderiliyor: https://api.stripe.com/v1/customers
2026-07-28 17:26:49,824 - INFO - Baþarýlý cevap: 200
2026-07-28 17:26:49,835 - INFO - POST isteði gönderiliyor: https://api.stripe.com/v1/customers
2026-07-28 17:26:50,542 - INFO - Baþarýlý cevap: 200
2026-07-28 17:26:50,554 - INFO - POST isteði gönderiliyor: https://api.stripe.com/v1/customers
2026-07-28 17:26:51,265 - INFO - Baþarýlý cevap: 200
2026-07-28 17:26:51,271 - INFO - POST isteði gönderiliyor: https://api.stripe.com/v1/customers
2026-07-28 17:26:51,957 - INFO - Baþarýlý cevap: 200
2026-07-28 17:26:51,968 - INFO - POST isteði gönderiliyor: https://api.stripe.com/v1/customers
2026-07-28 17:26:52,609 - INFO - Baþarýlý cevap: 200
2026-07-28 17:26:52,618 - INFO - POST isteði gönderiliyor: https://api.stripe.com/v1/customers
2026-07-28 17:26:56,371 - ERROR - HTTP hatasý: 500 Server Error: Internal Server Error for url: https://api.stripe.com/v1/customers
2026-07-28 17:26:56,373 - INFO - POST isteði gönderiliyor: https://api.stripe.com/v1/customers
2026-07-28 17:26:57,068 - INFO - Baþarýlý cevap: 200
2026-07-28 17:26:57,078 - INFO - POST isteði gönderiliyor: https://api.stripe.com/v1/customers
2026-07-28 17:26:57,832 - INFO - Baþarýlý cevap: 200
2026-07-28 17:26:57,837 - INFO - POST isteði gönderiliyor: https://api.stripe.com/v1/customers
2026-07-28 17:26:58,500 - INFO - Baþarýlý cevap: 200
2026-07-28 17:26:58,506 - INFO - POST isteði gönderiliyor: https://api.stripe.com/v1/customers
2026-07-28 17:26:59,203 - INFO - Baþarýlý cevap: 200
2026-07-28 17:26:59,216 - INFO - POST isteði gönderiliyor: https://api.stripe.com/v1/customers
2026-07-28 17:26:59,825 - INFO - Baþarýlý cevap: 200
2026-07-28 17:26:59,830 - INFO - POST isteði gönderiliyor: https://api.stripe.com/v1/customers
2026-07-28 17:27:00,457 - INFO - Baþarýlý cevap: 200
2026-07-28 17:27:00,465 - INFO - POST isteði gönderiliyor: https://api.stripe.com/v1/customers
2026-07-28 17:27:01,101 - INFO - Baþarýlý cevap: 200
2026-07-28 17:27:01,108 - INFO - POST isteði gönderiliyor: https://api.stripe.com/v1/customers
2026-07-28 17:27:01,798 - INFO - Baþarýlý cevap: 200
2026-07-28 17:27:01,804 - INFO - POST isteði gönderiliyor: https://api.stripe.com/v1/customers
2026-07-28 17:27:02,444 - INFO - Baþarýlý cevap: 200
2026-07-28 17:27:02,450 - INFO - POST isteði gönderiliyor: https://api.stripe.com/v1/customers
2026-07-28 17:27:03,046 - INFO - Baþarýlý cevap: 200
2026-07-28 17:27:03,053 - INFO - POST isteði gönderiliyor: https://api.stripe.com/v1/customers
2026-07-28 17:27:03,712 - INFO - Baþarýlý cevap: 200
2026-07-28 17:27:03,717 - INFO - POST isteði gönderiliyor: https://api.stripe.com/v1/customers
2026-07-28 17:27:04,419 - INFO - Baþarýlý cevap: 200
2026-07-28 17:27:04,425 - INFO - POST isteði gönderiliyor: https://api.stripe.com/v1/customers
2026-07-28 17:27:05,012 - INFO - Baþarýlý cevap: 200
2026-07-28 17:27:05,018 - INFO - POST isteði gönderiliyor: https://api.stripe.com/v1/customers
2026-07-28 17:27:05,699 - INFO - Baþarýlý cevap: 200
2026-07-28 17:27:05,705 - INFO - POST isteði gönderiliyor: https://api.stripe.com/v1/customers
2026-07-28 17:27:06,313 - INFO - Baþarýlý cevap: 200
2026-07-28 17:27:06,320 - INFO - POST isteði gönderiliyor: https://api.stripe.com/v1/customers
2026-07-28 17:27:06,934 - INFO - Baþarýlý cevap: 200
2026-07-28 17:27:06,940 - INFO - POST isteði gönderiliyor: https://api.stripe.com/v1/customers
2026-07-28 17:27:07,608 - INFO - Baþarýlý cevap: 200
2026-07-28 17:28:18,649 - INFO - DELETE isteði gönderiliyor: https://api.stripe.com/v1/customers/cus_Uy8EreYr1WAkKi
2026-07-28 17:28:18,649 - INFO - DELETE isteði gönderiliyor: https://api.stripe.com/v1/customers/cus_Uy8Etf3GgMEyMT
2026-07-28 17:28:18,650 - INFO - DELETE isteði gönderiliyor: https://api.stripe.com/v1/customers/cus_Uy8EAXgCgC5pBT
2026-07-28 17:28:18,651 - INFO - DELETE isteði gönderiliyor: https://api.stripe.com/v1/customers/cus_Uy8Eq38zmz1NGW
2026-07-28 17:28:18,651 - INFO - DELETE isteði gönderiliyor: https://api.stripe.com/v1/customers/cus_Uy8E4OTQ0RTFDn
2026-07-28 17:28:18,653 - INFO - DELETE isteði gönderiliyor: https://api.stripe.com/v1/customers/cus_Uy8EVdZa0Bdb9S
2026-07-28 17:28:18,654 - INFO - DELETE isteði gönderiliyor: https://api.stripe.com/v1/customers/cus_Uy8E5L0rS4Lmge
2026-07-28 17:28:18,655 - INFO - DELETE isteði gönderiliyor: https://api.stripe.com/v1/customers/cus_Uy8E3IfHhQmrtx
2026-07-28 17:28:18,658 - INFO - DELETE isteði gönderiliyor: https://api.stripe.com/v1/customers/cus_Uy8EDyzt7tNJML
2026-07-28 17:28:18,660 - INFO - DELETE isteði gönderiliyor: https://api.stripe.com/v1/customers/cus_Uy8EzLa1N6d4g2
2026-07-28 17:28:19,443 - INFO - Baþarýlý cevap: 200
2026-07-28 17:28:19,445 - INFO - Baþarýlý cevap: 200
2026-07-28 17:28:19,453 - INFO - Baþarýlý cevap: 200
2026-07-28 17:28:19,455 - INFO - DELETE isteði gönderiliyor: https://api.stripe.com/v1/customers/cus_Uy8EgoArmZmLrK
2026-07-28 17:28:19,457 - INFO - DELETE isteði gönderiliyor: https://api.stripe.com/v1/customers/cus_Uy8EAOrq7IoX1O
2026-07-28 17:28:19,462 - INFO - DELETE isteði gönderiliyor: https://api.stripe.com/v1/customers/cus_Uy8ET2sy4JRmo0
2026-07-28 17:28:19,464 - INFO - Baþarýlý cevap: 200
2026-07-28 17:28:19,472 - INFO - DELETE isteði gönderiliyor: https://api.stripe.com/v1/customers/cus_Uy8EqEpCKi3ETT
2026-07-28 17:28:19,521 - INFO - Baþarýlý cevap: 200
2026-07-28 17:28:19,530 - INFO - Baþarýlý cevap: 200
2026-07-28 17:28:19,531 - INFO - DELETE isteði gönderiliyor: https://api.stripe.com/v1/customers/cus_Uy8ElMFQv4nI8N
2026-07-28 17:28:19,536 - INFO - Baþarýlý cevap: 200
2026-07-28 17:28:19,538 - INFO - DELETE isteði gönderiliyor: https://api.stripe.com/v1/customers/cus_Uy8EpXMIOr7A05
2026-07-28 17:28:19,541 - INFO - Baþarýlý cevap: 200
2026-07-28 17:28:19,547 - INFO - DELETE isteði gönderiliyor: https://api.stripe.com/v1/customers/cus_Uy8ExsoBTfEkma
2026-07-28 17:28:19,548 - INFO - DELETE isteði gönderiliyor: https://api.stripe.com/v1/customers/cus_Uy8Ej9ZOYour6w
2026-07-28 17:28:19,558 - INFO - Baþarýlý cevap: 200
2026-07-28 17:28:19,562 - INFO - Baþarýlý cevap: 200
2026-07-28 17:28:19,564 - INFO - DELETE isteði gönderiliyor: https://api.stripe.com/v1/customers/cus_Uy8E8YcVPcGPtL
2026-07-28 17:28:19,567 - INFO - DELETE isteði gönderiliyor: https://api.stripe.com/v1/customers/cus_Uy8ESEwlRjjGLX
2026-07-28 17:28:20,142 - INFO - Baþarýlý cevap: 200
2026-07-28 17:28:20,145 - INFO - Baþarýlý cevap: 200
2026-07-28 17:28:20,148 - INFO - DELETE isteði gönderiliyor: https://api.stripe.com/v1/customers/cus_Uy8EWBID8YCIq4
2026-07-28 17:28:20,151 - INFO - DELETE isteði gönderiliyor: https://api.stripe.com/v1/customers/cus_Uy8EcNpUADiXUG
2026-07-28 17:28:20,202 - INFO - Baþarýlý cevap: 200
2026-07-28 17:28:20,203 - INFO - Baþarýlý cevap: 200
2026-07-28 17:28:20,209 - INFO - Baþarýlý cevap: 200
2026-07-28 17:28:20,211 - INFO - DELETE isteði gönderiliyor: https://api.stripe.com/v1/customers/cus_Uy8ENANVPEBC24
2026-07-28 17:28:20,211 - INFO - DELETE isteði gönderiliyor: https://api.stripe.com/v1/customers/cus_Uy8EW00ADB2Tk7
2026-07-28 17:28:20,215 - INFO - DELETE isteði gönderiliyor: https://api.stripe.com/v1/customers/cus_Uy8EeG17hFYR3Q
2026-07-28 17:28:20,216 - INFO - Baþarýlý cevap: 200
2026-07-28 17:28:20,221 - INFO - DELETE isteði gönderiliyor: https://api.stripe.com/v1/customers/cus_Uy8EYVCXHSDSSa
2026-07-28 17:28:20,225 - INFO - Baþarýlý cevap: 200
2026-07-28 17:28:20,229 - INFO - Baþarýlý cevap: 200
2026-07-28 17:28:20,231 - INFO - DELETE isteði gönderiliyor: https://api.stripe.com/v1/customers/cus_Uy8E8IVuMGlPv8
2026-07-28 17:28:20,235 - INFO - DELETE isteði gönderiliyor: https://api.stripe.com/v1/customers/cus_Uy8EWLz0Krbtw2
2026-07-28 17:28:20,258 - INFO - Baþarýlý cevap: 200
2026-07-28 17:28:20,265 - INFO - DELETE isteði gönderiliyor: https://api.stripe.com/v1/customers/cus_Uy8EWcZx0b16EN
2026-07-28 17:28:20,334 - INFO - Baþarýlý cevap: 200
2026-07-28 17:28:20,826 - INFO - Baþarýlý cevap: 200
2026-07-28 17:28:20,897 - INFO - Baþarýlý cevap: 200
2026-07-28 17:28:20,912 - INFO - Baþarýlý cevap: 200
2026-07-28 17:28:20,944 - INFO - Baþarýlý cevap: 200
2026-07-28 17:28:20,944 - INFO - Baþarýlý cevap: 200
2026-07-28 17:28:21,006 - INFO - Baþarýlý cevap: 200
2026-07-28 17:28:21,027 - INFO - Baþarýlý cevap: 200
2026-07-28 17:28:21,079 - INFO - Baþarýlý cevap: 200
2026-07-28 17:28:21,136 - INFO - Baþarýlý cevap: 200
2026-07-28 17:28:55,529 - INFO - POST isteði gönderiliyor: https://api.stripe.com/v1/customers
2026-07-28 17:28:55,530 - INFO - POST isteði gönderiliyor: https://api.stripe.com/v1/customers
2026-07-28 17:28:55,531 - INFO - POST isteði gönderiliyor: https://api.stripe.com/v1/customers
2026-07-28 17:28:55,532 - INFO - POST isteði gönderiliyor: https://api.stripe.com/v1/customers
2026-07-28 17:28:55,533 - INFO - POST isteði gönderiliyor: https://api.stripe.com/v1/customers
2026-07-28 17:28:55,534 - INFO - POST isteði gönderiliyor: https://api.stripe.com/v1/customers
2026-07-28 17:28:55,535 - INFO - POST isteði gönderiliyor: https://api.stripe.com/v1/customers
2026-07-28 17:28:55,537 - INFO - POST isteði gönderiliyor: https://api.stripe.com/v1/customers
2026-07-28 17:28:55,538 - INFO - POST isteði gönderiliyor: https://api.stripe.com/v1/customers
2026-07-28 17:28:55,541 - INFO - POST isteði gönderiliyor: https://api.stripe.com/v1/customers
2026-07-28 17:28:56,337 - INFO - Baþarýlý cevap: 200
2026-07-28 17:28:56,339 - INFO - Baþarýlý cevap: 200
2026-07-28 17:28:56,350 - INFO - POST isteði gönderiliyor: https://api.stripe.com/v1/customers
2026-07-28 17:28:56,352 - INFO - POST isteði gönderiliyor: https://api.stripe.com/v1/customers
2026-07-28 17:28:56,380 - INFO - Baþarýlý cevap: 200
2026-07-28 17:28:56,381 - INFO - Baþarýlý cevap: 200
2026-07-28 17:28:56,382 - INFO - Baþarýlý cevap: 200
2026-07-28 17:28:56,382 - INFO - Baþarýlý cevap: 200
2026-07-28 17:28:56,386 - INFO - POST isteði gönderiliyor: https://api.stripe.com/v1/customers
2026-07-28 17:28:56,391 - INFO - POST isteði gönderiliyor: https://api.stripe.com/v1/customers
2026-07-28 17:28:56,392 - INFO - POST isteði gönderiliyor: https://api.stripe.com/v1/customers
2026-07-28 17:28:56,394 - INFO - POST isteði gönderiliyor: https://api.stripe.com/v1/customers
2026-07-28 17:28:56,397 - INFO - Baþarýlý cevap: 200
2026-07-28 17:28:56,405 - INFO - POST isteði gönderiliyor: https://api.stripe.com/v1/customers
2026-07-28 17:28:56,414 - INFO - Baþarýlý cevap: 200
2026-07-28 17:28:56,420 - INFO - POST isteði gönderiliyor: https://api.stripe.com/v1/customers
2026-07-28 17:28:56,429 - INFO - Baþarýlý cevap: 200
2026-07-28 17:28:56,429 - INFO - Baþarýlý cevap: 200
2026-07-28 17:28:56,435 - INFO - POST isteði gönderiliyor: https://api.stripe.com/v1/customers
2026-07-28 17:28:56,437 - INFO - POST isteði gönderiliyor: https://api.stripe.com/v1/customers
2026-07-28 17:28:56,905 - INFO - Baþarýlý cevap: 200
2026-07-28 17:28:56,911 - INFO - POST isteði gönderiliyor: https://api.stripe.com/v1/customers
2026-07-28 17:28:56,981 - INFO - Baþarýlý cevap: 200
2026-07-28 17:28:56,990 - INFO - POST isteði gönderiliyor: https://api.stripe.com/v1/customers
2026-07-28 17:28:57,008 - INFO - Baþarýlý cevap: 200
2026-07-28 17:28:57,014 - INFO - Baþarýlý cevap: 200
2026-07-28 17:28:57,016 - INFO - POST isteði gönderiliyor: https://api.stripe.com/v1/customers
2026-07-28 17:28:57,020 - INFO - Baþarýlý cevap: 200
2026-07-28 17:28:57,022 - INFO - POST isteði gönderiliyor: https://api.stripe.com/v1/customers
2026-07-28 17:28:57,027 - INFO - POST isteði gönderiliyor: https://api.stripe.com/v1/customers
2026-07-28 17:28:57,050 - INFO - Baþarýlý cevap: 200
2026-07-28 17:28:57,057 - INFO - POST isteði gönderiliyor: https://api.stripe.com/v1/customers
2026-07-28 17:28:57,097 - INFO - Baþarýlý cevap: 200
2026-07-28 17:28:57,098 - INFO - Baþarýlý cevap: 200
2026-07-28 17:28:57,103 - INFO - Baþarýlý cevap: 200
2026-07-28 17:28:57,107 - INFO - POST isteði gönderiliyor: https://api.stripe.com/v1/customers
2026-07-28 17:28:57,108 - INFO - POST isteði gönderiliyor: https://api.stripe.com/v1/customers
2026-07-28 17:28:57,111 - INFO - Baþarýlý cevap: 200
2026-07-28 17:28:57,112 - INFO - POST isteði gönderiliyor: https://api.stripe.com/v1/customers
2026-07-28 17:28:57,115 - INFO - POST isteði gönderiliyor: https://api.stripe.com/v1/customers
2026-07-28 17:28:57,592 - INFO - Baþarýlý cevap: 200
2026-07-28 17:28:57,607 - INFO - Baþarýlý cevap: 200
2026-07-28 17:28:57,695 - INFO - Baþarýlý cevap: 200
2026-07-28 17:28:57,704 - INFO - Baþarýlý cevap: 200
2026-07-28 17:28:57,706 - INFO - Baþarýlý cevap: 200
2026-07-28 17:28:57,708 - INFO - Baþarýlý cevap: 200
2026-07-28 17:28:57,714 - INFO - Baþarýlý cevap: 200
2026-07-28 17:28:57,731 - INFO - Baþarýlý cevap: 200
2026-07-28 17:28:57,742 - INFO - Baþarýlý cevap: 200
2026-07-28 17:28:58,022 - INFO - Baþarýlý cevap: 200
2026-07-28 17:29:56,141 - INFO - DELETE isteði gönderiliyor: https://api.stripe.com/v1/customers/cus_Uy8GAtkHXIpznL
2026-07-28 17:29:56,141 - INFO - DELETE isteði gönderiliyor: https://api.stripe.com/v1/customers/cus_Uy8GH3KLTpkCR5
2026-07-28 17:29:56,142 - INFO - DELETE isteði gönderiliyor: https://api.stripe.com/v1/customers/cus_Uy8G0Z3DQpxw1Z
2026-07-28 17:29:56,142 - INFO - DELETE isteði gönderiliyor: https://api.stripe.com/v1/customers/cus_Uy8GlnzWkM2Kev
2026-07-28 17:29:56,144 - INFO - DELETE isteði gönderiliyor: https://api.stripe.com/v1/customers/cus_Uy8G0R3a3fECmY
2026-07-28 17:29:56,145 - INFO - DELETE isteði gönderiliyor: https://api.stripe.com/v1/customers/cus_Uy8GwEXNJUtVk4
2026-07-28 17:29:56,146 - INFO - DELETE isteði gönderiliyor: https://api.stripe.com/v1/customers/cus_Uy8G7LaPzc54uF
2026-07-28 17:29:56,146 - INFO - DELETE isteði gönderiliyor: https://api.stripe.com/v1/customers/cus_Uy8GJcQKuIPbtO
2026-07-28 17:29:56,148 - INFO - DELETE isteði gönderiliyor: https://api.stripe.com/v1/customers/cus_Uy8GYzYUFxaejb
2026-07-28 17:29:56,149 - INFO - DELETE isteði gönderiliyor: https://api.stripe.com/v1/customers/cus_Uy8G7wqzeaPeOg
2026-07-28 17:29:56,923 - INFO - Baþarýlý cevap: 200
2026-07-28 17:29:56,930 - INFO - DELETE isteði gönderiliyor: https://api.stripe.com/v1/customers/cus_Uy8GawxnGszgHM
2026-07-28 17:29:56,967 - INFO - Baþarýlý cevap: 200
2026-07-28 17:29:56,974 - INFO - DELETE isteði gönderiliyor: https://api.stripe.com/v1/customers/cus_Uy8GC4YXsJOrNh
2026-07-28 17:29:56,988 - INFO - Baþarýlý cevap: 200
2026-07-28 17:29:56,994 - INFO - DELETE isteði gönderiliyor: https://api.stripe.com/v1/customers/cus_Uy8G924ikZyaRB
2026-07-28 17:29:57,030 - INFO - Baþarýlý cevap: 200
2026-07-28 17:29:57,031 - INFO - Baþarýlý cevap: 200
2026-07-28 17:29:57,036 - INFO - DELETE isteði gönderiliyor: https://api.stripe.com/v1/customers/cus_Uy8GaLeLZAFYCS
2026-07-28 17:29:57,040 - INFO - DELETE isteði gönderiliyor: https://api.stripe.com/v1/customers/cus_Uy8GxoymIZwfGg
2026-07-28 17:29:57,080 - INFO - Baþarýlý cevap: 200
2026-07-28 17:29:57,085 - INFO - DELETE isteði gönderiliyor: https://api.stripe.com/v1/customers/cus_Uy8Gxy92tB7J9d
2026-07-28 17:29:57,101 - INFO - Baþarýlý cevap: 200
2026-07-28 17:29:57,107 - INFO - DELETE isteði gönderiliyor: https://api.stripe.com/v1/customers/cus_Uy8Ghs4mVt6n9m
2026-07-28 17:29:57,128 - INFO - Baþarýlý cevap: 200
2026-07-28 17:29:57,128 - INFO - Baþarýlý cevap: 200
2026-07-28 17:29:57,133 - INFO - DELETE isteði gönderiliyor: https://api.stripe.com/v1/customers/cus_Uy8GYEWcouNIcy
2026-07-28 17:29:57,135 - INFO - DELETE isteði gönderiliyor: https://api.stripe.com/v1/customers/cus_Uy8GAZ5kmTqLQI
2026-07-28 17:29:57,156 - INFO - Baþarýlý cevap: 200
2026-07-28 17:29:57,162 - INFO - DELETE isteði gönderiliyor: https://api.stripe.com/v1/customers/cus_Uy8GKqCphTa72o
2026-07-28 17:29:57,721 - INFO - Baþarýlý cevap: 200
2026-07-28 17:29:57,734 - INFO - DELETE isteði gönderiliyor: https://api.stripe.com/v1/customers/cus_Uy8GXeEL1hqJfS
2026-07-28 17:29:57,757 - INFO - Baþarýlý cevap: 200
2026-07-28 17:29:57,764 - INFO - DELETE isteði gönderiliyor: https://api.stripe.com/v1/customers/cus_Uy8GxyQXOcKZYp
2026-07-28 17:29:57,775 - INFO - Baþarýlý cevap: 200
2026-07-28 17:29:57,776 - INFO - Baþarýlý cevap: 200
2026-07-28 17:29:57,776 - INFO - Baþarýlý cevap: 200
2026-07-28 17:29:57,781 - INFO - DELETE isteði gönderiliyor: https://api.stripe.com/v1/customers/cus_Uy8GkEbTc0GCIi
2026-07-28 17:29:57,784 - INFO - DELETE isteði gönderiliyor: https://api.stripe.com/v1/customers/cus_Uy8GRYk58ChlH3
2026-07-28 17:29:57,784 - INFO - DELETE isteði gönderiliyor: https://api.stripe.com/v1/customers/cus_Uy8GOqYp3hDRGC
2026-07-28 17:29:57,807 - INFO - Baþarýlý cevap: 200
2026-07-28 17:29:57,813 - INFO - DELETE isteði gönderiliyor: https://api.stripe.com/v1/customers/cus_Uy8Ge8bC9Eupdu
2026-07-28 17:29:57,912 - INFO - Baþarýlý cevap: 200
2026-07-28 17:29:57,918 - INFO - DELETE isteði gönderiliyor: https://api.stripe.com/v1/customers/cus_Uy8GUUhfzTfoPS
2026-07-28 17:29:57,943 - INFO - Baþarýlý cevap: 200
2026-07-28 17:29:57,949 - INFO - DELETE isteði gönderiliyor: https://api.stripe.com/v1/customers/cus_Uy8GT3irgO0XhQ
2026-07-28 17:29:58,419 - INFO - Baþarýlý cevap: 200
2026-07-28 17:29:58,431 - INFO - DELETE isteði gönderiliyor: https://api.stripe.com/v1/customers/cus_Uy8G0sQkTVopEp
2026-07-28 17:29:58,447 - INFO - Baþarýlý cevap: 200
2026-07-28 17:29:58,454 - INFO - DELETE isteði gönderiliyor: https://api.stripe.com/v1/customers/cus_Uy8GPC990NIJiN
2026-07-28 17:29:58,509 - INFO - Baþarýlý cevap: 200
2026-07-28 17:29:58,528 - INFO - Baþarýlý cevap: 200
2026-07-28 17:29:58,529 - INFO - Baþarýlý cevap: 200
2026-07-28 17:29:58,600 - INFO - Baþarýlý cevap: 200
2026-07-28 17:29:58,617 - INFO - Baþarýlý cevap: 200
2026-07-28 17:29:58,670 - INFO - Baþarýlý cevap: 200
2026-07-28 17:29:58,688 - INFO - Baþarýlý cevap: 200
2026-07-28 17:29:58,835 - INFO - Baþarýlý cevap: 200
2026-07-28 17:29:59,143 - INFO - Baþarýlý cevap: 200
2026-07-28 17:29:59,276 - INFO - Baþarýlý cevap: 200
2026-07-28 17:59:52,044 - INFO - POST isteði gönderiliyor: https://api.stripe.com/v1/customers
2026-07-28 17:59:52,045 - INFO - POST isteði gönderiliyor: https://api.stripe.com/v1/customers
2026-07-28 17:59:52,046 - INFO - POST isteði gönderiliyor: https://api.stripe.com/v1/customers
2026-07-28 17:59:52,046 - INFO - POST isteði gönderiliyor: https://api.stripe.com/v1/customers
2026-07-28 17:59:52,047 - INFO - POST isteði gönderiliyor: https://api.stripe.com/v1/customers
2026-07-28 17:59:52,047 - INFO - POST isteði gönderiliyor: https://api.stripe.com/v1/customers
2026-07-28 17:59:52,048 - INFO - POST isteði gönderiliyor: https://api.stripe.com/v1/customers
2026-07-28 17:59:52,048 - INFO - POST isteði gönderiliyor: https://api.stripe.com/v1/customers
2026-07-28 17:59:52,049 - INFO - POST isteði gönderiliyor: https://api.stripe.com/v1/customers
2026-07-28 17:59:52,050 - INFO - POST isteði gönderiliyor: https://api.stripe.com/v1/customers
2026-07-28 17:59:52,758 - INFO - Baþarýlý cevap: 200
2026-07-28 17:59:52,759 - INFO - Baþarýlý cevap: 200
2026-07-28 17:59:52,780 - INFO - POST isteði gönderiliyor: https://api.stripe.com/v1/customers
2026-07-28 17:59:52,780 - INFO - POST isteði gönderiliyor: https://api.stripe.com/v1/customers
2026-07-28 17:59:52,786 - INFO - Baþarýlý cevap: 200
2026-07-28 17:59:52,787 - INFO - Baþarýlý cevap: 200
2026-07-28 17:59:52,788 - INFO - Baþarýlý cevap: 200
2026-07-28 17:59:52,794 - INFO - Baþarýlý cevap: 200
2026-07-28 17:59:52,796 - INFO - POST isteði gönderiliyor: https://api.stripe.com/v1/customers
2026-07-28 17:59:52,797 - INFO - POST isteði gönderiliyor: https://api.stripe.com/v1/customers
2026-07-28 17:59:52,799 - INFO - Baþarýlý cevap: 200
2026-07-28 17:59:52,800 - INFO - Baþarýlý cevap: 200
2026-07-28 17:59:52,801 - INFO - POST isteði gönderiliyor: https://api.stripe.com/v1/customers
2026-07-28 17:59:52,807 - INFO - POST isteði gönderiliyor: https://api.stripe.com/v1/customers
2026-07-28 17:59:52,813 - INFO - POST isteði gönderiliyor: https://api.stripe.com/v1/customers
2026-07-28 17:59:52,813 - INFO - POST isteði gönderiliyor: https://api.stripe.com/v1/customers
2026-07-28 17:59:52,831 - INFO - Baþarýlý cevap: 200
2026-07-28 17:59:52,837 - INFO - POST isteði gönderiliyor: https://api.stripe.com/v1/customers
2026-07-28 17:59:53,183 - INFO - Baþarýlý cevap: 200
2026-07-28 17:59:53,191 - INFO - POST isteði gönderiliyor: https://api.stripe.com/v1/customers
2026-07-28 17:59:53,431 - INFO - Baþarýlý cevap: 200
2026-07-28 17:59:53,433 - INFO - Baþarýlý cevap: 200
2026-07-28 17:59:53,434 - INFO - Baþarýlý cevap: 200
2026-07-28 17:59:53,435 - INFO - Baþarýlý cevap: 200
2026-07-28 17:59:53,437 - INFO - Baþarýlý cevap: 200
2026-07-28 17:59:53,438 - INFO - Baþarýlý cevap: 200
2026-07-28 17:59:53,439 - INFO - Baþarýlý cevap: 200
2026-07-28 17:59:53,450 - INFO - Baþarýlý cevap: 200
2026-07-28 17:59:53,450 - INFO - POST isteði gönderiliyor: https://api.stripe.com/v1/customers
2026-07-28 17:59:53,452 - INFO - POST isteði gönderiliyor: https://api.stripe.com/v1/customers
2026-07-28 17:59:53,456 - INFO - POST isteði gönderiliyor: https://api.stripe.com/v1/customers
2026-07-28 17:59:53,459 - INFO - POST isteði gönderiliyor: https://api.stripe.com/v1/customers
2026-07-28 17:59:53,461 - INFO - POST isteði gönderiliyor: https://api.stripe.com/v1/customers
2026-07-28 17:59:53,464 - INFO - POST isteði gönderiliyor: https://api.stripe.com/v1/customers
2026-07-28 17:59:53,466 - INFO - POST isteði gönderiliyor: https://api.stripe.com/v1/customers
2026-07-28 17:59:53,466 - INFO - POST isteði gönderiliyor: https://api.stripe.com/v1/customers
2026-07-28 17:59:53,799 - INFO - Baþarýlý cevap: 200
2026-07-28 17:59:53,806 - INFO - POST isteði gönderiliyor: https://api.stripe.com/v1/customers
2026-07-28 17:59:53,922 - INFO - Baþarýlý cevap: 200
2026-07-28 17:59:53,930 - INFO - POST isteði gönderiliyor: https://api.stripe.com/v1/customers
2026-07-28 17:59:54,127 - INFO - Baþarýlý cevap: 200
2026-07-28 17:59:54,140 - INFO - Baþarýlý cevap: 200
2026-07-28 17:59:54,141 - INFO - Baþarýlý cevap: 200
2026-07-28 17:59:54,142 - INFO - Baþarýlý cevap: 200
2026-07-28 17:59:54,142 - INFO - Baþarýlý cevap: 200
2026-07-28 17:59:54,143 - INFO - Baþarýlý cevap: 200
2026-07-28 17:59:54,159 - INFO - Baþarýlý cevap: 200
2026-07-28 17:59:54,487 - INFO - Baþarýlý cevap: 200
2026-07-28 17:59:54,650 - INFO - Baþarýlý cevap: 200
2026-07-28 17:59:54,797 - INFO - Baþarýlý cevap: 200
2026-07-28 18:00:03,523 - INFO - DELETE isteði gönderiliyor: https://api.stripe.com/v1/customers/cus_Uy8ldYBDJOEl5g
2026-07-28 18:00:03,523 - INFO - DELETE isteði gönderiliyor: https://api.stripe.com/v1/customers/cus_Uy8l1lia5dWaTM
2026-07-28 18:00:03,523 - INFO - DELETE isteði gönderiliyor: https://api.stripe.com/v1/customers/cus_Uy8l3PxeVPVQe8
2026-07-28 18:00:03,523 - INFO - DELETE isteði gönderiliyor: https://api.stripe.com/v1/customers/cus_Uy8lRMzCpEjZj9
2026-07-28 18:00:03,525 - INFO - DELETE isteði gönderiliyor: https://api.stripe.com/v1/customers/cus_Uy8l0cRtGVdisU
2026-07-28 18:00:03,526 - INFO - DELETE isteði gönderiliyor: https://api.stripe.com/v1/customers/cus_Uy8lJ8vh0fA3tL
2026-07-28 18:00:03,526 - INFO - DELETE isteði gönderiliyor: https://api.stripe.com/v1/customers/cus_Uy8lKAHycivS7Y
2026-07-28 18:00:03,527 - INFO - DELETE isteði gönderiliyor: https://api.stripe.com/v1/customers/cus_Uy8lmKxzB8Ms8W
2026-07-28 18:00:03,527 - INFO - DELETE isteði gönderiliyor: https://api.stripe.com/v1/customers/cus_Uy8lQqBM6Y6SjS
2026-07-28 18:00:03,530 - INFO - DELETE isteði gönderiliyor: https://api.stripe.com/v1/customers/cus_Uy8lBodLm4ypQR
2026-07-28 18:00:04,219 - INFO - Baþarýlý cevap: 200
2026-07-28 18:00:04,228 - INFO - DELETE isteði gönderiliyor: https://api.stripe.com/v1/customers/cus_Uy8luplni4XXzf
2026-07-28 18:00:04,241 - INFO - Baþarýlý cevap: 200
2026-07-28 18:00:04,247 - INFO - DELETE isteði gönderiliyor: https://api.stripe.com/v1/customers/cus_Uy8lk2Mt0dJ6yh
2026-07-28 18:00:04,260 - INFO - Baþarýlý cevap: 200
2026-07-28 18:00:04,261 - INFO - Baþarýlý cevap: 200
2026-07-28 18:00:04,261 - INFO - Baþarýlý cevap: 200
2026-07-28 18:00:04,267 - INFO - DELETE isteði gönderiliyor: https://api.stripe.com/v1/customers/cus_Uy8l55l3Wzsm3U
2026-07-28 18:00:04,273 - INFO - DELETE isteði gönderiliyor: https://api.stripe.com/v1/customers/cus_Uy8lg8XkWjP4FD
2026-07-28 18:00:04,274 - INFO - DELETE isteði gönderiliyor: https://api.stripe.com/v1/customers/cus_Uy8lqsMNqio87b
2026-07-28 18:00:04,275 - INFO - Baþarýlý cevap: 200
2026-07-28 18:00:04,285 - INFO - DELETE isteði gönderiliyor: https://api.stripe.com/v1/customers/cus_Uy8lCo6WkT1zAC
2026-07-28 18:00:04,364 - INFO - Baþarýlý cevap: 200
2026-07-28 18:00:04,365 - INFO - Baþarýlý cevap: 200
2026-07-28 18:00:04,372 - INFO - DELETE isteði gönderiliyor: https://api.stripe.com/v1/customers/cus_Uy8lIcODs6Jfr0
2026-07-28 18:00:04,373 - INFO - DELETE isteði gönderiliyor: https://api.stripe.com/v1/customers/cus_Uy8lCgYBIr3iqu
2026-07-28 18:00:04,412 - INFO - Baþarýlý cevap: 200
2026-07-28 18:00:04,417 - INFO - DELETE isteði gönderiliyor: https://api.stripe.com/v1/customers/cus_Uy8l5O9Lc3x1qJ
2026-07-28 18:00:04,490 - INFO - Baþarýlý cevap: 200
2026-07-28 18:00:04,496 - INFO - DELETE isteði gönderiliyor: https://api.stripe.com/v1/customers/cus_Uy8lP9WORvtf3v
2026-07-28 18:00:04,994 - INFO - Baþarýlý cevap: 200
2026-07-28 18:00:05,002 - INFO - DELETE isteði gönderiliyor: https://api.stripe.com/v1/customers/cus_Uy8lvAfYpXlSVj
2026-07-28 18:00:05,013 - INFO - Baþarýlý cevap: 200
2026-07-28 18:00:05,016 - INFO - Baþarýlý cevap: 200
2026-07-28 18:00:05,021 - INFO - DELETE isteði gönderiliyor: https://api.stripe.com/v1/customers/cus_Uy8ld4VpAyrilB
2026-07-28 18:00:05,022 - INFO - Baþarýlý cevap: 200
2026-07-28 18:00:05,023 - INFO - DELETE isteði gönderiliyor: https://api.stripe.com/v1/customers/cus_Uy8lPALdGCgBQL
2026-07-28 18:00:05,027 - INFO - Baþarýlý cevap: 200
2026-07-28 18:00:05,028 - INFO - DELETE isteði gönderiliyor: https://api.stripe.com/v1/customers/cus_Uy8l54s3WDGXFq
2026-07-28 18:00:05,034 - INFO - DELETE isteði gönderiliyor: https://api.stripe.com/v1/customers/cus_Uy8llORzznvdJO
2026-07-28 18:00:05,057 - INFO - Baþarýlý cevap: 200
2026-07-28 18:00:05,060 - INFO - DELETE isteði gönderiliyor: https://api.stripe.com/v1/customers/cus_Uy8lHinXZUCIWq
2026-07-28 18:00:05,089 - INFO - Baþarýlý cevap: 200
2026-07-28 18:00:05,096 - INFO - DELETE isteði gönderiliyor: https://api.stripe.com/v1/customers/cus_Uy8l0Q0CM19WLO
2026-07-28 18:00:05,175 - INFO - Baþarýlý cevap: 200
2026-07-28 18:00:05,183 - INFO - DELETE isteði gönderiliyor: https://api.stripe.com/v1/customers/cus_Uy8lmI1d4UtvFI
2026-07-28 18:00:05,241 - INFO - Baþarýlý cevap: 200
2026-07-28 18:00:05,245 - INFO - DELETE isteði gönderiliyor: https://api.stripe.com/v1/customers/cus_Uy8llQP6GynOaa
2026-07-28 18:00:05,246 - INFO - Baþarýlý cevap: 200
2026-07-28 18:00:05,253 - INFO - DELETE isteði gönderiliyor: https://api.stripe.com/v1/customers/cus_Uy8lVgNwWoTWDU
2026-07-28 18:00:05,658 - INFO - Baþarýlý cevap: 200
2026-07-28 18:00:05,723 - INFO - Baþarýlý cevap: 200
2026-07-28 18:00:05,756 - INFO - Baþarýlý cevap: 200
2026-07-28 18:00:05,900 - INFO - Baþarýlý cevap: 200
2026-07-28 18:00:05,964 - INFO - Baþarýlý cevap: 200
2026-07-28 18:00:05,993 - INFO - Baþarýlý cevap: 200
2026-07-28 18:00:05,994 - INFO - Baþarýlý cevap: 200
2026-07-28 18:00:06,043 - INFO - Baþarýlý cevap: 200
2026-07-28 18:00:06,065 - INFO - Baþarýlý cevap: 200
2026-07-28 18:00:06,181 - INFO - Baþarýlý cevap: 200
2026-07-28 18:00:41,740 - INFO - POST isteði gönderiliyor: https://api.stripe.com/v1/customers
2026-07-28 18:00:42,604 - INFO - Baþarýlý cevap: 200
2026-07-28 18:00:42,620 - INFO - POST isteði gönderiliyor: https://api.stripe.com/v1/customers
2026-07-28 18:00:43,241 - INFO - Baþarýlý cevap: 200
2026-07-28 18:00:43,250 - INFO - POST isteði gönderiliyor: https://api.stripe.com/v1/customers
2026-07-28 18:00:43,848 - INFO - Baþarýlý cevap: 200
2026-07-28 18:00:43,863 - INFO - POST isteði gönderiliyor: https://api.stripe.com/v1/customers
2026-07-28 18:00:44,492 - INFO - Baþarýlý cevap: 200
2026-07-28 18:00:44,507 - INFO - POST isteði gönderiliyor: https://api.stripe.com/v1/customers
2026-07-28 18:00:45,294 - INFO - Baþarýlý cevap: 200
2026-07-28 18:00:45,301 - INFO - POST isteði gönderiliyor: https://api.stripe.com/v1/customers
2026-07-28 18:00:45,932 - INFO - Baþarýlý cevap: 200
2026-07-28 18:00:45,947 - INFO - POST isteði gönderiliyor: https://api.stripe.com/v1/customers
2026-07-28 18:00:46,611 - INFO - Baþarýlý cevap: 200
2026-07-28 18:00:46,624 - INFO - POST isteði gönderiliyor: https://api.stripe.com/v1/customers
2026-07-28 18:00:47,297 - INFO - Baþarýlý cevap: 200
2026-07-28 18:00:47,311 - INFO - POST isteði gönderiliyor: https://api.stripe.com/v1/customers
2026-07-28 18:00:47,932 - INFO - Baþarýlý cevap: 200
2026-07-28 18:00:47,938 - INFO - POST isteði gönderiliyor: https://api.stripe.com/v1/customers
2026-07-28 18:00:48,594 - INFO - Baþarýlý cevap: 200
2026-07-28 18:00:48,605 - INFO - POST isteði gönderiliyor: https://api.stripe.com/v1/customers
2026-07-28 18:00:49,261 - INFO - Baþarýlý cevap: 200
2026-07-28 18:00:49,274 - INFO - POST isteði gönderiliyor: https://api.stripe.com/v1/customers
2026-07-28 18:00:49,892 - INFO - Baþarýlý cevap: 200
2026-07-28 18:00:49,907 - INFO - POST isteði gönderiliyor: https://api.stripe.com/v1/customers
2026-07-28 18:00:50,556 - INFO - Baþarýlý cevap: 200
2026-07-28 18:00:50,563 - INFO - POST isteði gönderiliyor: https://api.stripe.com/v1/customers
2026-07-28 18:00:51,196 - INFO - Baþarýlý cevap: 200
2026-07-28 18:00:51,208 - INFO - POST isteði gönderiliyor: https://api.stripe.com/v1/customers
2026-07-28 18:00:51,814 - INFO - Baþarýlý cevap: 200
2026-07-28 18:00:51,827 - INFO - POST isteði gönderiliyor: https://api.stripe.com/v1/customers
2026-07-28 18:00:52,512 - INFO - Baþarýlý cevap: 200
2026-07-28 18:00:52,520 - INFO - POST isteði gönderiliyor: https://api.stripe.com/v1/customers
2026-07-28 18:00:53,230 - INFO - Baþarýlý cevap: 200
2026-07-28 18:00:53,242 - INFO - POST isteði gönderiliyor: https://api.stripe.com/v1/customers
2026-07-28 18:00:53,853 - INFO - Baþarýlý cevap: 200
2026-07-28 18:00:53,866 - INFO - POST isteði gönderiliyor: https://api.stripe.com/v1/customers
2026-07-28 18:00:54,504 - INFO - Baþarýlý cevap: 200
2026-07-28 18:00:54,521 - INFO - POST isteði gönderiliyor: https://api.stripe.com/v1/customers
2026-07-28 18:00:55,218 - INFO - Baþarýlý cevap: 200
2026-07-28 18:00:55,227 - INFO - POST isteði gönderiliyor: https://api.stripe.com/v1/customers
2026-07-28 18:00:55,922 - INFO - Baþarýlý cevap: 200
2026-07-28 18:00:55,934 - INFO - POST isteði gönderiliyor: https://api.stripe.com/v1/customers
2026-07-28 18:00:56,570 - INFO - Baþarýlý cevap: 200
2026-07-28 18:00:56,581 - INFO - POST isteði gönderiliyor: https://api.stripe.com/v1/customers
2026-07-28 18:00:57,243 - INFO - Baþarýlý cevap: 200
2026-07-28 18:00:57,256 - INFO - POST isteði gönderiliyor: https://api.stripe.com/v1/customers
2026-07-28 18:00:57,891 - INFO - Baþarýlý cevap: 200
2026-07-28 18:00:57,903 - INFO - POST isteði gönderiliyor: https://api.stripe.com/v1/customers
2026-07-28 18:00:58,530 - INFO - Baþarýlý cevap: 200
2026-07-28 18:00:58,546 - INFO - POST isteði gönderiliyor: https://api.stripe.com/v1/customers
2026-07-28 18:00:59,183 - INFO - Baþarýlý cevap: 200
2026-07-28 18:00:59,196 - INFO - POST isteði gönderiliyor: https://api.stripe.com/v1/customers
2026-07-28 18:00:59,912 - INFO - Baþarýlý cevap: 200
2026-07-28 18:00:59,927 - INFO - POST isteði gönderiliyor: https://api.stripe.com/v1/customers
2026-07-28 18:01:00,579 - INFO - Baþarýlý cevap: 200
2026-07-28 18:01:00,592 - INFO - POST isteði gönderiliyor: https://api.stripe.com/v1/customers
2026-07-28 18:01:01,232 - INFO - Baþarýlý cevap: 200
2026-07-28 18:01:01,243 - INFO - POST isteði gönderiliyor: https://api.stripe.com/v1/customers
2026-07-28 18:01:01,860 - INFO - Baþarýlý cevap: 200
2026-07-29 10:53:12,913 - INFO - GET isteði gönderiliyor: https://api.stripe.com/v1/customers
2026-07-29 10:53:14,573 - INFO - Baþarýlý cevap: 200
2026-07-29 10:53:14,577 - INFO - GET isteði gönderiliyor: https://api.stripe.com/v1/customers
2026-07-29 10:53:16,533 - INFO - Baþarýlý cevap: 200
2026-07-29 10:53:16,543 - INFO - GET isteði gönderiliyor: https://api.stripe.com/v1/customers
2026-07-29 10:53:16,954 - INFO - GET isteði gönderiliyor: https://api.stripe.com/v1/customers
2026-07-29 10:53:17,691 - INFO - Baþarýlý cevap: 200
2026-07-29 10:53:17,696 - INFO - GET isteði gönderiliyor: https://api.stripe.com/v1/customers
2026-07-29 10:53:17,814 - INFO - Baþarýlý cevap: 200
2026-07-29 10:53:17,817 - INFO - GET isteði gönderiliyor: https://api.stripe.com/v1/payment_intents
2026-07-29 10:53:18,381 - INFO - Baþarýlý cevap: 200
2026-07-29 10:53:18,385 - INFO - GET isteði gönderiliyor: https://api.stripe.com/v1/customers
2026-07-29 10:53:19,371 - INFO - Baþarýlý cevap: 200
2026-07-29 10:53:19,376 - INFO - GET isteði gönderiliyor: https://api.stripe.com/v1/payment_intents
2026-07-29 10:53:20,663 - INFO - Baþarýlý cevap: 200
2026-07-29 10:53:20,669 - INFO - GET isteði gönderiliyor: https://api.stripe.com/v1/payment_intents
2026-07-29 10:53:21,467 - INFO - GET isteði gönderiliyor: https://api.stripe.com/v1/customers
2026-07-29 10:53:21,648 - INFO - Baþarýlý cevap: 200
2026-07-29 10:53:21,652 - INFO - GET isteði gönderiliyor: https://api.stripe.com/v1/payment_intents
2026-07-29 10:53:22,224 - INFO - Baþarýlý cevap: 200
2026-07-29 10:53:22,321 - INFO - Baþarýlý cevap: 200
2026-07-29 10:53:22,324 - INFO - GET isteði gönderiliyor: https://api.stripe.com/v1/refunds
2026-07-29 10:53:23,217 - INFO - Baþarýlý cevap: 200
2026-07-29 10:53:23,220 - INFO - GET isteði gönderiliyor: https://api.stripe.com/v1/products
2026-07-29 10:53:23,331 - INFO - Baþarýlý cevap: 200
2026-07-29 10:53:23,334 - INFO - GET isteði gönderiliyor: https://api.stripe.com/v1/refunds
2026-07-29 10:53:23,842 - INFO - Baþarýlý cevap: 200
2026-07-29 10:53:23,844 - INFO - GET isteði gönderiliyor: https://api.stripe.com/v1/products
2026-07-29 10:53:23,942 - INFO - Baþarýlý cevap: 200
2026-07-29 10:53:24,398 - INFO - Baþarýlý cevap: 200
2026-07-29 10:53:37,158 - INFO - GET isteði gönderiliyor: https://api.stripe.com/v1/customers
2026-07-29 10:53:38,276 - INFO - Baþarýlý cevap: 200
2026-07-29 10:55:54,566 - INFO - GET isteði gönderiliyor: https://api.stripe.com/v1/customers
2026-07-29 10:55:56,400 - INFO - Baþarýlý cevap: 200
2026-07-29 10:55:56,408 - INFO - GET isteði gönderiliyor: https://api.stripe.com/v1/customers
2026-07-29 10:55:58,004 - INFO - Baþarýlý cevap: 200
2026-07-29 10:55:58,007 - INFO - GET isteði gönderiliyor: https://api.stripe.com/v1/customers
2026-07-29 10:55:59,247 - INFO - Baþarýlý cevap: 200
2026-07-29 10:55:59,250 - INFO - GET isteði gönderiliyor: https://api.stripe.com/v1/payment_intents
2026-07-29 10:56:00,589 - INFO - GET isteði gönderiliyor: https://api.stripe.com/v1/customers
2026-07-29 10:56:01,261 - INFO - Baþarýlý cevap: 200
2026-07-29 10:56:01,278 - INFO - GET isteði gönderiliyor: https://api.stripe.com/v1/customers
2026-07-29 10:56:01,678 - INFO - Baþarýlý cevap: 200
2026-07-29 10:56:01,682 - INFO - GET isteði gönderiliyor: https://api.stripe.com/v1/payment_intents
2026-07-29 10:56:01,807 - INFO - Baþarýlý cevap: 200
2026-07-29 10:56:03,027 - INFO - Baþarýlý cevap: 200
2026-07-29 10:56:03,031 - INFO - GET isteði gönderiliyor: https://api.stripe.com/v1/refunds
2026-07-29 10:56:03,550 - INFO - Baþarýlý cevap: 200
2026-07-29 10:56:03,552 - INFO - GET isteði gönderiliyor: https://api.stripe.com/v1/products
2026-07-29 10:56:04,141 - INFO - Baþarýlý cevap: 200
2026-07-29 10:56:04,156 - INFO - GET isteði gönderiliyor: https://api.stripe.com/v1/customers
2026-07-29 10:56:05,190 - INFO - Baþarýlý cevap: 200
2026-07-29 10:56:05,194 - INFO - GET isteði gönderiliyor: https://api.stripe.com/v1/customers
2026-07-29 10:56:05,873 - INFO - Baþarýlý cevap: 200
2026-07-29 10:56:05,878 - INFO - GET isteði gönderiliyor: https://api.stripe.com/v1/customers
2026-07-29 10:56:06,623 - INFO - Baþarýlý cevap: 200
2026-07-29 10:56:06,627 - INFO - GET isteði gönderiliyor: https://api.stripe.com/v1/payment_intents
2026-07-29 10:56:08,946 - INFO - Baþarýlý cevap: 200
2026-07-29 10:56:08,951 - INFO - GET isteði gönderiliyor: https://api.stripe.com/v1/payment_intents
2026-07-29 10:56:10,284 - INFO - Baþarýlý cevap: 200
2026-07-29 10:56:10,289 - INFO - GET isteði gönderiliyor: https://api.stripe.com/v1/refunds
2026-07-29 10:56:10,861 - INFO - Baþarýlý cevap: 200
2026-07-29 10:56:10,863 - INFO - GET isteði gönderiliyor: https://api.stripe.com/v1/products
2026-07-29 10:56:11,570 - INFO - Baþarýlý cevap: 200
2026-07-29 11:20:11,566 - INFO - POST isteði gönderiliyor: https://api.stripe.com/v1/customers
2026-07-29 11:20:12,231 - INFO - Baþarýlý cevap: 200
2026-07-29 11:20:12,282 - INFO - POST isteði gönderiliyor: https://api.stripe.com/v1/customers
2026-07-29 11:20:12,952 - INFO - Baþarýlý cevap: 200
2026-07-29 11:20:13,028 - INFO - POST isteði gönderiliyor: https://api.stripe.com/v1/customers
2026-07-29 11:20:13,583 - INFO - Baþarýlý cevap: 200
2026-07-29 11:20:13,959 - INFO - Import Ýþlemi Tamamlandý: customers (1).csv -> customers (Baþarýlý: 3, Baþarýsýz: 0)
2026-07-29 11:20:13,966 - INFO - GET isteði gönderiliyor: https://api.stripe.com/v1/customers
2026-07-29 11:20:13,969 - INFO - GET isteði gönderiliyor: https://api.stripe.com/v1/products
2026-07-29 11:20:13,972 - INFO - GET isteði gönderiliyor: https://api.stripe.com/v1/payment_intents
2026-07-29 11:20:14,530 - INFO - Baþarýlý cevap: 200
2026-07-29 11:20:14,790 - INFO - Baþarýlý cevap: 200
2026-07-29 11:20:15,586 - INFO - Baþarýlý cevap: 200
2026-07-29 11:20:15,589 - INFO - GET isteði gönderiliyor: https://api.stripe.com/v1/customers
2026-07-29 11:20:17,063 - INFO - Baþarýlý cevap: 200
2026-07-29 11:20:17,066 - INFO - GET isteði gönderiliyor: https://api.stripe.com/v1/customers
2026-07-29 11:20:18,062 - INFO - Baþarýlý cevap: 200
2026-07-29 11:20:18,065 - INFO - GET isteði gönderiliyor: https://api.stripe.com/v1/payment_intents
2026-07-29 11:20:20,366 - INFO - Baþarýlý cevap: 200
2026-07-29 11:20:20,370 - INFO - GET isteði gönderiliyor: https://api.stripe.com/v1/payment_intents
2026-07-29 11:20:21,592 - INFO - Baþarýlý cevap: 200
2026-07-29 11:20:21,596 - INFO - GET isteði gönderiliyor: https://api.stripe.com/v1/refunds
2026-07-29 11:20:22,086 - INFO - Baþarýlý cevap: 200
2026-07-29 11:20:22,088 - INFO - GET isteði gönderiliyor: https://api.stripe.com/v1/products
2026-07-29 11:20:22,784 - INFO - Baþarýlý cevap: 200
2026-07-29 11:21:18,793 - INFO - GET isteði gönderiliyor: https://api.stripe.com/v1/customers
2026-07-29 11:21:19,846 - INFO - Baþarýlý cevap: 200
2026-07-29 11:21:19,848 - INFO - GET isteði gönderiliyor: https://api.stripe.com/v1/customers
2026-07-29 11:21:20,483 - INFO - Baþarýlý cevap: 200
2026-07-29 11:21:20,486 - INFO - GET isteði gönderiliyor: https://api.stripe.com/v1/customers
2026-07-29 11:21:21,117 - INFO - Baþarýlý cevap: 200
2026-07-29 11:21:21,120 - INFO - GET isteði gönderiliyor: https://api.stripe.com/v1/payment_intents
2026-07-29 11:21:21,248 - INFO - GET isteði gönderiliyor: https://api.stripe.com/v1/customers
2026-07-29 11:21:21,939 - INFO - Baþarýlý cevap: 200
2026-07-29 11:21:23,155 - INFO - Baþarýlý cevap: 200
2026-07-29 11:21:23,160 - INFO - GET isteði gönderiliyor: https://api.stripe.com/v1/payment_intents
2026-07-29 11:21:24,493 - INFO - Baþarýlý cevap: 200
2026-07-29 11:21:24,497 - INFO - GET isteði gönderiliyor: https://api.stripe.com/v1/refunds
2026-07-29 11:21:24,980 - INFO - Baþarýlý cevap: 200
2026-07-29 11:21:24,984 - INFO - GET isteði gönderiliyor: https://api.stripe.com/v1/products
2026-07-29 11:21:25,493 - INFO - Baþarýlý cevap: 200
2026-07-29 11:22:09,160 - INFO - Import Ýþlemi Tamamlandý: invoices (3).csv -> invoices (Baþarýlý: 96, Baþarýsýz: 4)
2026-07-29 11:22:09,174 - INFO - GET isteði gönderiliyor: https://api.stripe.com/v1/customers
2026-07-29 11:22:09,178 - INFO - GET isteði gönderiliyor: https://api.stripe.com/v1/products
2026-07-29 11:22:09,182 - INFO - GET isteði gönderiliyor: https://api.stripe.com/v1/payment_intents
2026-07-29 11:22:09,769 - INFO - Baþarýlý cevap: 200
2026-07-29 11:22:10,017 - INFO - Baþarýlý cevap: 200
2026-07-29 11:22:10,017 - INFO - Baþarýlý cevap: 200
2026-07-29 11:22:10,023 - INFO - GET isteði gönderiliyor: https://api.stripe.com/v1/customers
2026-07-29 11:22:10,734 - INFO - Baþarýlý cevap: 200
2026-07-29 11:22:10,738 - INFO - GET isteði gönderiliyor: https://api.stripe.com/v1/customers
2026-07-29 11:22:11,297 - INFO - Baþarýlý cevap: 200
2026-07-29 11:22:11,300 - INFO - GET isteði gönderiliyor: https://api.stripe.com/v1/payment_intents
2026-07-29 11:22:13,731 - INFO - Baþarýlý cevap: 200
2026-07-29 11:22:13,735 - INFO - GET isteði gönderiliyor: https://api.stripe.com/v1/payment_intents
2026-07-29 11:22:15,293 - INFO - Baþarýlý cevap: 200
2026-07-29 11:22:15,297 - INFO - GET isteði gönderiliyor: https://api.stripe.com/v1/refunds
2026-07-29 11:22:15,760 - INFO - Baþarýlý cevap: 200
2026-07-29 11:22:15,762 - INFO - GET isteði gönderiliyor: https://api.stripe.com/v1/products
2026-07-29 11:22:17,573 - INFO - Baþarýlý cevap: 200
2026-07-29 11:23:09,369 - INFO - GET isteði gönderiliyor: https://api.stripe.com/v1/customers
2026-07-29 11:23:09,421 - INFO - GET isteði gönderiliyor: https://api.stripe.com/v1/products
2026-07-29 11:23:10,050 - INFO - Baþarýlý cevap: 200
2026-07-29 11:23:10,134 - INFO - Baþarýlý cevap: 200
2026-07-29 11:23:12,234 - INFO - GET isteði gönderiliyor: https://api.stripe.com/v1/invoices
2026-07-29 11:23:13,098 - INFO - Baþarýlý cevap: 200
2026-07-29 11:25:08,669 - INFO - GET isteði gönderiliyor: https://api.stripe.com/v1/customers/cus_Uu0jKN86a5Br32
2026-07-29 11:25:09,197 - INFO - Baþarýlý cevap: 200
2026-07-29 11:25:09,208 - INFO - GET isteði gönderiliyor: https://api.stripe.com/v1/payment_intents
2026-07-29 11:25:10,550 - INFO - Baþarýlý cevap: 200
2026-07-29 11:25:19,876 - INFO - GET isteði gönderiliyor: https://api.stripe.com/v1/invoices
2026-07-29 11:25:20,897 - INFO - Baþarýlý cevap: 200
2026-07-29 11:25:21,185 - INFO - GET isteði gönderiliyor: https://api.stripe.com/v1/invoices
2026-07-29 11:25:22,494 - INFO - Baþarýlý cevap: 200
2026-07-29 11:25:51,588 - INFO - GET isteði gönderiliyor: https://api.stripe.com/v1/invoices
2026-07-29 11:25:55,513 - INFO - Baþarýlý cevap: 200
2026-07-29 11:33:53,031 - INFO - GET isteði gönderiliyor: https://api.stripe.com/v1/payment_intents
2026-07-29 11:33:53,944 - INFO - Baþarýlý cevap: 200
2026-07-29 11:34:39,926 - INFO - GET isteði gönderiliyor: https://api.stripe.com/v1/payment_intents
2026-07-29 11:34:40,803 - INFO - Baþarýlý cevap: 200
2026-07-29 11:34:57,055 - INFO - GET isteði gönderiliyor: https://api.stripe.com/v1/payment_intents/pi_3TxluaKBkUL9vnMV1ahL8gtp
2026-07-29 11:34:57,612 - INFO - Baþarýlý cevap: 200
2026-07-29 11:37:02,397 - INFO - GET isteði gönderiliyor: https://api.stripe.com/v1/refunds
2026-07-29 11:37:03,009 - INFO - Baþarýlý cevap: 200
2026-07-29 11:38:36,520 - INFO - GET isteði gönderiliyor: https://api.stripe.com/v1/customers
2026-07-29 11:38:38,248 - INFO - Baþarýlý cevap: 200
2026-07-29 11:38:38,296 - INFO - GET isteði gönderiliyor: https://api.stripe.com/v1/customers
2026-07-29 11:38:38,889 - INFO - Baþarýlý cevap: 200
2026-07-29 11:39:34,862 - INFO - GET isteði gönderiliyor: https://api.stripe.com/v1/customers
2026-07-29 11:39:35,459 - INFO - Baþarýlý cevap: 200
2026-07-29 11:39:35,471 - INFO - GET isteði gönderiliyor: https://api.stripe.com/v1/customers
2026-07-29 11:39:36,204 - INFO - Baþarýlý cevap: 200
2026-07-29 11:40:20,072 - INFO - GET isteði gönderiliyor: https://api.stripe.com/v1/customers
2026-07-29 11:40:20,848 - INFO - Baþarýlý cevap: 200
2026-07-29 11:40:24,724 - INFO - GET isteði gönderiliyor: https://api.stripe.com/v1/customers
2026-07-29 11:40:25,287 - INFO - Baþarýlý cevap: 200
2026-07-29 11:40:28,223 - INFO - GET isteði gönderiliyor: https://api.stripe.com/v1/customers
2026-07-29 11:40:28,884 - INFO - Baþarýlý cevap: 200
2026-07-29 11:40:35,380 - INFO - GET isteði gönderiliyor: https://api.stripe.com/v1/customers
2026-07-29 11:40:37,012 - INFO - Baþarýlý cevap: 200
2026-07-29 11:40:50,700 - INFO - GET isteði gönderiliyor: https://api.stripe.com/v1/customers
2026-07-29 11:40:51,575 - INFO - Baþarýlý cevap: 200
2026-07-29 11:45:02,260 - INFO - POST isteði gönderiliyor: https://api.stripe.com/v1/customers
2026-07-29 11:45:02,949 - INFO - Baþarýlý cevap: 200
2026-07-29 11:45:02,990 - INFO - POST isteði gönderiliyor: https://api.stripe.com/v1/customers
2026-07-29 11:45:03,628 - INFO - Baþarýlý cevap: 200
2026-07-29 11:45:03,670 - INFO - POST isteði gönderiliyor: https://api.stripe.com/v1/customers
2026-07-29 11:45:04,239 - INFO - Baþarýlý cevap: 200
2026-07-29 11:45:04,280 - INFO - POST isteði gönderiliyor: https://api.stripe.com/v1/customers
2026-07-29 11:45:04,845 - INFO - Baþarýlý cevap: 200
2026-07-29 11:45:04,891 - INFO - POST isteði gönderiliyor: https://api.stripe.com/v1/customers
2026-07-29 11:45:05,450 - INFO - Baþarýlý cevap: 200
2026-07-29 11:45:05,483 - INFO - POST isteði gönderiliyor: https://api.stripe.com/v1/customers
2026-07-29 11:45:06,137 - INFO - Baþarýlý cevap: 200
2026-07-29 11:45:06,179 - INFO - POST isteði gönderiliyor: https://api.stripe.com/v1/customers
2026-07-29 11:45:06,808 - INFO - Baþarýlý cevap: 200
2026-07-29 11:45:06,851 - INFO - POST isteði gönderiliyor: https://api.stripe.com/v1/customers
2026-07-29 11:45:07,413 - INFO - Baþarýlý cevap: 200
2026-07-29 11:45:07,425 - INFO - POST isteði gönderiliyor: https://api.stripe.com/v1/customers
2026-07-29 11:45:08,028 - INFO - Baþarýlý cevap: 200
2026-07-29 11:45:08,070 - INFO - POST isteði gönderiliyor: https://api.stripe.com/v1/customers
2026-07-29 11:45:08,705 - INFO - Baþarýlý cevap: 200
2026-07-29 11:45:08,746 - INFO - POST isteði gönderiliyor: https://api.stripe.com/v1/customers
2026-07-29 11:45:09,386 - INFO - Baþarýlý cevap: 200
2026-07-29 11:45:09,427 - INFO - POST isteði gönderiliyor: https://api.stripe.com/v1/customers
2026-07-29 11:45:10,051 - INFO - Baþarýlý cevap: 200
2026-07-29 11:45:10,092 - INFO - POST isteði gönderiliyor: https://api.stripe.com/v1/customers
2026-07-29 11:45:10,811 - INFO - Baþarýlý cevap: 200
2026-07-29 11:45:10,854 - INFO - POST isteði gönderiliyor: https://api.stripe.com/v1/customers
2026-07-29 11:45:11,489 - INFO - Baþarýlý cevap: 200
2026-07-29 11:45:11,530 - INFO - POST isteði gönderiliyor: https://api.stripe.com/v1/customers
2026-07-29 11:45:12,092 - INFO - Baþarýlý cevap: 200
2026-07-29 11:45:12,134 - INFO - POST isteði gönderiliyor: https://api.stripe.com/v1/customers
2026-07-29 11:45:12,769 - INFO - Baþarýlý cevap: 200
2026-07-29 11:45:12,811 - INFO - POST isteði gönderiliyor: https://api.stripe.com/v1/customers
2026-07-29 11:45:13,448 - INFO - Baþarýlý cevap: 200
2026-07-29 11:45:13,490 - INFO - POST isteði gönderiliyor: https://api.stripe.com/v1/customers
2026-07-29 11:45:14,117 - INFO - Baþarýlý cevap: 200
2026-07-29 11:45:14,157 - INFO - POST isteði gönderiliyor: https://api.stripe.com/v1/customers
2026-07-29 11:45:14,728 - INFO - Baþarýlý cevap: 200
2026-07-29 11:45:14,771 - INFO - POST isteði gönderiliyor: https://api.stripe.com/v1/customers
2026-07-29 11:45:15,424 - INFO - Baþarýlý cevap: 200
2026-07-29 11:45:15,467 - INFO - POST isteði gönderiliyor: https://api.stripe.com/v1/customers
2026-07-29 11:45:16,028 - INFO - Baþarýlý cevap: 200
2026-07-29 11:45:16,071 - INFO - POST isteði gönderiliyor: https://api.stripe.com/v1/customers
2026-07-29 11:45:16,733 - INFO - Baþarýlý cevap: 200
2026-07-29 11:45:16,776 - INFO - POST isteði gönderiliyor: https://api.stripe.com/v1/customers
2026-07-29 11:45:17,385 - INFO - Baþarýlý cevap: 200
2026-07-29 11:45:17,427 - INFO - POST isteði gönderiliyor: https://api.stripe.com/v1/customers
2026-07-29 11:45:18,010 - INFO - Baþarýlý cevap: 200
2026-07-29 11:45:18,051 - INFO - POST isteði gönderiliyor: https://api.stripe.com/v1/customers
2026-07-29 11:45:18,654 - INFO - Baþarýlý cevap: 200
2026-07-29 11:45:18,696 - INFO - POST isteði gönderiliyor: https://api.stripe.com/v1/customers
2026-07-29 11:45:19,293 - INFO - Baþarýlý cevap: 200
2026-07-29 11:45:19,336 - INFO - POST isteði gönderiliyor: https://api.stripe.com/v1/customers
2026-07-29 11:45:19,912 - INFO - Baþarýlý cevap: 200
2026-07-29 11:45:19,924 - INFO - POST isteði gönderiliyor: https://api.stripe.com/v1/customers
2026-07-29 11:45:20,497 - INFO - Baþarýlý cevap: 200
2026-07-29 11:45:20,539 - INFO - POST isteði gönderiliyor: https://api.stripe.com/v1/customers
2026-07-29 11:45:21,141 - INFO - Baþarýlý cevap: 200
2026-07-29 11:45:21,183 - INFO - POST isteði gönderiliyor: https://api.stripe.com/v1/customers
2026-07-29 11:45:21,925 - INFO - Baþarýlý cevap: 200
2026-07-29 11:46:25,501 - INFO - DELETE isteði gönderiliyor: https://api.stripe.com/v1/customers/cus_UyPwdo3JFgF4LU
2026-07-29 11:46:25,503 - INFO - DELETE isteði gönderiliyor: https://api.stripe.com/v1/customers/cus_UyPwkk8k2tlVHH
2026-07-29 11:46:25,503 - INFO - DELETE isteði gönderiliyor: https://api.stripe.com/v1/customers/cus_UyPwWFd5evLqi4
2026-07-29 11:46:25,508 - INFO - DELETE isteði gönderiliyor: https://api.stripe.com/v1/customers/cus_UyPwajUSANUbDa
2026-07-29 11:46:25,510 - INFO - DELETE isteði gönderiliyor: https://api.stripe.com/v1/customers/cus_UyPwQyDEopfjqm
2026-07-29 11:46:25,513 - INFO - DELETE isteði gönderiliyor: https://api.stripe.com/v1/customers/cus_UyPwPEKW3s80T6
2026-07-29 11:46:25,515 - INFO - DELETE isteði gönderiliyor: https://api.stripe.com/v1/customers/cus_UyPwvW4Ddj4yWn
2026-07-29 11:46:25,519 - INFO - DELETE isteði gönderiliyor: https://api.stripe.com/v1/customers/cus_UyPw9eMIf8Lh46
2026-07-29 11:46:25,522 - INFO - DELETE isteði gönderiliyor: https://api.stripe.com/v1/customers/cus_UyPwYUEa9ZmTua
2026-07-29 11:46:25,525 - INFO - DELETE isteði gönderiliyor: https://api.stripe.com/v1/customers/cus_UyPw1U1oIGxuNV
2026-07-29 11:46:26,196 - INFO - Baþarýlý cevap: 200
2026-07-29 11:46:26,206 - INFO - DELETE isteði gönderiliyor: https://api.stripe.com/v1/customers/cus_UyPwlXoWI1I30d
2026-07-29 11:46:26,241 - INFO - Baþarýlý cevap: 200
2026-07-29 11:46:26,242 - INFO - Baþarýlý cevap: 200
2026-07-29 11:46:26,243 - INFO - Baþarýlý cevap: 200
2026-07-29 11:46:26,245 - INFO - Baþarýlý cevap: 200
2026-07-29 11:46:26,251 - INFO - DELETE isteði gönderiliyor: https://api.stripe.com/v1/customers/cus_UyPwxBOGzhVyFX
2026-07-29 11:46:26,255 - INFO - DELETE isteði gönderiliyor: https://api.stripe.com/v1/customers/cus_UyPwzawW2wnA8I
2026-07-29 11:46:26,257 - INFO - DELETE isteði gönderiliyor: https://api.stripe.com/v1/customers/cus_UyPwFnw70MTCa1
2026-07-29 11:46:26,258 - INFO - DELETE isteði gönderiliyor: https://api.stripe.com/v1/customers/cus_UyPwbUmtptykyn
2026-07-29 11:46:26,283 - INFO - Baþarýlý cevap: 200
2026-07-29 11:46:26,288 - INFO - DELETE isteði gönderiliyor: https://api.stripe.com/v1/customers/cus_UyPwouYt9hmP5v
2026-07-29 11:46:26,298 - INFO - Baþarýlý cevap: 200
2026-07-29 11:46:26,305 - INFO - DELETE isteði gönderiliyor: https://api.stripe.com/v1/customers/cus_UyPw2srS4o62GR
2026-07-29 11:46:26,326 - INFO - Baþarýlý cevap: 200
2026-07-29 11:46:26,336 - INFO - DELETE isteði gönderiliyor: https://api.stripe.com/v1/customers/cus_UyPwDWm6MbVvZY
2026-07-29 11:46:26,341 - INFO - Baþarýlý cevap: 200
2026-07-29 11:46:26,348 - INFO - DELETE isteði gönderiliyor: https://api.stripe.com/v1/customers/cus_UyPweSGWfJ32ec
2026-07-29 11:46:26,452 - INFO - Baþarýlý cevap: 200
2026-07-29 11:46:26,458 - INFO - DELETE isteði gönderiliyor: https://api.stripe.com/v1/customers/cus_UyPwTHD9Ihvwaf
2026-07-29 11:46:26,907 - INFO - Baþarýlý cevap: 200
2026-07-29 11:46:26,917 - INFO - Baþarýlý cevap: 200
2026-07-29 11:46:26,918 - INFO - Baþarýlý cevap: 200
2026-07-29 11:46:26,922 - INFO - DELETE isteði gönderiliyor: https://api.stripe.com/v1/customers/cus_UyPwMA4fMryptG
2026-07-29 11:46:26,928 - INFO - DELETE isteði gönderiliyor: https://api.stripe.com/v1/customers/cus_UyPwrcClM3tjoi
2026-07-29 11:46:26,929 - INFO - DELETE isteði gönderiliyor: https://api.stripe.com/v1/customers/cus_UyPwOGFklGRc39
2026-07-29 11:46:26,948 - INFO - Baþarýlý cevap: 200
2026-07-29 11:46:26,957 - INFO - DELETE isteði gönderiliyor: https://api.stripe.com/v1/customers/cus_UyPwFfEtfKcAkK
2026-07-29 11:46:26,965 - INFO - Baþarýlý cevap: 200
2026-07-29 11:46:26,973 - INFO - DELETE isteði gönderiliyor: https://api.stripe.com/v1/customers/cus_UyPwvIqmdI0fdz
2026-07-29 11:46:26,988 - INFO - Baþarýlý cevap: 200
2026-07-29 11:46:26,996 - INFO - DELETE isteði gönderiliyor: https://api.stripe.com/v1/customers/cus_UyPwpFAWqRhZCi
2026-07-29 11:46:27,005 - INFO - Baþarýlý cevap: 200
2026-07-29 11:46:27,013 - INFO - DELETE isteði gönderiliyor: https://api.stripe.com/v1/customers/cus_UyPwDVE3NUV2d6
2026-07-29 11:46:27,021 - INFO - Baþarýlý cevap: 200
2026-07-29 11:46:27,029 - INFO - DELETE isteði gönderiliyor: https://api.stripe.com/v1/customers/cus_UyPx6KLZ333Zqi
2026-07-29 11:46:27,059 - INFO - Baþarýlý cevap: 200
2026-07-29 11:46:27,066 - INFO - DELETE isteði gönderiliyor: https://api.stripe.com/v1/customers/cus_UyPxbiQDr0MA8L
2026-07-29 11:46:27,090 - INFO - Baþarýlý cevap: 200
2026-07-29 11:46:27,100 - INFO - DELETE isteði gönderiliyor: https://api.stripe.com/v1/customers/cus_UyPx13AVydHE5L
2026-07-29 11:46:27,587 - INFO - Baþarýlý cevap: 200
2026-07-29 11:46:27,590 - INFO - Baþarýlý cevap: 200
2026-07-29 11:46:27,615 - INFO - Baþarýlý cevap: 200
2026-07-29 11:46:27,617 - INFO - Baþarýlý cevap: 200
2026-07-29 11:46:27,649 - INFO - Baþarýlý cevap: 200
2026-07-29 11:46:27,943 - INFO - Baþarýlý cevap: 200
2026-07-29 11:46:27,945 - INFO - Baþarýlý cevap: 200
2026-07-29 11:46:28,052 - INFO - Baþarýlý cevap: 200
2026-07-29 11:46:28,224 - INFO - Baþarýlý cevap: 200
2026-07-29 11:46:28,295 - INFO - Baþarýlý cevap: 200
2026-07-29 11:46:38,208 - INFO - POST isteði gönderiliyor: https://api.stripe.com/v1/customers
2026-07-29 11:46:38,209 - INFO - POST isteði gönderiliyor: https://api.stripe.com/v1/customers
2026-07-29 11:46:38,213 - INFO - POST isteði gönderiliyor: https://api.stripe.com/v1/customers
2026-07-29 11:46:38,217 - INFO - POST isteði gönderiliyor: https://api.stripe.com/v1/customers
2026-07-29 11:46:38,218 - INFO - POST isteði gönderiliyor: https://api.stripe.com/v1/customers
2026-07-29 11:46:38,221 - INFO - POST isteði gönderiliyor: https://api.stripe.com/v1/customers
2026-07-29 11:46:38,225 - INFO - POST isteði gönderiliyor: https://api.stripe.com/v1/customers
2026-07-29 11:46:38,225 - INFO - POST isteði gönderiliyor: https://api.stripe.com/v1/customers
2026-07-29 11:46:38,228 - INFO - POST isteði gönderiliyor: https://api.stripe.com/v1/customers
2026-07-29 11:46:38,231 - INFO - POST isteði gönderiliyor: https://api.stripe.com/v1/customers
2026-07-29 11:46:38,821 - INFO - Baþarýlý cevap: 200
2026-07-29 11:46:38,837 - INFO - Baþarýlý cevap: 200
2026-07-29 11:46:38,859 - INFO - Baþarýlý cevap: 200
2026-07-29 11:46:38,863 - INFO - POST isteði gönderiliyor: https://api.stripe.com/v1/customers
2026-07-29 11:46:38,865 - INFO - Baþarýlý cevap: 200
2026-07-29 11:46:38,870 - INFO - POST isteði gönderiliyor: https://api.stripe.com/v1/customers
2026-07-29 11:46:38,872 - INFO - Baþarýlý cevap: 200
2026-07-29 11:46:38,872 - INFO - POST isteði gönderiliyor: https://api.stripe.com/v1/customers
2026-07-29 11:46:38,880 - INFO - Baþarýlý cevap: 200
2026-07-29 11:46:38,883 - INFO - POST isteði gönderiliyor: https://api.stripe.com/v1/customers
2026-07-29 11:46:38,887 - INFO - POST isteði gönderiliyor: https://api.stripe.com/v1/customers
2026-07-29 11:46:38,895 - INFO - Baþarýlý cevap: 200
2026-07-29 11:46:38,896 - INFO - POST isteði gönderiliyor: https://api.stripe.com/v1/customers
2026-07-29 11:46:38,903 - INFO - POST isteði gönderiliyor: https://api.stripe.com/v1/customers
2026-07-29 11:46:38,907 - INFO - Baþarýlý cevap: 200
2026-07-29 11:46:38,918 - INFO - POST isteði gönderiliyor: https://api.stripe.com/v1/customers
2026-07-29 11:46:38,949 - INFO - Baþarýlý cevap: 200
2026-07-29 11:46:38,956 - INFO - POST isteði gönderiliyor: https://api.stripe.com/v1/customers
2026-07-29 11:46:39,448 - INFO - Baþarýlý cevap: 200
2026-07-29 11:46:39,471 - INFO - Baþarýlý cevap: 200
2026-07-29 11:46:39,473 - INFO - Baþarýlý cevap: 200
2026-07-29 11:46:39,473 - INFO - Baþarýlý cevap: 200
2026-07-29 11:46:39,490 - INFO - POST isteði gönderiliyor: https://api.stripe.com/v1/customers
2026-07-29 11:46:39,491 - INFO - POST isteði gönderiliyor: https://api.stripe.com/v1/customers
2026-07-29 11:46:39,493 - INFO - POST isteði gönderiliyor: https://api.stripe.com/v1/customers
2026-07-29 11:46:39,494 - INFO - POST isteði gönderiliyor: https://api.stripe.com/v1/customers
2026-07-29 11:46:39,499 - INFO - Baþarýlý cevap: 200
2026-07-29 11:46:39,508 - INFO - Baþarýlý cevap: 200
2026-07-29 11:46:39,514 - INFO - POST isteði gönderiliyor: https://api.stripe.com/v1/customers
2026-07-29 11:46:39,518 - INFO - POST isteði gönderiliyor: https://api.stripe.com/v1/customers
2026-07-29 11:46:39,546 - INFO - Baþarýlý cevap: 200
2026-07-29 11:46:39,558 - INFO - POST isteði gönderiliyor: https://api.stripe.com/v1/customers
2026-07-29 11:46:39,599 - INFO - Baþarýlý cevap: 200
2026-07-29 11:46:39,606 - INFO - POST isteði gönderiliyor: https://api.stripe.com/v1/customers
2026-07-29 11:46:39,632 - INFO - Baþarýlý cevap: 200
2026-07-29 11:46:39,641 - INFO - POST isteði gönderiliyor: https://api.stripe.com/v1/customers
2026-07-29 11:46:39,779 - INFO - Baþarýlý cevap: 200
2026-07-29 11:46:39,819 - INFO - POST isteði gönderiliyor: https://api.stripe.com/v1/customers
2026-07-29 11:46:40,070 - INFO - Baþarýlý cevap: 200
2026-07-29 11:46:40,073 - INFO - Baþarýlý cevap: 200
2026-07-29 11:46:40,095 - INFO - Baþarýlý cevap: 200
2026-07-29 11:46:40,110 - INFO - Baþarýlý cevap: 200
2026-07-29 11:46:40,114 - INFO - POST isteði gönderiliyor: https://api.stripe.com/v1/customers
2026-07-29 11:46:40,116 - INFO - Baþarýlý cevap: 200
2026-07-29 11:46:40,144 - INFO - Baþarýlý cevap: 200
2026-07-29 11:46:40,145 - INFO - Baþarýlý cevap: 200
2026-07-29 11:46:40,162 - INFO - Baþarýlý cevap: 200
2026-07-29 11:46:40,311 - INFO - Baþarýlý cevap: 200
2026-07-29 11:46:40,487 - INFO - Baþarýlý cevap: 200
2026-07-29 11:46:40,778 - INFO - Baþarýlý cevap: 200
2026-07-29 11:51:01,495 - INFO - GET isteði gönderiliyor: https://api.stripe.com/v1/customers/cus_Uu0jKN86a5Br32
2026-07-29 11:51:02,157 - INFO - Baþarýlý cevap: 200
2026-07-29 11:51:02,168 - INFO - GET isteði gönderiliyor: https://api.stripe.com/v1/payment_intents
2026-07-29 11:51:03,279 - INFO - Baþarýlý cevap: 200
2026-07-29 11:53:06,321 - INFO - GET isteði gönderiliyor: https://api.stripe.com/v1/payment_intents/pi_3Twj8dKBkUL9vnMV0vgY1toz
2026-07-29 11:53:07,015 - INFO - Baþarýlý cevap: 200
2026-07-29 11:53:10,371 - INFO - GET isteði gönderiliyor: https://api.stripe.com/v1/payment_intents/pi_3Twj8dKBkUL9vnMV0vgY1toz
2026-07-29 11:53:10,950 - INFO - Baþarýlý cevap: 200
2026-07-29 11:53:37,697 - INFO - GET isteði gönderiliyor: https://api.stripe.com/v1/invoices
2026-07-29 11:53:38,710 - INFO - Baþarýlý cevap: 200
2026-07-29 11:53:38,812 - INFO - GET isteði gönderiliyor: https://api.stripe.com/v1/invoices
2026-07-29 11:53:40,241 - INFO - Baþarýlý cevap: 200
2026-07-29 13:46:43,050 - INFO - DELETE isteði gönderiliyor: https://api.stripe.com/v1/customers/cus_UyPydkwUZOogFu
2026-07-29 13:46:43,050 - INFO - DELETE isteði gönderiliyor: https://api.stripe.com/v1/customers/cus_UyPy58Urfp0z2y
2026-07-29 13:46:43,050 - INFO - DELETE isteði gönderiliyor: https://api.stripe.com/v1/customers/cus_UyPy7BZXllewG5
2026-07-29 13:46:43,052 - INFO - DELETE isteði gönderiliyor: https://api.stripe.com/v1/customers/cus_UyPyE4Lk4iVflm
2026-07-29 13:46:43,078 - INFO - DELETE isteði gönderiliyor: https://api.stripe.com/v1/customers/cus_UyPylVzOQPg0d0
2026-07-29 13:46:43,082 - INFO - DELETE isteði gönderiliyor: https://api.stripe.com/v1/customers/cus_UyPyJ9AzsmySOe
2026-07-29 13:46:43,086 - INFO - DELETE isteði gönderiliyor: https://api.stripe.com/v1/customers/cus_UyPyy0IldRSRD7
2026-07-29 13:46:43,098 - INFO - DELETE isteði gönderiliyor: https://api.stripe.com/v1/customers/cus_UyPyeRZCFCQlYm
2026-07-29 13:46:43,102 - INFO - DELETE isteði gönderiliyor: https://api.stripe.com/v1/customers/cus_UyPyqlEULLZYMN
2026-07-29 13:46:43,106 - INFO - DELETE isteði gönderiliyor: https://api.stripe.com/v1/customers/cus_UyPy7GY0hs4eX9
2026-07-29 13:46:44,029 - INFO - Baþarýlý cevap: 200
2026-07-29 13:46:44,035 - INFO - Baþarýlý cevap: 200
2026-07-29 13:46:44,041 - INFO - Baþarýlý cevap: 200
2026-07-29 13:46:44,054 - INFO - Baþarýlý cevap: 200
2026-07-29 13:46:44,056 - INFO - Baþarýlý cevap: 200
2026-07-29 13:46:44,082 - INFO - DELETE isteði gönderiliyor: https://api.stripe.com/v1/customers/cus_UyPy2jvNHssYLt
2026-07-29 13:46:44,084 - INFO - Baþarýlý cevap: 200
2026-07-29 13:46:44,086 - INFO - DELETE isteði gönderiliyor: https://api.stripe.com/v1/customers/cus_UyPy1OKM5EcrRN
2026-07-29 13:46:44,087 - INFO - DELETE isteði gönderiliyor: https://api.stripe.com/v1/customers/cus_UyPy2juT90rTle
2026-07-29 13:46:44,089 - INFO - DELETE isteði gönderiliyor: https://api.stripe.com/v1/customers/cus_UyPycYbl5cVqSq
2026-07-29 13:46:44,093 - INFO - DELETE isteði gönderiliyor: https://api.stripe.com/v1/customers/cus_UyPy9FdRthflr9
2026-07-29 13:46:44,094 - INFO - Baþarýlý cevap: 200
2026-07-29 13:46:44,102 - INFO - DELETE isteði gönderiliyor: https://api.stripe.com/v1/customers/cus_UyPyPXdSSW39Ce
2026-07-29 13:46:44,111 - INFO - DELETE isteði gönderiliyor: https://api.stripe.com/v1/customers/cus_UyPyS1IVppMBJE
2026-07-29 13:46:44,129 - INFO - Baþarýlý cevap: 200
2026-07-29 13:46:44,136 - INFO - Baþarýlý cevap: 200
2026-07-29 13:46:44,139 - INFO - DELETE isteði gönderiliyor: https://api.stripe.com/v1/customers/cus_UyPy11VPxiRth2
2026-07-29 13:46:44,143 - INFO - DELETE isteði gönderiliyor: https://api.stripe.com/v1/customers/cus_UyPyObVPf1AkYN
2026-07-29 13:46:44,145 - INFO - Baþarýlý cevap: 200
2026-07-29 13:46:44,155 - INFO - DELETE isteði gönderiliyor: https://api.stripe.com/v1/customers/cus_UyPyfBGRNku6y5
2026-07-29 13:46:44,749 - INFO - Baþarýlý cevap: 200
2026-07-29 13:46:44,758 - INFO - Baþarýlý cevap: 200
2026-07-29 13:46:44,759 - INFO - Baþarýlý cevap: 200
2026-07-29 13:46:44,793 - INFO - DELETE isteði gönderiliyor: https://api.stripe.com/v1/customers/cus_UyPyvWjabP98Yg
2026-07-29 13:46:44,794 - INFO - DELETE isteði gönderiliyor: https://api.stripe.com/v1/customers/cus_UyPyFHOZnvUJal
2026-07-29 13:46:44,795 - INFO - DELETE isteði gönderiliyor: https://api.stripe.com/v1/customers/cus_UyPyYkpco9ATVm
2026-07-29 13:46:44,812 - INFO - Baþarýlý cevap: 200
2026-07-29 13:46:44,813 - INFO - Baþarýlý cevap: 200
2026-07-29 13:46:44,822 - INFO - DELETE isteði gönderiliyor: https://api.stripe.com/v1/customers/cus_UyPyMbYdgyK1sN
2026-07-29 13:46:44,824 - INFO - Baþarýlý cevap: 200
2026-07-29 13:46:44,824 - INFO - DELETE isteði gönderiliyor: https://api.stripe.com/v1/customers/cus_UyPyzHdsvkxIRr
2026-07-29 13:46:44,835 - INFO - DELETE isteði gönderiliyor: https://api.stripe.com/v1/customers/cus_UyPy1YF4PdUGgF
2026-07-29 13:46:44,847 - INFO - Baþarýlý cevap: 200
2026-07-29 13:46:44,855 - INFO - DELETE isteði gönderiliyor: https://api.stripe.com/v1/customers/cus_UyPyjSubWlAZzS
2026-07-29 13:46:44,857 - INFO - Baþarýlý cevap: 200
2026-07-29 13:46:44,859 - INFO - Baþarýlý cevap: 200
2026-07-29 13:46:44,862 - INFO - Baþarýlý cevap: 200
2026-07-29 13:46:44,867 - INFO - DELETE isteði gönderiliyor: https://api.stripe.com/v1/customers/cus_UyPyffKv8a6gXb
2026-07-29 13:46:44,871 - INFO - DELETE isteði gönderiliyor: https://api.stripe.com/v1/customers/cus_UyPyZFU0iv8Il1
2026-07-29 13:46:44,872 - INFO - DELETE isteði gönderiliyor: https://api.stripe.com/v1/customers/cus_UyPyyCr19SOAcP
2026-07-29 13:46:45,565 - INFO - Baþarýlý cevap: 200
2026-07-29 13:46:45,565 - INFO - Baþarýlý cevap: 200
2026-07-29 13:46:45,567 - INFO - Baþarýlý cevap: 200
2026-07-29 13:46:45,567 - INFO - Baþarýlý cevap: 200
2026-07-29 13:46:45,568 - INFO - Baþarýlý cevap: 200
2026-07-29 13:46:45,570 - INFO - Baþarýlý cevap: 200
2026-07-29 13:46:45,571 - INFO - Baþarýlý cevap: 200
2026-07-29 13:46:45,572 - INFO - Baþarýlý cevap: 200
2026-07-29 13:46:45,595 - INFO - Baþarýlý cevap: 200
2026-07-29 13:46:45,683 - INFO - Baþarýlý cevap: 200
2026-07-29 15:58:45,209 - INFO - GET isteði gönderiliyor: https://api.stripe.com/v1/customers
2026-07-29 15:58:46,742 - INFO - Baþarýlý cevap: 200
2026-07-29 15:58:46,744 - INFO - GET isteði gönderiliyor: https://api.stripe.com/v1/customers
2026-07-29 15:58:48,385 - INFO - Baþarýlý cevap: 200
2026-07-29 15:58:48,387 - INFO - GET isteði gönderiliyor: https://api.stripe.com/v1/customers
2026-07-29 15:58:49,326 - INFO - Baþarýlý cevap: 200
2026-07-29 15:58:49,329 - INFO - GET isteði gönderiliyor: https://api.stripe.com/v1/payment_intents
2026-07-29 15:58:50,357 - INFO - GET isteði gönderiliyor: https://api.stripe.com/v1/customers
2026-07-29 15:58:51,178 - INFO - Baþarýlý cevap: 200
2026-07-29 15:58:51,186 - INFO - GET isteði gönderiliyor: https://api.stripe.com/v1/customers
2026-07-29 15:58:51,958 - INFO - Baþarýlý cevap: 200
2026-07-29 15:58:51,961 - INFO - GET isteði gönderiliyor: https://api.stripe.com/v1/payment_intents
2026-07-29 15:58:52,039 - INFO - Baþarýlý cevap: 200
2026-07-29 15:58:53,613 - INFO - Baþarýlý cevap: 200
2026-07-29 15:58:53,615 - INFO - GET isteði gönderiliyor: https://api.stripe.com/v1/refunds
2026-07-29 15:58:54,130 - INFO - Baþarýlý cevap: 200
2026-07-29 15:58:54,131 - INFO - GET isteði gönderiliyor: https://api.stripe.com/v1/products
2026-07-29 15:58:54,898 - INFO - Baþarýlý cevap: 200
2026-07-29 15:59:09,023 - INFO - POST isteði gönderiliyor: https://api.stripe.com/v1/customers
2026-07-29 15:59:09,656 - INFO - Baþarýlý cevap: 200
2026-07-29 15:59:09,679 - INFO - POST isteði gönderiliyor: https://api.stripe.com/v1/customers
2026-07-29 15:59:10,289 - INFO - Baþarýlý cevap: 200
2026-07-29 15:59:10,301 - INFO - POST isteði gönderiliyor: https://api.stripe.com/v1/customers
2026-07-29 15:59:10,860 - INFO - Baþarýlý cevap: 200
2026-07-29 15:59:10,872 - INFO - POST isteði gönderiliyor: https://api.stripe.com/v1/customers
2026-07-29 15:59:11,447 - INFO - Baþarýlý cevap: 200
2026-07-29 15:59:11,458 - INFO - POST isteði gönderiliyor: https://api.stripe.com/v1/customers
2026-07-29 15:59:12,030 - INFO - Baþarýlý cevap: 200
2026-07-29 15:59:12,036 - INFO - POST isteði gönderiliyor: https://api.stripe.com/v1/customers
2026-07-29 15:59:12,676 - INFO - Baþarýlý cevap: 200
2026-07-29 15:59:12,688 - INFO - POST isteði gönderiliyor: https://api.stripe.com/v1/customers
2026-07-29 15:59:13,266 - INFO - Baþarýlý cevap: 200
2026-07-29 15:59:13,277 - INFO - POST isteði gönderiliyor: https://api.stripe.com/v1/customers
2026-07-29 15:59:13,850 - INFO - Baþarýlý cevap: 200
2026-07-29 15:59:13,860 - INFO - POST isteði gönderiliyor: https://api.stripe.com/v1/customers
2026-07-29 15:59:14,488 - INFO - Baþarýlý cevap: 200
2026-07-29 15:59:14,501 - INFO - POST isteði gönderiliyor: https://api.stripe.com/v1/customers
2026-07-29 15:59:15,149 - INFO - Baþarýlý cevap: 200
2026-07-29 15:59:15,162 - INFO - POST isteði gönderiliyor: https://api.stripe.com/v1/customers
2026-07-29 15:59:15,814 - INFO - Baþarýlý cevap: 200
2026-07-29 15:59:15,824 - INFO - POST isteði gönderiliyor: https://api.stripe.com/v1/customers
2026-07-29 15:59:16,639 - INFO - Baþarýlý cevap: 200
2026-07-29 15:59:16,652 - INFO - POST isteði gönderiliyor: https://api.stripe.com/v1/customers
2026-07-29 15:59:17,306 - INFO - Baþarýlý cevap: 200
2026-07-29 15:59:17,313 - INFO - POST isteði gönderiliyor: https://api.stripe.com/v1/customers
2026-07-29 15:59:17,950 - INFO - Baþarýlý cevap: 200
2026-07-29 15:59:17,964 - INFO - POST isteði gönderiliyor: https://api.stripe.com/v1/customers
2026-07-29 15:59:18,589 - INFO - Baþarýlý cevap: 200
2026-07-29 15:59:18,601 - INFO - POST isteði gönderiliyor: https://api.stripe.com/v1/customers
2026-07-29 15:59:19,268 - INFO - Baþarýlý cevap: 200
2026-07-29 15:59:19,281 - INFO - POST isteði gönderiliyor: https://api.stripe.com/v1/customers
2026-07-29 15:59:19,951 - INFO - Baþarýlý cevap: 200
2026-07-29 15:59:19,962 - INFO - POST isteði gönderiliyor: https://api.stripe.com/v1/customers
2026-07-29 15:59:20,558 - INFO - Baþarýlý cevap: 200
2026-07-29 15:59:20,571 - INFO - POST isteði gönderiliyor: https://api.stripe.com/v1/customers
2026-07-29 15:59:21,216 - INFO - Baþarýlý cevap: 200
2026-07-29 15:59:21,228 - INFO - POST isteði gönderiliyor: https://api.stripe.com/v1/customers
2026-07-29 15:59:21,829 - INFO - Baþarýlý cevap: 200
2026-07-29 15:59:21,841 - INFO - POST isteði gönderiliyor: https://api.stripe.com/v1/customers
2026-07-29 15:59:22,487 - INFO - Baþarýlý cevap: 200
2026-07-29 15:59:22,499 - INFO - POST isteði gönderiliyor: https://api.stripe.com/v1/customers
2026-07-29 15:59:23,253 - INFO - Baþarýlý cevap: 200
2026-07-29 15:59:23,263 - INFO - POST isteði gönderiliyor: https://api.stripe.com/v1/customers
2026-07-29 15:59:23,882 - INFO - Baþarýlý cevap: 200
2026-07-29 15:59:23,887 - INFO - POST isteði gönderiliyor: https://api.stripe.com/v1/customers
2026-07-29 15:59:24,513 - INFO - Baþarýlý cevap: 200
2026-07-29 15:59:24,524 - INFO - POST isteði gönderiliyor: https://api.stripe.com/v1/customers
2026-07-29 15:59:25,212 - INFO - Baþarýlý cevap: 200
2026-07-29 15:59:25,225 - INFO - POST isteði gönderiliyor: https://api.stripe.com/v1/customers
2026-07-29 15:59:26,019 - INFO - Baþarýlý cevap: 200
2026-07-29 15:59:26,033 - INFO - POST isteði gönderiliyor: https://api.stripe.com/v1/customers
2026-07-29 15:59:26,652 - INFO - Baþarýlý cevap: 200
2026-07-29 15:59:26,660 - INFO - POST isteði gönderiliyor: https://api.stripe.com/v1/customers
2026-07-29 15:59:27,462 - INFO - Baþarýlý cevap: 200
2026-07-29 15:59:27,473 - INFO - POST isteði gönderiliyor: https://api.stripe.com/v1/customers
2026-07-29 15:59:28,070 - INFO - Baþarýlý cevap: 200
2026-07-29 15:59:28,083 - INFO - POST isteði gönderiliyor: https://api.stripe.com/v1/customers
2026-07-29 15:59:28,689 - INFO - Baþarýlý cevap: 200
2026-07-29 15:59:36,832 - INFO - DELETE isteði gönderiliyor: https://api.stripe.com/v1/customers/cus_UyU2YodPQPbktn
2026-07-29 15:59:36,832 - INFO - DELETE isteði gönderiliyor: https://api.stripe.com/v1/customers/cus_UyU2HuHnB0eCJ7
2026-07-29 15:59:36,833 - INFO - DELETE isteði gönderiliyor: https://api.stripe.com/v1/customers/cus_UyU2cJUeyJ5pbH
2026-07-29 15:59:36,834 - INFO - DELETE isteði gönderiliyor: https://api.stripe.com/v1/customers/cus_UyU2AkYxb6AosM
2026-07-29 15:59:36,834 - INFO - DELETE isteði gönderiliyor: https://api.stripe.com/v1/customers/cus_UyU2od5vXsAw1K
2026-07-29 15:59:36,837 - INFO - DELETE isteði gönderiliyor: https://api.stripe.com/v1/customers/cus_UyU2cZUTYseISw
2026-07-29 15:59:36,838 - INFO - DELETE isteði gönderiliyor: https://api.stripe.com/v1/customers/cus_UyU2SGbrzPTDRY
2026-07-29 15:59:36,839 - INFO - DELETE isteði gönderiliyor: https://api.stripe.com/v1/customers/cus_UyU21sr6PVWhUm
2026-07-29 15:59:36,840 - INFO - DELETE isteði gönderiliyor: https://api.stripe.com/v1/customers/cus_UyU2MVrbmHOMop
2026-07-29 15:59:36,841 - INFO - DELETE isteði gönderiliyor: https://api.stripe.com/v1/customers/cus_UyU2gBUxczUoLu
2026-07-29 15:59:37,589 - INFO - Baþarýlý cevap: 200
2026-07-29 15:59:37,594 - INFO - Baþarýlý cevap: 200
2026-07-29 15:59:37,601 - INFO - DELETE isteði gönderiliyor: https://api.stripe.com/v1/customers/cus_UyU2A1yBKsqhDm
2026-07-29 15:59:37,602 - INFO - Baþarýlý cevap: 200
2026-07-29 15:59:37,606 - INFO - DELETE isteði gönderiliyor: https://api.stripe.com/v1/customers/cus_UyU2DTrCLA4vGJ
2026-07-29 15:59:37,610 - INFO - DELETE isteði gönderiliyor: https://api.stripe.com/v1/customers/cus_UyU2TO1MLOHZ11
2026-07-29 15:59:37,613 - INFO - Baþarýlý cevap: 200
2026-07-29 15:59:37,619 - INFO - DELETE isteði gönderiliyor: https://api.stripe.com/v1/customers/cus_UyU249nHlxQFbM
2026-07-29 15:59:37,634 - INFO - Baþarýlý cevap: 200
2026-07-29 15:59:37,642 - INFO - DELETE isteði gönderiliyor: https://api.stripe.com/v1/customers/cus_UyU2i5muv98my0
2026-07-29 15:59:37,651 - INFO - Baþarýlý cevap: 200
2026-07-29 15:59:37,660 - INFO - DELETE isteði gönderiliyor: https://api.stripe.com/v1/customers/cus_UyU2icDCoHg1zR
2026-07-29 15:59:37,670 - INFO - Baþarýlý cevap: 200
2026-07-29 15:59:37,673 - INFO - Baþarýlý cevap: 200
2026-07-29 15:59:37,677 - INFO - DELETE isteði gönderiliyor: https://api.stripe.com/v1/customers/cus_UyU2ACmUH1J5cL
2026-07-29 15:59:37,679 - INFO - DELETE isteði gönderiliyor: https://api.stripe.com/v1/customers/cus_UyU36S8dGEbkD5
2026-07-29 15:59:37,683 - INFO - Baþarýlý cevap: 200
2026-07-29 15:59:37,689 - INFO - DELETE isteði gönderiliyor: https://api.stripe.com/v1/customers/cus_UyU3k1pi8VoAYv
2026-07-29 15:59:37,739 - INFO - Baþarýlý cevap: 200
2026-07-29 15:59:37,745 - INFO - DELETE isteði gönderiliyor: https://api.stripe.com/v1/customers/cus_UyU3Q5ihBa5fjr
2026-07-29 15:59:38,253 - INFO - Baþarýlý cevap: 200
2026-07-29 15:59:38,260 - INFO - DELETE isteði gönderiliyor: https://api.stripe.com/v1/customers/cus_UyU3JxOIX3rT1I
2026-07-29 15:59:38,283 - INFO - Baþarýlý cevap: 200
2026-07-29 15:59:38,289 - INFO - DELETE isteði gönderiliyor: https://api.stripe.com/v1/customers/cus_UyU30sfb9zXjlo
2026-07-29 15:59:38,296 - INFO - Baþarýlý cevap: 200
2026-07-29 15:59:38,304 - INFO - DELETE isteði gönderiliyor: https://api.stripe.com/v1/customers/cus_UyU3tuvCEaHqCb
2026-07-29 15:59:38,331 - INFO - Baþarýlý cevap: 200
2026-07-29 15:59:38,340 - INFO - DELETE isteði gönderiliyor: https://api.stripe.com/v1/customers/cus_UyU3kl3B9BZdeC
2026-07-29 15:59:38,360 - INFO - Baþarýlý cevap: 200
2026-07-29 15:59:38,367 - INFO - DELETE isteði gönderiliyor: https://api.stripe.com/v1/customers/cus_UyU3jEtBi1hVlg
2026-07-29 15:59:38,371 - INFO - Baþarýlý cevap: 200
2026-07-29 15:59:38,377 - INFO - DELETE isteði gönderiliyor: https://api.stripe.com/v1/customers/cus_UyU3HVyJE6jjjN
2026-07-29 15:59:38,381 - INFO - Baþarýlý cevap: 200
2026-07-29 15:59:38,388 - INFO - DELETE isteði gönderiliyor: https://api.stripe.com/v1/customers/cus_UyU3FjvqfzuAwj
2026-07-29 15:59:38,439 - INFO - Baþarýlý cevap: 200
2026-07-29 15:59:38,440 - INFO - Baþarýlý cevap: 200
2026-07-29 15:59:38,446 - INFO - DELETE isteði gönderiliyor: https://api.stripe.com/v1/customers/cus_UyU3fMSSSK4FJC
2026-07-29 15:59:38,448 - INFO - DELETE isteði gönderiliyor: https://api.stripe.com/v1/customers/cus_UyU3FBuvkR9kPb
2026-07-29 15:59:38,473 - INFO - Baþarýlý cevap: 200
2026-07-29 15:59:38,480 - INFO - DELETE isteði gönderiliyor: https://api.stripe.com/v1/customers/cus_UyU3ufp1hlpezr
2026-07-29 15:59:38,966 - INFO - Baþarýlý cevap: 200
2026-07-29 15:59:38,973 - INFO - Baþarýlý cevap: 200
2026-07-29 15:59:39,034 - INFO - Baþarýlý cevap: 200
2026-07-29 15:59:39,048 - INFO - Baþarýlý cevap: 200
2026-07-29 15:59:39,053 - INFO - Baþarýlý cevap: 200
2026-07-29 15:59:39,057 - INFO - Baþarýlý cevap: 200
2026-07-29 15:59:39,065 - INFO - Baþarýlý cevap: 200
2026-07-29 15:59:39,080 - INFO - Baþarýlý cevap: 200
2026-07-29 15:59:39,174 - INFO - Baþarýlý cevap: 200
2026-07-29 15:59:39,178 - INFO - Baþarýlý cevap: 200
2026-07-29 16:03:11,103 - INFO - POST isteði gönderiliyor: https://api.stripe.com/v1/customers
2026-07-29 16:03:11,104 - INFO - POST isteði gönderiliyor: https://api.stripe.com/v1/customers
2026-07-29 16:03:11,105 - INFO - POST isteði gönderiliyor: https://api.stripe.com/v1/customers
2026-07-29 16:03:11,106 - INFO - POST isteði gönderiliyor: https://api.stripe.com/v1/customers
2026-07-29 16:03:11,108 - INFO - POST isteði gönderiliyor: https://api.stripe.com/v1/customers
2026-07-29 16:03:11,109 - INFO - POST isteði gönderiliyor: https://api.stripe.com/v1/customers
2026-07-29 16:03:11,110 - INFO - POST isteði gönderiliyor: https://api.stripe.com/v1/customers
2026-07-29 16:03:11,111 - INFO - POST isteði gönderiliyor: https://api.stripe.com/v1/customers
2026-07-29 16:03:11,112 - INFO - POST isteði gönderiliyor: https://api.stripe.com/v1/customers
2026-07-29 16:03:11,112 - INFO - POST isteði gönderiliyor: https://api.stripe.com/v1/customers
2026-07-29 16:03:11,890 - INFO - Baþarýlý cevap: 200
2026-07-29 16:03:11,892 - INFO - Baþarýlý cevap: 200
2026-07-29 16:03:11,892 - INFO - Baþarýlý cevap: 200
2026-07-29 16:03:11,893 - INFO - Baþarýlý cevap: 200
2026-07-29 16:03:11,901 - INFO - POST isteði gönderiliyor: https://api.stripe.com/v1/customers
2026-07-29 16:03:11,904 - INFO - POST isteði gönderiliyor: https://api.stripe.com/v1/customers
2026-07-29 16:03:11,904 - INFO - POST isteði gönderiliyor: https://api.stripe.com/v1/customers
2026-07-29 16:03:11,904 - INFO - POST isteði gönderiliyor: https://api.stripe.com/v1/customers
2026-07-29 16:03:11,911 - INFO - Baþarýlý cevap: 200
2026-07-29 16:03:11,916 - INFO - POST isteði gönderiliyor: https://api.stripe.com/v1/customers
2026-07-29 16:03:11,936 - INFO - Baþarýlý cevap: 200
2026-07-29 16:03:11,942 - INFO - POST isteði gönderiliyor: https://api.stripe.com/v1/customers
2026-07-29 16:03:11,952 - INFO - Baþarýlý cevap: 200
2026-07-29 16:03:11,953 - INFO - Baþarýlý cevap: 200
2026-07-29 16:03:11,954 - INFO - Baþarýlý cevap: 200
2026-07-29 16:03:11,958 - INFO - POST isteði gönderiliyor: https://api.stripe.com/v1/customers
2026-07-29 16:03:11,962 - INFO - POST isteði gönderiliyor: https://api.stripe.com/v1/customers
2026-07-29 16:03:11,964 - INFO - POST isteði gönderiliyor: https://api.stripe.com/v1/customers
2026-07-29 16:03:11,989 - INFO - Baþarýlý cevap: 200
2026-07-29 16:03:11,995 - INFO - POST isteði gönderiliyor: https://api.stripe.com/v1/customers
2026-07-29 16:03:12,533 - INFO - Baþarýlý cevap: 200
2026-07-29 16:03:12,534 - INFO - Baþarýlý cevap: 200
2026-07-29 16:03:12,534 - INFO - Baþarýlý cevap: 200
2026-07-29 16:03:12,535 - INFO - Baþarýlý cevap: 200
2026-07-29 16:03:12,535 - INFO - Baþarýlý cevap: 200
2026-07-29 16:03:12,540 - INFO - POST isteði gönderiliyor: https://api.stripe.com/v1/customers
2026-07-29 16:03:12,547 - INFO - POST isteði gönderiliyor: https://api.stripe.com/v1/customers
2026-07-29 16:03:12,549 - INFO - POST isteði gönderiliyor: https://api.stripe.com/v1/customers
2026-07-29 16:03:12,551 - INFO - POST isteði gönderiliyor: https://api.stripe.com/v1/customers
2026-07-29 16:03:12,552 - INFO - POST isteði gönderiliyor: https://api.stripe.com/v1/customers
2026-07-29 16:03:12,588 - INFO - Baþarýlý cevap: 200
2026-07-29 16:03:12,589 - INFO - Baþarýlý cevap: 200
2026-07-29 16:03:12,593 - INFO - Baþarýlý cevap: 200
2026-07-29 16:03:12,597 - INFO - POST isteði gönderiliyor: https://api.stripe.com/v1/customers
2026-07-29 16:03:12,598 - INFO - POST isteði gönderiliyor: https://api.stripe.com/v1/customers
2026-07-29 16:03:12,599 - INFO - Baþarýlý cevap: 200
2026-07-29 16:03:12,600 - INFO - Baþarýlý cevap: 200
2026-07-29 16:03:12,604 - INFO - POST isteði gönderiliyor: https://api.stripe.com/v1/customers
2026-07-29 16:03:12,609 - INFO - POST isteði gönderiliyor: https://api.stripe.com/v1/customers
2026-07-29 16:03:12,612 - INFO - POST isteði gönderiliyor: https://api.stripe.com/v1/customers
2026-07-29 16:03:13,163 - INFO - Baþarýlý cevap: 200
2026-07-29 16:03:13,199 - INFO - Baþarýlý cevap: 200
2026-07-29 16:03:13,200 - INFO - Baþarýlý cevap: 200
2026-07-29 16:03:13,200 - INFO - Baþarýlý cevap: 200
2026-07-29 16:03:13,205 - INFO - Baþarýlý cevap: 200
2026-07-29 16:03:13,231 - INFO - Baþarýlý cevap: 200
2026-07-29 16:03:13,254 - INFO - Baþarýlý cevap: 200
2026-07-29 16:03:13,255 - INFO - Baþarýlý cevap: 200
2026-07-29 16:03:13,304 - INFO - Baþarýlý cevap: 200
2026-07-29 16:03:13,330 - INFO - Baþarýlý cevap: 200
2026-07-29 16:03:35,269 - INFO - DELETE isteði gönderiliyor: https://api.stripe.com/v1/customers/cus_UyU6N4BLhOl71B
2026-07-29 16:03:35,270 - INFO - DELETE isteði gönderiliyor: https://api.stripe.com/v1/customers/cus_UyU63GDktbWzcn
2026-07-29 16:03:35,271 - INFO - DELETE isteði gönderiliyor: https://api.stripe.com/v1/customers/cus_UyU6UUyrmpVYNJ
2026-07-29 16:03:35,272 - INFO - DELETE isteði gönderiliyor: https://api.stripe.com/v1/customers/cus_UyU6sdxlZWDfbF
2026-07-29 16:03:35,275 - INFO - DELETE isteði gönderiliyor: https://api.stripe.com/v1/customers/cus_UyU6OYfjb74u4O
2026-07-29 16:03:35,276 - INFO - DELETE isteði gönderiliyor: https://api.stripe.com/v1/customers/cus_UyU6QCL1zHe2IE
2026-07-29 16:03:35,279 - INFO - DELETE isteði gönderiliyor: https://api.stripe.com/v1/customers/cus_UyU6Z73CiL2CoO
2026-07-29 16:03:35,283 - INFO - DELETE isteði gönderiliyor: https://api.stripe.com/v1/customers/cus_UyU60tKLI8KcqX
2026-07-29 16:03:35,284 - INFO - DELETE isteði gönderiliyor: https://api.stripe.com/v1/customers/cus_UyU6LiqE8h7xEN
2026-07-29 16:03:35,286 - INFO - DELETE isteði gönderiliyor: https://api.stripe.com/v1/customers/cus_UyU6O6YBGt9zqZ
2026-07-29 16:03:35,985 - INFO - Baþarýlý cevap: 200
2026-07-29 16:03:35,997 - INFO - DELETE isteði gönderiliyor: https://api.stripe.com/v1/customers/cus_UyU6NJa87sj9WB
2026-07-29 16:03:36,035 - INFO - Baþarýlý cevap: 200
2026-07-29 16:03:36,042 - INFO - DELETE isteði gönderiliyor: https://api.stripe.com/v1/customers/cus_UyU6E3iBqHoUHq
2026-07-29 16:03:36,052 - INFO - Baþarýlý cevap: 200
2026-07-29 16:03:36,054 - INFO - Baþarýlý cevap: 200
2026-07-29 16:03:36,061 - INFO - DELETE isteði gönderiliyor: https://api.stripe.com/v1/customers/cus_UyU6ejd0pWiHbK
2026-07-29 16:03:36,063 - INFO - DELETE isteði gönderiliyor: https://api.stripe.com/v1/customers/cus_UyU6KUEIxZALiJ
2026-07-29 16:03:36,100 - INFO - Baþarýlý cevap: 200
2026-07-29 16:03:36,100 - INFO - Baþarýlý cevap: 200
2026-07-29 16:03:36,101 - INFO - Baþarýlý cevap: 200
2026-07-29 16:03:36,107 - INFO - DELETE isteði gönderiliyor: https://api.stripe.com/v1/customers/cus_UyU6A1swC12TvS
2026-07-29 16:03:36,110 - INFO - DELETE isteði gönderiliyor: https://api.stripe.com/v1/customers/cus_UyU6xzTrXIZO8t
2026-07-29 16:03:36,112 - INFO - DELETE isteði gönderiliyor: https://api.stripe.com/v1/customers/cus_UyU60mWqkySAyw
2026-07-29 16:03:36,154 - INFO - Baþarýlý cevap: 200
2026-07-29 16:03:36,163 - INFO - DELETE isteði gönderiliyor: https://api.stripe.com/v1/customers/cus_UyU6KIyL9bI9ev
2026-07-29 16:03:36,182 - INFO - Baþarýlý cevap: 200
2026-07-29 16:03:36,186 - INFO - Baþarýlý cevap: 200
2026-07-29 16:03:36,191 - INFO - DELETE isteði gönderiliyor: https://api.stripe.com/v1/customers/cus_UyU6eOQahHZimY
2026-07-29 16:03:36,194 - INFO - DELETE isteði gönderiliyor: https://api.stripe.com/v1/customers/cus_UyU6H77Qd5y0hb
2026-07-29 16:03:36,700 - INFO - Baþarýlý cevap: 200
2026-07-29 16:03:36,710 - INFO - DELETE isteði gönderiliyor: https://api.stripe.com/v1/customers/cus_UyU66Sd1s1crRe
2026-07-29 16:03:36,746 - INFO - Baþarýlý cevap: 200
2026-07-29 16:03:36,749 - INFO - DELETE isteði gönderiliyor: https://api.stripe.com/v1/customers/cus_UyU6tw3k5VwWkU
2026-07-29 16:03:36,787 - INFO - Baþarýlý cevap: 200
2026-07-29 16:03:36,793 - INFO - DELETE isteði gönderiliyor: https://api.stripe.com/v1/customers/cus_UyU6eLm5nWwTJ4
2026-07-29 16:03:36,796 - INFO - Baþarýlý cevap: 200
2026-07-29 16:03:36,804 - INFO - Baþarýlý cevap: 200
2026-07-29 16:03:36,804 - INFO - DELETE isteði gönderiliyor: https://api.stripe.com/v1/customers/cus_UyU6LivYinSqpe
2026-07-29 16:03:36,809 - INFO - DELETE isteði gönderiliyor: https://api.stripe.com/v1/customers/cus_UyU6DlPJLm4JiJ
2026-07-29 16:03:36,816 - INFO - Baþarýlý cevap: 200
2026-07-29 16:03:36,822 - INFO - DELETE isteði gönderiliyor: https://api.stripe.com/v1/customers/cus_UyU6T1aTzgCMbJ
2026-07-29 16:03:36,875 - INFO - Baþarýlý cevap: 200
2026-07-29 16:03:36,883 - INFO - DELETE isteði gönderiliyor: https://api.stripe.com/v1/customers/cus_UyU6yW2fEjwueg
2026-07-29 16:03:36,892 - INFO - Baþarýlý cevap: 200
2026-07-29 16:03:36,904 - INFO - DELETE isteði gönderiliyor: https://api.stripe.com/v1/customers/cus_UyU6wyYwmXYlBw
2026-07-29 16:03:36,933 - INFO - Baþarýlý cevap: 200
2026-07-29 16:03:36,939 - INFO - DELETE isteði gönderiliyor: https://api.stripe.com/v1/customers/cus_UyU6NJRvF5DjqF
2026-07-29 16:03:36,959 - INFO - Baþarýlý cevap: 200
2026-07-29 16:03:36,966 - INFO - DELETE isteði gönderiliyor: https://api.stripe.com/v1/customers/cus_UyU6EF9368Mpe4
2026-07-29 16:03:37,364 - INFO - Baþarýlý cevap: 200
2026-07-29 16:03:37,381 - INFO - Baþarýlý cevap: 200
2026-07-29 16:03:37,477 - INFO - Baþarýlý cevap: 200
2026-07-29 16:03:37,482 - INFO - Baþarýlý cevap: 200
2026-07-29 16:03:37,513 - INFO - Baþarýlý cevap: 200
2026-07-29 16:03:37,523 - INFO - Baþarýlý cevap: 200
2026-07-29 16:03:37,584 - INFO - Baþarýlý cevap: 200
2026-07-29 16:03:37,584 - INFO - Baþarýlý cevap: 200
2026-07-29 16:03:37,651 - INFO - Baþarýlý cevap: 200
2026-07-29 16:03:37,681 - INFO - Baþarýlý cevap: 200
2026-07-29 16:04:53,942 - INFO - POST isteði gönderiliyor: https://api.stripe.com/v1/customers
2026-07-29 16:04:53,943 - INFO - POST isteði gönderiliyor: https://api.stripe.com/v1/customers
2026-07-29 16:04:53,944 - INFO - POST isteði gönderiliyor: https://api.stripe.com/v1/customers
2026-07-29 16:04:53,945 - INFO - POST isteði gönderiliyor: https://api.stripe.com/v1/customers
2026-07-29 16:04:53,945 - INFO - POST isteði gönderiliyor: https://api.stripe.com/v1/customers
2026-07-29 16:04:53,947 - INFO - POST isteði gönderiliyor: https://api.stripe.com/v1/customers
2026-07-29 16:04:53,948 - INFO - POST isteði gönderiliyor: https://api.stripe.com/v1/customers
2026-07-29 16:04:53,949 - INFO - POST isteði gönderiliyor: https://api.stripe.com/v1/customers
2026-07-29 16:04:53,950 - INFO - POST isteði gönderiliyor: https://api.stripe.com/v1/customers
2026-07-29 16:04:53,952 - INFO - POST isteði gönderiliyor: https://api.stripe.com/v1/customers
2026-07-29 16:04:54,836 - INFO - Baþarýlý cevap: 200
2026-07-29 16:04:54,839 - INFO - Baþarýlý cevap: 200
2026-07-29 16:04:54,848 - INFO - Baþarýlý cevap: 200
2026-07-29 16:04:54,848 - INFO - Baþarýlý cevap: 200
2026-07-29 16:04:54,851 - INFO - POST isteði gönderiliyor: https://api.stripe.com/v1/customers
2026-07-29 16:04:54,851 - INFO - POST isteði gönderiliyor: https://api.stripe.com/v1/customers
2026-07-29 16:04:54,855 - INFO - Baþarýlý cevap: 200
2026-07-29 16:04:54,856 - INFO - POST isteði gönderiliyor: https://api.stripe.com/v1/customers
2026-07-29 16:04:54,858 - INFO - POST isteði gönderiliyor: https://api.stripe.com/v1/customers
2026-07-29 16:04:54,862 - INFO - Baþarýlý cevap: 200
2026-07-29 16:04:54,863 - INFO - Baþarýlý cevap: 200
2026-07-29 16:04:54,865 - INFO - POST isteði gönderiliyor: https://api.stripe.com/v1/customers
2026-07-29 16:04:54,870 - INFO - POST isteði gönderiliyor: https://api.stripe.com/v1/customers
2026-07-29 16:04:54,871 - INFO - POST isteði gönderiliyor: https://api.stripe.com/v1/customers
2026-07-29 16:04:55,426 - INFO - Baþarýlý cevap: 200
2026-07-29 16:04:55,432 - INFO - POST isteði gönderiliyor: https://api.stripe.com/v1/customers
2026-07-29 16:04:55,439 - INFO - Baþarýlý cevap: 200
2026-07-29 16:04:55,446 - INFO - POST isteði gönderiliyor: https://api.stripe.com/v1/customers
2026-07-29 16:04:55,453 - INFO - Baþarýlý cevap: 200
2026-07-29 16:04:55,460 - INFO - POST isteði gönderiliyor: https://api.stripe.com/v1/customers
2026-07-29 16:04:55,461 - INFO - Baþarýlý cevap: 200
2026-07-29 16:04:55,469 - INFO - POST isteði gönderiliyor: https://api.stripe.com/v1/customers
2026-07-29 16:04:55,509 - INFO - Baþarýlý cevap: 200
2026-07-29 16:04:55,517 - INFO - POST isteði gönderiliyor: https://api.stripe.com/v1/customers
2026-07-29 16:04:55,521 - INFO - Baþarýlý cevap: 200
2026-07-29 16:04:55,526 - INFO - Baþarýlý cevap: 200
2026-07-29 16:04:55,528 - INFO - POST isteði gönderiliyor: https://api.stripe.com/v1/customers
2026-07-29 16:04:55,531 - INFO - POST isteði gönderiliyor: https://api.stripe.com/v1/customers
2026-07-29 16:04:55,711 - INFO - Baþarýlý cevap: 200
2026-07-29 16:04:55,718 - INFO - POST isteði gönderiliyor: https://api.stripe.com/v1/customers
2026-07-29 16:04:55,728 - INFO - Baþarýlý cevap: 200
2026-07-29 16:04:55,735 - INFO - POST isteði gönderiliyor: https://api.stripe.com/v1/customers
2026-07-29 16:04:55,759 - INFO - Baþarýlý cevap: 200
2026-07-29 16:04:55,765 - INFO - POST isteði gönderiliyor: https://api.stripe.com/v1/customers
2026-07-29 16:04:56,008 - INFO - Baþarýlý cevap: 200
2026-07-29 16:04:56,017 - INFO - POST isteði gönderiliyor: https://api.stripe.com/v1/customers
2026-07-29 16:04:56,033 - INFO - Baþarýlý cevap: 200
2026-07-29 16:04:56,041 - INFO - POST isteði gönderiliyor: https://api.stripe.com/v1/customers
2026-07-29 16:04:56,080 - INFO - Baþarýlý cevap: 200
2026-07-29 16:04:56,084 - INFO - POST isteði gönderiliyor: https://api.stripe.com/v1/customers
2026-07-29 16:04:56,085 - INFO - Baþarýlý cevap: 200
2026-07-29 16:04:56,092 - INFO - Baþarýlý cevap: 200
2026-07-29 16:04:56,097 - INFO - Baþarýlý cevap: 200
2026-07-29 16:04:56,172 - INFO - Baþarýlý cevap: 200
2026-07-29 16:04:56,287 - INFO - Baþarýlý cevap: 200
2026-07-29 16:04:56,331 - INFO - Baþarýlý cevap: 200
2026-07-29 16:04:56,352 - INFO - Baþarýlý cevap: 200
2026-07-29 16:04:56,659 - INFO - Baþarýlý cevap: 200
2026-07-29 16:04:56,730 - INFO - Baþarýlý cevap: 200
2026-07-29 16:04:56,794 - INFO - Baþarýlý cevap: 200
2026-07-29 16:05:31,521 - INFO - DELETE isteði gönderiliyor: https://api.stripe.com/v1/customers/cus_UyU8Ub40rdNQfI
2026-07-29 16:05:31,521 - INFO - DELETE isteði gönderiliyor: https://api.stripe.com/v1/customers/cus_UyU8G2eWSTcLuK
2026-07-29 16:05:31,522 - INFO - DELETE isteði gönderiliyor: https://api.stripe.com/v1/customers/cus_UyU8vfmXNW4RYd
2026-07-29 16:05:31,523 - INFO - DELETE isteði gönderiliyor: https://api.stripe.com/v1/customers/cus_UyU8zmmHQRQCeG
2026-07-29 16:05:31,524 - INFO - DELETE isteði gönderiliyor: https://api.stripe.com/v1/customers/cus_UyU8KmPFrSFNpm
2026-07-29 16:05:31,526 - INFO - DELETE isteði gönderiliyor: https://api.stripe.com/v1/customers/cus_UyU8dfA7GIMFI3
2026-07-29 16:05:31,528 - INFO - DELETE isteði gönderiliyor: https://api.stripe.com/v1/customers/cus_UyU8evIvoJyYIf
2026-07-29 16:05:31,529 - INFO - DELETE isteði gönderiliyor: https://api.stripe.com/v1/customers/cus_UyU8PgMBuEIyvW
2026-07-29 16:05:31,532 - INFO - DELETE isteði gönderiliyor: https://api.stripe.com/v1/customers/cus_UyU8Z3L5aX1HCH
2026-07-29 16:05:31,533 - INFO - DELETE isteði gönderiliyor: https://api.stripe.com/v1/customers/cus_UyU8BnMAEagmz1
2026-07-29 16:05:32,327 - INFO - Baþarýlý cevap: 200
2026-07-29 16:05:32,334 - INFO - DELETE isteði gönderiliyor: https://api.stripe.com/v1/customers/cus_UyU8OfP3hnbyNw
2026-07-29 16:05:32,347 - INFO - Baþarýlý cevap: 200
2026-07-29 16:05:32,352 - INFO - Baþarýlý cevap: 200
2026-07-29 16:05:32,354 - INFO - DELETE isteði gönderiliyor: https://api.stripe.com/v1/customers/cus_UyU81elYtkKWw9
2026-07-29 16:05:32,363 - INFO - DELETE isteði gönderiliyor: https://api.stripe.com/v1/customers/cus_UyU8yzANUIvj6m
2026-07-29 16:05:32,393 - INFO - Baþarýlý cevap: 200
2026-07-29 16:05:32,399 - INFO - DELETE isteði gönderiliyor: https://api.stripe.com/v1/customers/cus_UyU8YhZ0MCZsXB
2026-07-29 16:05:32,406 - INFO - Baþarýlý cevap: 200
2026-07-29 16:05:32,409 - INFO - Baþarýlý cevap: 200
2026-07-29 16:05:32,411 - INFO - Baþarýlý cevap: 200
2026-07-29 16:05:32,412 - INFO - Baþarýlý cevap: 200
2026-07-29 16:05:32,416 - INFO - DELETE isteði gönderiliyor: https://api.stripe.com/v1/customers/cus_UyU8kKQD8xXIft
2026-07-29 16:05:32,418 - INFO - DELETE isteði gönderiliyor: https://api.stripe.com/v1/customers/cus_UyU8ULURNUDRTu
2026-07-29 16:05:32,422 - INFO - DELETE isteði gönderiliyor: https://api.stripe.com/v1/customers/cus_UyU8LFkls4iLzM
2026-07-29 16:05:32,422 - INFO - DELETE isteði gönderiliyor: https://api.stripe.com/v1/customers/cus_UyU8AWTx144Ghe
2026-07-29 16:05:32,425 - INFO - Baþarýlý cevap: 200
2026-07-29 16:05:32,425 - INFO - Baþarýlý cevap: 200
2026-07-29 16:05:32,433 - INFO - DELETE isteði gönderiliyor: https://api.stripe.com/v1/customers/cus_UyU8ve2uTYrE0e
2026-07-29 16:05:32,436 - INFO - DELETE isteði gönderiliyor: https://api.stripe.com/v1/customers/cus_UyU8i8IvXMpojI
2026-07-29 16:05:33,025 - INFO - Baþarýlý cevap: 200
2026-07-29 16:05:33,031 - INFO - DELETE isteði gönderiliyor: https://api.stripe.com/v1/customers/cus_UyU86IMSLXq5aF
2026-07-29 16:05:33,068 - INFO - Baþarýlý cevap: 200
2026-07-29 16:05:33,075 - INFO - DELETE isteði gönderiliyor: https://api.stripe.com/v1/customers/cus_UyU8ci6WIaXkLH
2026-07-29 16:05:33,084 - INFO - Baþarýlý cevap: 200
2026-07-29 16:05:33,090 - INFO - DELETE isteði gönderiliyor: https://api.stripe.com/v1/customers/cus_UyU8QnK7LcNWYl
2026-07-29 16:05:33,100 - INFO - Baþarýlý cevap: 200
2026-07-29 16:05:33,101 - INFO - Baþarýlý cevap: 200
2026-07-29 16:05:33,107 - INFO - DELETE isteði gönderiliyor: https://api.stripe.com/v1/customers/cus_UyU8SyZVf2x3Wf
2026-07-29 16:05:33,108 - INFO - DELETE isteði gönderiliyor: https://api.stripe.com/v1/customers/cus_UyU8g3B8h4I4hY
2026-07-29 16:05:33,133 - INFO - Baþarýlý cevap: 200
2026-07-29 16:05:33,140 - INFO - DELETE isteði gönderiliyor: https://api.stripe.com/v1/customers/cus_UyU8nYkuEl52lt
2026-07-29 16:05:33,170 - INFO - Baþarýlý cevap: 200
2026-07-29 16:05:33,176 - INFO - DELETE isteði gönderiliyor: https://api.stripe.com/v1/customers/cus_UyU8A1R6NTayUV
2026-07-29 16:05:33,187 - INFO - Baþarýlý cevap: 200
2026-07-29 16:05:33,194 - INFO - DELETE isteði gönderiliyor: https://api.stripe.com/v1/customers/cus_UyU87BwXOSnPIb
2026-07-29 16:05:33,255 - INFO - Baþarýlý cevap: 200
2026-07-29 16:05:33,261 - INFO - DELETE isteði gönderiliyor: https://api.stripe.com/v1/customers/cus_UyU8CP79YF8GT0
2026-07-29 16:05:33,298 - INFO - Baþarýlý cevap: 200
2026-07-29 16:05:33,304 - INFO - DELETE isteði gönderiliyor: https://api.stripe.com/v1/customers/cus_UyU8mmvSpfb89H
2026-07-29 16:05:33,753 - INFO - Baþarýlý cevap: 200
2026-07-29 16:05:33,776 - INFO - Baþarýlý cevap: 200
2026-07-29 16:05:33,805 - INFO - Baþarýlý cevap: 200
2026-07-29 16:05:33,809 - INFO - Baþarýlý cevap: 200
2026-07-29 16:05:33,903 - INFO - Baþarýlý cevap: 200
2026-07-29 16:05:33,904 - INFO - Baþarýlý cevap: 200
2026-07-29 16:05:33,904 - INFO - Baþarýlý cevap: 200
2026-07-29 16:05:33,985 - INFO - Baþarýlý cevap: 200
2026-07-29 16:05:33,998 - INFO - Baþarýlý cevap: 200
2026-07-29 16:05:34,059 - INFO - Baþarýlý cevap: 200
2026-07-29 16:06:57,312 - INFO - POST isteði gönderiliyor: https://api.stripe.com/v1/customers
2026-07-29 16:06:58,093 - INFO - Baþarýlý cevap: 200
2026-07-29 16:06:58,100 - INFO - POST isteði gönderiliyor: https://api.stripe.com/v1/customers
2026-07-29 16:06:58,818 - INFO - Baþarýlý cevap: 200
2026-07-29 16:06:58,830 - INFO - POST isteði gönderiliyor: https://api.stripe.com/v1/customers
2026-07-29 16:06:59,544 - INFO - Baþarýlý cevap: 200
2026-07-29 16:06:59,555 - INFO - POST isteði gönderiliyor: https://api.stripe.com/v1/customers
2026-07-29 16:07:00,446 - INFO - Baþarýlý cevap: 200
2026-07-29 16:07:00,456 - INFO - POST isteði gönderiliyor: https://api.stripe.com/v1/customers
2026-07-29 16:07:01,148 - INFO - Baþarýlý cevap: 200
2026-07-29 16:07:01,159 - INFO - POST isteði gönderiliyor: https://api.stripe.com/v1/customers
2026-07-29 16:07:01,929 - INFO - Baþarýlý cevap: 200
2026-07-29 16:07:01,942 - INFO - POST isteði gönderiliyor: https://api.stripe.com/v1/customers
2026-07-29 16:07:03,971 - INFO - Baþarýlý cevap: 200
2026-07-29 16:07:03,985 - INFO - POST isteði gönderiliyor: https://api.stripe.com/v1/customers
2026-07-29 16:07:09,562 - INFO - Baþarýlý cevap: 200
2026-07-29 16:07:09,569 - INFO - POST isteði gönderiliyor: https://api.stripe.com/v1/customers
2026-07-29 16:07:22,755 - ERROR - Sunucu zamanýnda cevap vermedi: https://api.stripe.com/v1/customers
2026-07-29 16:07:22,757 - INFO - POST isteði gönderiliyor: https://api.stripe.com/v1/customers
2026-07-29 16:07:23,413 - INFO - Baþarýlý cevap: 200
2026-07-29 16:07:23,426 - INFO - POST isteði gönderiliyor: https://api.stripe.com/v1/customers
2026-07-29 16:07:24,075 - INFO - Baþarýlý cevap: 200
2026-07-29 16:07:24,086 - INFO - POST isteði gönderiliyor: https://api.stripe.com/v1/customers
2026-07-29 16:07:24,752 - INFO - Baþarýlý cevap: 200
2026-07-29 16:07:24,766 - INFO - POST isteði gönderiliyor: https://api.stripe.com/v1/customers
2026-07-29 16:07:25,356 - INFO - Baþarýlý cevap: 200
2026-07-29 16:07:25,361 - INFO - POST isteði gönderiliyor: https://api.stripe.com/v1/customers
2026-07-29 16:07:25,993 - INFO - Baþarýlý cevap: 200
2026-07-29 16:07:26,006 - INFO - POST isteði gönderiliyor: https://api.stripe.com/v1/customers
2026-07-29 16:07:26,740 - INFO - Baþarýlý cevap: 200
2026-07-29 16:07:26,746 - INFO - POST isteði gönderiliyor: https://api.stripe.com/v1/customers
2026-07-29 16:07:27,360 - INFO - Baþarýlý cevap: 200
2026-07-29 16:07:27,370 - INFO - POST isteði gönderiliyor: https://api.stripe.com/v1/customers
2026-07-29 16:07:28,055 - INFO - Baþarýlý cevap: 200
2026-07-29 16:07:28,063 - INFO - POST isteði gönderiliyor: https://api.stripe.com/v1/customers
2026-07-29 16:07:28,991 - INFO - Baþarýlý cevap: 200
2026-07-29 16:07:28,999 - INFO - POST isteði gönderiliyor: https://api.stripe.com/v1/customers
2026-07-29 16:07:29,996 - INFO - Baþarýlý cevap: 200
2026-07-29 16:07:30,005 - INFO - POST isteði gönderiliyor: https://api.stripe.com/v1/customers
2026-07-29 16:07:30,612 - INFO - Baþarýlý cevap: 200
2026-07-29 16:07:30,625 - INFO - POST isteði gönderiliyor: https://api.stripe.com/v1/customers
2026-07-29 16:07:31,220 - INFO - Baþarýlý cevap: 200
2026-07-29 16:07:31,232 - INFO - POST isteði gönderiliyor: https://api.stripe.com/v1/customers
2026-07-29 16:07:31,930 - INFO - Baþarýlý cevap: 200
2026-07-29 16:07:31,940 - INFO - POST isteði gönderiliyor: https://api.stripe.com/v1/customers
2026-07-29 16:07:32,501 - INFO - Baþarýlý cevap: 200
2026-07-29 16:07:32,511 - INFO - POST isteði gönderiliyor: https://api.stripe.com/v1/customers
2026-07-29 16:07:33,174 - INFO - Baþarýlý cevap: 200
2026-07-29 16:07:33,185 - INFO - POST isteði gönderiliyor: https://api.stripe.com/v1/customers
2026-07-29 16:07:33,830 - INFO - Baþarýlý cevap: 200
2026-07-29 16:07:33,838 - INFO - POST isteði gönderiliyor: https://api.stripe.com/v1/customers
2026-07-29 16:07:34,419 - INFO - Baþarýlý cevap: 200
2026-07-29 16:07:34,430 - INFO - POST isteði gönderiliyor: https://api.stripe.com/v1/customers
2026-07-29 16:07:35,016 - INFO - Baþarýlý cevap: 200
2026-07-29 16:07:35,022 - INFO - POST isteði gönderiliyor: https://api.stripe.com/v1/customers
2026-07-29 16:07:35,646 - INFO - Baþarýlý cevap: 200
2026-07-29 16:07:35,657 - INFO - POST isteði gönderiliyor: https://api.stripe.com/v1/customers
2026-07-29 16:07:36,289 - INFO - Baþarýlý cevap: 200
2026-07-29 16:07:36,296 - INFO - POST isteði gönderiliyor: https://api.stripe.com/v1/customers
2026-07-29 16:07:36,901 - INFO - Baþarýlý cevap: 200
2026-07-29 16:07:40,056 - INFO - DELETE isteði gönderiliyor: https://api.stripe.com/v1/customers/cus_UyUAersIyQl7aQ
2026-07-29 16:07:40,056 - INFO - DELETE isteði gönderiliyor: https://api.stripe.com/v1/customers/cus_UyUAaaBLAGT2TS
2026-07-29 16:07:40,057 - INFO - DELETE isteði gönderiliyor: https://api.stripe.com/v1/customers/cus_UyUAqPVpLRxYGr
2026-07-29 16:07:40,057 - INFO - DELETE isteði gönderiliyor: https://api.stripe.com/v1/customers/cus_UyUAuj8z4b37Cm
2026-07-29 16:07:40,058 - INFO - DELETE isteði gönderiliyor: https://api.stripe.com/v1/customers/cus_UyUAOB44CpgJqW
2026-07-29 16:07:40,058 - INFO - DELETE isteði gönderiliyor: https://api.stripe.com/v1/customers/cus_UyUAbJ6maOzq9C
2026-07-29 16:07:40,060 - INFO - DELETE isteði gönderiliyor: https://api.stripe.com/v1/customers/cus_UyUATbmnUOgBe4
2026-07-29 16:07:40,060 - INFO - DELETE isteði gönderiliyor: https://api.stripe.com/v1/customers/cus_UyUAdA17Ut4xtE
2026-07-29 16:07:40,062 - INFO - DELETE isteði gönderiliyor: https://api.stripe.com/v1/customers/cus_UyUB0HTwzquB5P
2026-07-29 16:07:40,062 - INFO - DELETE isteði gönderiliyor: https://api.stripe.com/v1/customers/cus_UyUBFCOcBEe0qx
2026-07-29 16:07:40,718 - INFO - Baþarýlý cevap: 200
2026-07-29 16:07:40,723 - INFO - Baþarýlý cevap: 200
2026-07-29 16:07:40,727 - INFO - DELETE isteði gönderiliyor: https://api.stripe.com/v1/customers/cus_UyUBTAamZC3Ia1
2026-07-29 16:07:40,730 - INFO - DELETE isteði gönderiliyor: https://api.stripe.com/v1/customers/cus_UyUBN3F0g6HFN1
2026-07-29 16:07:40,738 - INFO - Baþarýlý cevap: 200
2026-07-29 16:07:40,745 - INFO - DELETE isteði gönderiliyor: https://api.stripe.com/v1/customers/cus_UyUBGsCAVveK6k
2026-07-29 16:07:40,821 - INFO - Baþarýlý cevap: 200
2026-07-29 16:07:40,829 - INFO - DELETE isteði gönderiliyor: https://api.stripe.com/v1/customers/cus_UyUBuZLYdpOsCz
2026-07-29 16:07:40,831 - INFO - Baþarýlý cevap: 200
2026-07-29 16:07:40,837 - INFO - DELETE isteði gönderiliyor: https://api.stripe.com/v1/customers/cus_UyUBDEYNqPltXx
2026-07-29 16:07:40,848 - INFO - Baþarýlý cevap: 200
2026-07-29 16:07:40,853 - INFO - DELETE isteði gönderiliyor: https://api.stripe.com/v1/customers/cus_UyUBXz9uTQn1bY
2026-07-29 16:07:40,866 - INFO - Baþarýlý cevap: 200
2026-07-29 16:07:40,873 - INFO - DELETE isteði gönderiliyor: https://api.stripe.com/v1/customers/cus_UyUB33TWYmEZgW
2026-07-29 16:07:40,931 - INFO - Baþarýlý cevap: 200
2026-07-29 16:07:40,931 - INFO - Baþarýlý cevap: 200
2026-07-29 16:07:40,937 - INFO - DELETE isteði gönderiliyor: https://api.stripe.com/v1/customers/cus_UyUBXyvayZIj4o
2026-07-29 16:07:40,938 - INFO - DELETE isteði gönderiliyor: https://api.stripe.com/v1/customers/cus_UyUBWdGmRuOvg7
2026-07-29 16:07:40,950 - INFO - Baþarýlý cevap: 200
2026-07-29 16:07:40,957 - INFO - DELETE isteði gönderiliyor: https://api.stripe.com/v1/customers/cus_UyUBwiUClMsK8c
2026-07-29 16:07:41,359 - INFO - Baþarýlý cevap: 200
2026-07-29 16:07:41,370 - INFO - DELETE isteði gönderiliyor: https://api.stripe.com/v1/customers/cus_UyUBwqdlKrJaal
2026-07-29 16:07:41,482 - INFO - Baþarýlý cevap: 200
2026-07-29 16:07:41,490 - INFO - DELETE isteði gönderiliyor: https://api.stripe.com/v1/customers/cus_UyUBwk18ILD55p
2026-07-29 16:07:41,507 - INFO - Baþarýlý cevap: 200
2026-07-29 16:07:41,513 - INFO - DELETE isteði gönderiliyor: https://api.stripe.com/v1/customers/cus_UyUBvUKZOYwrw5
2026-07-29 16:07:41,513 - INFO - Baþarýlý cevap: 200
2026-07-29 16:07:41,515 - INFO - Baþarýlý cevap: 200
2026-07-29 16:07:41,522 - INFO - DELETE isteði gönderiliyor: https://api.stripe.com/v1/customers/cus_UyUBJcvFEVbcjK
2026-07-29 16:07:41,523 - INFO - Baþarýlý cevap: 200
2026-07-29 16:07:41,524 - INFO - Baþarýlý cevap: 200
2026-07-29 16:07:41,526 - INFO - DELETE isteði gönderiliyor: https://api.stripe.com/v1/customers/cus_UyUBiCgMcvZTEy
2026-07-29 16:07:41,531 - INFO - DELETE isteði gönderiliyor: https://api.stripe.com/v1/customers/cus_UyUBrMzcEJlfGF
2026-07-29 16:07:41,532 - INFO - DELETE isteði gönderiliyor: https://api.stripe.com/v1/customers/cus_UyUB19exdX7Apo
2026-07-29 16:07:41,610 - INFO - Baþarýlý cevap: 200
2026-07-29 16:07:41,615 - INFO - DELETE isteði gönderiliyor: https://api.stripe.com/v1/customers/cus_UyUBYxDUrRkHh3
2026-07-29 16:07:41,688 - INFO - Baþarýlý cevap: 200
2026-07-29 16:07:41,695 - INFO - DELETE isteði gönderiliyor: https://api.stripe.com/v1/customers/cus_UyUBwueWk0Y2IG
2026-07-29 16:07:41,781 - INFO - Baþarýlý cevap: 200
2026-07-29 16:07:42,138 - INFO - Baþarýlý cevap: 200
2026-07-29 16:07:42,154 - INFO - Baþarýlý cevap: 200
2026-07-29 16:07:42,171 - INFO - Baþarýlý cevap: 200
2026-07-29 16:07:42,228 - INFO - Baþarýlý cevap: 200
2026-07-29 16:07:42,230 - INFO - Baþarýlý cevap: 200
2026-07-29 16:07:42,244 - INFO - Baþarýlý cevap: 200
2026-07-29 16:07:42,264 - INFO - Baþarýlý cevap: 200
2026-07-29 16:07:42,308 - INFO - Baþarýlý cevap: 200
2026-07-29 16:07:42,316 - INFO - Baþarýlý cevap: 200
2026-07-29 16:08:11,387 - INFO - POST isteði gönderiliyor: https://api.stripe.com/v1/customers
2026-07-29 16:08:11,387 - INFO - POST isteði gönderiliyor: https://api.stripe.com/v1/customers
2026-07-29 16:08:11,388 - INFO - POST isteði gönderiliyor: https://api.stripe.com/v1/customers
2026-07-29 16:08:11,388 - INFO - POST isteði gönderiliyor: https://api.stripe.com/v1/customers
2026-07-29 16:08:11,388 - INFO - POST isteði gönderiliyor: https://api.stripe.com/v1/customers
2026-07-29 16:08:11,390 - INFO - POST isteði gönderiliyor: https://api.stripe.com/v1/customers
2026-07-29 16:08:11,391 - INFO - POST isteði gönderiliyor: https://api.stripe.com/v1/customers
2026-07-29 16:08:11,394 - INFO - POST isteði gönderiliyor: https://api.stripe.com/v1/customers
2026-07-29 16:08:11,395 - INFO - POST isteði gönderiliyor: https://api.stripe.com/v1/customers
2026-07-29 16:08:11,396 - INFO - POST isteði gönderiliyor: https://api.stripe.com/v1/customers
2026-07-29 16:08:12,290 - INFO - Baþarýlý cevap: 200
2026-07-29 16:08:12,302 - INFO - POST isteði gönderiliyor: https://api.stripe.com/v1/customers
2026-07-29 16:08:12,305 - INFO - Baþarýlý cevap: 200
2026-07-29 16:08:12,312 - INFO - POST isteði gönderiliyor: https://api.stripe.com/v1/customers
2026-07-29 16:08:12,350 - INFO - Baþarýlý cevap: 200
2026-07-29 16:08:12,351 - INFO - Baþarýlý cevap: 200
2026-07-29 16:08:12,352 - INFO - Baþarýlý cevap: 200
2026-07-29 16:08:12,357 - INFO - POST isteði gönderiliyor: https://api.stripe.com/v1/customers
2026-07-29 16:08:12,359 - INFO - POST isteði gönderiliyor: https://api.stripe.com/v1/customers
2026-07-29 16:08:12,360 - INFO - POST isteði gönderiliyor: https://api.stripe.com/v1/customers
2026-07-29 16:08:12,364 - INFO - Baþarýlý cevap: 200
2026-07-29 16:08:12,366 - INFO - Baþarýlý cevap: 200
2026-07-29 16:08:12,371 - INFO - POST isteði gönderiliyor: https://api.stripe.com/v1/customers
2026-07-29 16:08:12,373 - INFO - POST isteði gönderiliyor: https://api.stripe.com/v1/customers
2026-07-29 16:08:12,385 - INFO - Baþarýlý cevap: 200
2026-07-29 16:08:12,386 - INFO - Baþarýlý cevap: 200
2026-07-29 16:08:12,392 - INFO - POST isteði gönderiliyor: https://api.stripe.com/v1/customers
2026-07-29 16:08:12,394 - INFO - POST isteði gönderiliyor: https://api.stripe.com/v1/customers
2026-07-29 16:08:12,414 - INFO - Baþarýlý cevap: 200
2026-07-29 16:08:12,420 - INFO - POST isteði gönderiliyor: https://api.stripe.com/v1/customers
2026-07-29 16:08:12,923 - INFO - Baþarýlý cevap: 200
2026-07-29 16:08:12,937 - INFO - POST isteði gönderiliyor: https://api.stripe.com/v1/customers
2026-07-29 16:08:12,975 - INFO - Baþarýlý cevap: 200
2026-07-29 16:08:12,980 - INFO - POST isteði gönderiliyor: https://api.stripe.com/v1/customers
2026-07-29 16:08:13,052 - INFO - Baþarýlý cevap: 200
2026-07-29 16:08:13,053 - INFO - Baþarýlý cevap: 200
2026-07-29 16:08:13,053 - INFO - Baþarýlý cevap: 200
2026-07-29 16:08:13,058 - INFO - POST isteði gönderiliyor: https://api.stripe.com/v1/customers
2026-07-29 16:08:13,060 - INFO - POST isteði gönderiliyor: https://api.stripe.com/v1/customers
2026-07-29 16:08:13,061 - INFO - POST isteði gönderiliyor: https://api.stripe.com/v1/customers
2026-07-29 16:08:13,079 - INFO - Baþarýlý cevap: 200
2026-07-29 16:08:13,081 - INFO - Baþarýlý cevap: 200
2026-07-29 16:08:13,086 - INFO - POST isteði gönderiliyor: https://api.stripe.com/v1/customers
2026-07-29 16:08:13,088 - INFO - POST isteði gönderiliyor: https://api.stripe.com/v1/customers
2026-07-29 16:08:13,099 - INFO - Baþarýlý cevap: 200
2026-07-29 16:08:13,105 - INFO - POST isteði gönderiliyor: https://api.stripe.com/v1/customers
2026-07-29 16:08:13,138 - INFO - Baþarýlý cevap: 200
2026-07-29 16:08:13,139 - INFO - Baþarýlý cevap: 200
2026-07-29 16:08:13,144 - INFO - POST isteði gönderiliyor: https://api.stripe.com/v1/customers
2026-07-29 16:08:13,147 - INFO - POST isteði gönderiliyor: https://api.stripe.com/v1/customers
2026-07-29 16:08:13,641 - INFO - Baþarýlý cevap: 200
2026-07-29 16:08:13,673 - INFO - Baþarýlý cevap: 200
2026-07-29 16:08:13,691 - INFO - Baþarýlý cevap: 200
2026-07-29 16:08:13,723 - INFO - Baþarýlý cevap: 200
2026-07-29 16:08:13,749 - INFO - Baþarýlý cevap: 200
2026-07-29 16:08:13,761 - INFO - Baþarýlý cevap: 200
2026-07-29 16:08:13,788 - INFO - Baþarýlý cevap: 200
2026-07-29 16:08:13,814 - INFO - Baþarýlý cevap: 200
2026-07-29 16:08:13,829 - INFO - Baþarýlý cevap: 200
2026-07-29 16:08:13,922 - INFO - Baþarýlý cevap: 200
2026-07-29 16:08:21,274 - INFO - DELETE isteði gönderiliyor: https://api.stripe.com/v1/customers/cus_UyUBQWiJBnH33h
2026-07-29 16:08:21,275 - INFO - DELETE isteði gönderiliyor: https://api.stripe.com/v1/customers/cus_UyUB48Lb75reBD
2026-07-29 16:08:21,275 - INFO - DELETE isteði gönderiliyor: https://api.stripe.com/v1/customers/cus_UyUBknbJBWeQUM
2026-07-29 16:08:21,276 - INFO - DELETE isteði gönderiliyor: https://api.stripe.com/v1/customers/cus_UyUBduRneswUTr
2026-07-29 16:08:21,277 - INFO - DELETE isteði gönderiliyor: https://api.stripe.com/v1/customers/cus_UyUBI1Hnj6X1ZF
2026-07-29 16:08:21,277 - INFO - DELETE isteði gönderiliyor: https://api.stripe.com/v1/customers/cus_UyUBL1Y9TqQZDz
2026-07-29 16:08:21,279 - INFO - DELETE isteði gönderiliyor: https://api.stripe.com/v1/customers/cus_UyUB1wqiCNaTmr
2026-07-29 16:08:21,280 - INFO - DELETE isteði gönderiliyor: https://api.stripe.com/v1/customers/cus_UyUBNp2SQplIWg
2026-07-29 16:08:21,281 - INFO - DELETE isteði gönderiliyor: https://api.stripe.com/v1/customers/cus_UyUBK0xxMT7THi
2026-07-29 16:08:21,283 - INFO - DELETE isteði gönderiliyor: https://api.stripe.com/v1/customers/cus_UyUBfPkKdIlbT1
2026-07-29 16:08:22,018 - INFO - Baþarýlý cevap: 200
2026-07-29 16:08:22,022 - INFO - Baþarýlý cevap: 200
2026-07-29 16:08:22,031 - INFO - DELETE isteði gönderiliyor: https://api.stripe.com/v1/customers/cus_UyUBYtj6gVNbvK
2026-07-29 16:08:22,033 - INFO - DELETE isteði gönderiliyor: https://api.stripe.com/v1/customers/cus_UyUBzkpHqj4uTc
2026-07-29 16:08:22,037 - INFO - Baþarýlý cevap: 200
2026-07-29 16:08:22,040 - INFO - Baþarýlý cevap: 200
2026-07-29 16:08:22,047 - INFO - Baþarýlý cevap: 200
2026-07-29 16:08:22,048 - INFO - DELETE isteði gönderiliyor: https://api.stripe.com/v1/customers/cus_UyUB6o4kRlvjV5
2026-07-29 16:08:22,051 - INFO - DELETE isteði gönderiliyor: https://api.stripe.com/v1/customers/cus_UyUBA5xa6RkkDR
2026-07-29 16:08:22,058 - INFO - DELETE isteði gönderiliyor: https://api.stripe.com/v1/customers/cus_UyUB9X6hWuxnYT
2026-07-29 16:08:22,066 - INFO - Baþarýlý cevap: 200
2026-07-29 16:08:22,073 - INFO - DELETE isteði gönderiliyor: https://api.stripe.com/v1/customers/cus_UyUBY4Wlaf99G2
2026-07-29 16:08:22,078 - INFO - Baþarýlý cevap: 200
2026-07-29 16:08:22,078 - INFO - Baþarýlý cevap: 200
2026-07-29 16:08:22,084 - INFO - DELETE isteði gönderiliyor: https://api.stripe.com/v1/customers/cus_UyUBMfuycKeoq5
2026-07-29 16:08:22,086 - INFO - DELETE isteði gönderiliyor: https://api.stripe.com/v1/customers/cus_UyUBvuoijid7YJ
2026-07-29 16:08:22,101 - INFO - Baþarýlý cevap: 200
2026-07-29 16:08:22,106 - INFO - DELETE isteði gönderiliyor: https://api.stripe.com/v1/customers/cus_UyUBSnWNOxA9Tp
2026-07-29 16:08:22,147 - INFO - Baþarýlý cevap: 200
2026-07-29 16:08:22,152 - INFO - DELETE isteði gönderiliyor: https://api.stripe.com/v1/customers/cus_UyUBYrbmzhjmPQ
2026-07-29 16:08:22,708 - INFO - Baþarýlý cevap: 200
2026-07-29 16:08:22,709 - INFO - Baþarýlý cevap: 200
2026-07-29 16:08:22,709 - INFO - Baþarýlý cevap: 200
2026-07-29 16:08:22,717 - INFO - DELETE isteði gönderiliyor: https://api.stripe.com/v1/customers/cus_UyUB8UJf1VjtPR
2026-07-29 16:08:22,721 - INFO - DELETE isteði gönderiliyor: https://api.stripe.com/v1/customers/cus_UyUBBW6hkM2kkd
2026-07-29 16:08:22,722 - INFO - DELETE isteði gönderiliyor: https://api.stripe.com/v1/customers/cus_UyUBOhTH01BnAg
2026-07-29 16:08:22,729 - INFO - Baþarýlý cevap: 200
2026-07-29 16:08:22,736 - INFO - DELETE isteði gönderiliyor: https://api.stripe.com/v1/customers/cus_UyUBba64230xHC
2026-07-29 16:08:22,803 - INFO - Baþarýlý cevap: 200
2026-07-29 16:08:22,810 - INFO - Baþarýlý cevap: 200
2026-07-29 16:08:22,810 - INFO - DELETE isteði gönderiliyor: https://api.stripe.com/v1/customers/cus_UyUBCOv8XQjFNV
2026-07-29 16:08:22,816 - INFO - DELETE isteði gönderiliyor: https://api.stripe.com/v1/customers/cus_UyUBaXqSGrNXve
2026-07-29 16:08:22,830 - INFO - Baþarýlý cevap: 200
2026-07-29 16:08:22,836 - INFO - DELETE isteði gönderiliyor: https://api.stripe.com/v1/customers/cus_UyUB43GUqlejne
2026-07-29 16:08:23,098 - INFO - Baþarýlý cevap: 200
2026-07-29 16:08:23,101 - INFO - Baþarýlý cevap: 200
2026-07-29 16:08:23,112 - INFO - DELETE isteði gönderiliyor: https://api.stripe.com/v1/customers/cus_UyUBNe4b7uAmPE
2026-07-29 16:08:23,115 - INFO - DELETE isteði gönderiliyor: https://api.stripe.com/v1/customers/cus_UyUBrgXVONoWFb
2026-07-29 16:08:23,199 - INFO - Baþarýlý cevap: 200
2026-07-29 16:08:23,208 - INFO - DELETE isteði gönderiliyor: https://api.stripe.com/v1/customers/cus_UyUBpioT8G9aqw
2026-07-29 16:08:23,646 - INFO - Baþarýlý cevap: 200
2026-07-29 16:08:23,656 - INFO - Baþarýlý cevap: 200
2026-07-29 16:08:23,702 - INFO - Baþarýlý cevap: 200
2026-07-29 16:08:23,703 - INFO - Baþarýlý cevap: 200
2026-07-29 16:08:23,712 - INFO - Baþarýlý cevap: 200
2026-07-29 16:08:23,712 - INFO - Baþarýlý cevap: 200
2026-07-29 16:08:23,744 - INFO - Baþarýlý cevap: 200
2026-07-29 16:08:23,831 - INFO - Baþarýlý cevap: 200
2026-07-29 16:08:23,871 - INFO - Baþarýlý cevap: 200
2026-07-29 16:08:23,923 - INFO - Baþarýlý cevap: 200
2026-07-29 16:09:03,609 - INFO - POST isteði gönderiliyor: https://api.stripe.com/v1/customers
2026-07-29 16:09:03,610 - INFO - POST isteði gönderiliyor: https://api.stripe.com/v1/customers
2026-07-29 16:09:03,612 - INFO - POST isteði gönderiliyor: https://api.stripe.com/v1/customers
2026-07-29 16:09:03,612 - INFO - POST isteði gönderiliyor: https://api.stripe.com/v1/customers
2026-07-29 16:09:03,613 - INFO - POST isteði gönderiliyor: https://api.stripe.com/v1/customers
2026-07-29 16:09:03,613 - INFO - POST isteði gönderiliyor: https://api.stripe.com/v1/customers
2026-07-29 16:09:03,614 - INFO - POST isteði gönderiliyor: https://api.stripe.com/v1/customers
2026-07-29 16:09:03,615 - INFO - POST isteði gönderiliyor: https://api.stripe.com/v1/customers
2026-07-29 16:09:03,616 - INFO - POST isteði gönderiliyor: https://api.stripe.com/v1/customers
2026-07-29 16:09:03,617 - INFO - POST isteði gönderiliyor: https://api.stripe.com/v1/customers
2026-07-29 16:09:04,332 - INFO - Baþarýlý cevap: 200
2026-07-29 16:09:04,340 - INFO - POST isteði gönderiliyor: https://api.stripe.com/v1/customers
2026-07-29 16:09:04,359 - INFO - Baþarýlý cevap: 200
2026-07-29 16:09:04,361 - INFO - Baþarýlý cevap: 200
2026-07-29 16:09:04,361 - INFO - Baþarýlý cevap: 200
2026-07-29 16:09:04,361 - INFO - Baþarýlý cevap: 200
2026-07-29 16:09:04,361 - INFO - Baþarýlý cevap: 200
2026-07-29 16:09:04,366 - INFO - POST isteði gönderiliyor: https://api.stripe.com/v1/customers
2026-07-29 16:09:04,367 - INFO - POST isteði gönderiliyor: https://api.stripe.com/v1/customers
2026-07-29 16:09:04,369 - INFO - POST isteði gönderiliyor: https://api.stripe.com/v1/customers
2026-07-29 16:09:04,373 - INFO - POST isteði gönderiliyor: https://api.stripe.com/v1/customers
2026-07-29 16:09:04,374 - INFO - POST isteði gönderiliyor: https://api.stripe.com/v1/customers
2026-07-29 16:09:04,435 - INFO - Baþarýlý cevap: 200
2026-07-29 16:09:04,435 - INFO - Baþarýlý cevap: 200
2026-07-29 16:09:04,435 - INFO - Baþarýlý cevap: 200
2026-07-29 16:09:04,439 - INFO - Baþarýlý cevap: 200
2026-07-29 16:09:04,443 - INFO - POST isteði gönderiliyor: https://api.stripe.com/v1/customers
2026-07-29 16:09:04,445 - INFO - POST isteði gönderiliyor: https://api.stripe.com/v1/customers
2026-07-29 16:09:04,448 - INFO - POST isteði gönderiliyor: https://api.stripe.com/v1/customers
2026-07-29 16:09:04,451 - INFO - POST isteði gönderiliyor: https://api.stripe.com/v1/customers
2026-07-29 16:09:04,952 - INFO - Baþarýlý cevap: 200
2026-07-29 16:09:04,961 - INFO - POST isteði gönderiliyor: https://api.stripe.com/v1/customers
2026-07-29 16:09:05,017 - INFO - Baþarýlý cevap: 200
2026-07-29 16:09:05,023 - INFO - POST isteði gönderiliyor: https://api.stripe.com/v1/customers
2026-07-29 16:09:05,026 - INFO - Baþarýlý cevap: 200
2026-07-29 16:09:05,032 - INFO - POST isteði gönderiliyor: https://api.stripe.com/v1/customers
2026-07-29 16:09:05,033 - INFO - Baþarýlý cevap: 200
2026-07-29 16:09:05,039 - INFO - POST isteði gönderiliyor: https://api.stripe.com/v1/customers
2026-07-29 16:09:05,043 - INFO - Baþarýlý cevap: 200
2026-07-29 16:09:05,050 - INFO - POST isteði gönderiliyor: https://api.stripe.com/v1/customers
2026-07-29 16:09:05,072 - INFO - Baþarýlý cevap: 200
2026-07-29 16:09:05,078 - INFO - POST isteði gönderiliyor: https://api.stripe.com/v1/customers
2026-07-29 16:09:05,125 - INFO - Baþarýlý cevap: 200
2026-07-29 16:09:05,132 - INFO - POST isteði gönderiliyor: https://api.stripe.com/v1/customers
2026-07-29 16:09:05,138 - INFO - Baþarýlý cevap: 200
2026-07-29 16:09:05,145 - INFO - POST isteði gönderiliyor: https://api.stripe.com/v1/customers
2026-07-29 16:09:05,169 - INFO - Baþarýlý cevap: 200
2026-07-29 16:09:05,175 - INFO - POST isteði gönderiliyor: https://api.stripe.com/v1/customers
2026-07-29 16:09:05,182 - INFO - Baþarýlý cevap: 200
2026-07-29 16:09:05,187 - INFO - POST isteði gönderiliyor: https://api.stripe.com/v1/customers
2026-07-29 16:09:05,576 - INFO - Baþarýlý cevap: 200
2026-07-29 16:09:05,596 - INFO - Baþarýlý cevap: 200
2026-07-29 16:09:05,604 - INFO - Baþarýlý cevap: 200
2026-07-29 16:09:05,642 - INFO - Baþarýlý cevap: 200
2026-07-29 16:09:05,702 - INFO - Baþarýlý cevap: 200
2026-07-29 16:09:05,776 - INFO - Baþarýlý cevap: 200
2026-07-29 16:09:05,782 - INFO - Baþarýlý cevap: 200
2026-07-29 16:09:05,845 - INFO - Baþarýlý cevap: 200
2026-07-29 16:09:05,846 - INFO - Baþarýlý cevap: 200
2026-07-29 16:09:05,853 - INFO - Baþarýlý cevap: 200
2026-07-29 16:09:44,089 - INFO - DELETE isteði gönderiliyor: https://api.stripe.com/v1/customers/cus_UyUCvGTST9qgzA
2026-07-29 16:09:44,089 - INFO - DELETE isteði gönderiliyor: https://api.stripe.com/v1/customers/cus_UyUCEldbTCgDOj
2026-07-29 16:09:44,090 - INFO - DELETE isteði gönderiliyor: https://api.stripe.com/v1/customers/cus_UyUCT2pWnfVXfi
2026-07-29 16:09:44,091 - INFO - DELETE isteði gönderiliyor: https://api.stripe.com/v1/customers/cus_UyUCobeNc5cg23
2026-07-29 16:09:44,092 - INFO - DELETE isteði gönderiliyor: https://api.stripe.com/v1/customers/cus_UyUCMW1UIP2NvZ
2026-07-29 16:09:44,094 - INFO - DELETE isteði gönderiliyor: https://api.stripe.com/v1/customers/cus_UyUCF0S9QDhm9E
2026-07-29 16:09:44,099 - INFO - DELETE isteði gönderiliyor: https://api.stripe.com/v1/customers/cus_UyUCoabZs7VSml
2026-07-29 16:09:44,100 - INFO - DELETE isteði gönderiliyor: https://api.stripe.com/v1/customers/cus_UyUCkG10nWngPp
2026-07-29 16:09:44,103 - INFO - DELETE isteði gönderiliyor: https://api.stripe.com/v1/customers/cus_UyUCHvVUb57wm9
2026-07-29 16:09:44,104 - INFO - DELETE isteði gönderiliyor: https://api.stripe.com/v1/customers/cus_UyUCcgwPrePAXV
2026-07-29 16:09:44,895 - INFO - Baþarýlý cevap: 200
2026-07-29 16:09:44,896 - INFO - Baþarýlý cevap: 200
2026-07-29 16:09:44,907 - INFO - DELETE isteði gönderiliyor: https://api.stripe.com/v1/customers/cus_UyUCPcDByz5L5Z
2026-07-29 16:09:44,912 - INFO - Baþarýlý cevap: 200
2026-07-29 16:09:44,914 - INFO - Baþarýlý cevap: 200
2026-07-29 16:09:44,917 - INFO - DELETE isteði gönderiliyor: https://api.stripe.com/v1/customers/cus_UyUCtg74hhblqX
2026-07-29 16:09:44,917 - INFO - Baþarýlý cevap: 200
2026-07-29 16:09:44,918 - INFO - Baþarýlý cevap: 200
2026-07-29 16:09:44,918 - INFO - Baþarýlý cevap: 200
2026-07-29 16:09:44,927 - INFO - DELETE isteði gönderiliyor: https://api.stripe.com/v1/customers/cus_UyUClXr73cwkgr
2026-07-29 16:09:44,929 - INFO - DELETE isteði gönderiliyor: https://api.stripe.com/v1/customers/cus_UyUCXcuyGqzfRP
2026-07-29 16:09:44,935 - INFO - DELETE isteði gönderiliyor: https://api.stripe.com/v1/customers/cus_UyUCuEmPhAshFz
2026-07-29 16:09:44,936 - INFO - DELETE isteði gönderiliyor: https://api.stripe.com/v1/customers/cus_UyUCQ5DsjdLm72
2026-07-29 16:09:44,938 - INFO - DELETE isteði gönderiliyor: https://api.stripe.com/v1/customers/cus_UyUCi0HgxE9rK0
2026-07-29 16:09:44,944 - INFO - Baþarýlý cevap: 200
2026-07-29 16:09:44,949 - INFO - DELETE isteði gönderiliyor: https://api.stripe.com/v1/customers/cus_UyUCxvyfWKI4La
2026-07-29 16:09:45,006 - INFO - Baþarýlý cevap: 200
2026-07-29 16:09:45,007 - INFO - Baþarýlý cevap: 200
2026-07-29 16:09:45,010 - INFO - DELETE isteði gönderiliyor: https://api.stripe.com/v1/customers/cus_UyUCNz9NKjtEOt
2026-07-29 16:09:45,015 - INFO - DELETE isteði gönderiliyor: https://api.stripe.com/v1/customers/cus_UyUCtUGgrTc6v4
2026-07-29 16:09:45,517 - INFO - Baþarýlý cevap: 200
2026-07-29 16:09:45,529 - INFO - DELETE isteði gönderiliyor: https://api.stripe.com/v1/customers/cus_UyUCREGgNNLykV
2026-07-29 16:09:45,582 - INFO - Baþarýlý cevap: 200
2026-07-29 16:09:45,582 - INFO - Baþarýlý cevap: 200
2026-07-29 16:09:45,588 - INFO - DELETE isteði gönderiliyor: https://api.stripe.com/v1/customers/cus_UyUCo8nK3za1yT
2026-07-29 16:09:45,589 - INFO - Baþarýlý cevap: 200
2026-07-29 16:09:45,591 - INFO - DELETE isteði gönderiliyor: https://api.stripe.com/v1/customers/cus_UyUCBriVGx0gId
2026-07-29 16:09:45,595 - INFO - DELETE isteði gönderiliyor: https://api.stripe.com/v1/customers/cus_UyUCQk8sxNec6e
2026-07-29 16:09:45,667 - INFO - Baþarýlý cevap: 200
2026-07-29 16:09:45,673 - INFO - DELETE isteði gönderiliyor: https://api.stripe.com/v1/customers/cus_UyUCwHbCafxhUA
2026-07-29 16:09:45,744 - INFO - Baþarýlý cevap: 200
2026-07-29 16:09:45,747 - INFO - Baþarýlý cevap: 200
2026-07-29 16:09:45,750 - INFO - Baþarýlý cevap: 200
2026-07-29 16:09:45,756 - INFO - DELETE isteði gönderiliyor: https://api.stripe.com/v1/customers/cus_UyUCZG19YG24Jd
2026-07-29 16:09:45,757 - INFO - DELETE isteði gönderiliyor: https://api.stripe.com/v1/customers/cus_UyUCNETmGHssOx
2026-07-29 16:09:45,761 - INFO - DELETE isteði gönderiliyor: https://api.stripe.com/v1/customers/cus_UyUC9jbNVa5FwV
2026-07-29 16:09:45,763 - INFO - Baþarýlý cevap: 200
2026-07-29 16:09:45,771 - INFO - DELETE isteði gönderiliyor: https://api.stripe.com/v1/customers/cus_UyUCFFn6mWtjs5
2026-07-29 16:09:45,784 - INFO - Baþarýlý cevap: 200
2026-07-29 16:09:45,790 - INFO - DELETE isteði gönderiliyor: https://api.stripe.com/v1/customers/cus_UyUC43ioyFI9mV
2026-07-29 16:09:46,296 - INFO - Baþarýlý cevap: 200
2026-07-29 16:09:46,299 - INFO - Baþarýlý cevap: 200
2026-07-29 16:09:46,318 - INFO - Baþarýlý cevap: 200
2026-07-29 16:09:46,341 - INFO - Baþarýlý cevap: 200
2026-07-29 16:09:46,424 - INFO - Baþarýlý cevap: 200
2026-07-29 16:09:46,425 - INFO - Baþarýlý cevap: 200
2026-07-29 16:09:46,425 - INFO - Baþarýlý cevap: 200
2026-07-29 16:09:46,450 - INFO - Baþarýlý cevap: 200
2026-07-29 16:09:46,520 - INFO - Baþarýlý cevap: 200
2026-07-29 16:09:46,538 - INFO - Baþarýlý cevap: 200
2026-07-29 16:18:51,970 - INFO - POST isteði gönderiliyor: https://api.stripe.com/v1/customers
2026-07-29 16:18:51,970 - INFO - POST isteði gönderiliyor: https://api.stripe.com/v1/customers
2026-07-29 16:18:51,971 - INFO - POST isteði gönderiliyor: https://api.stripe.com/v1/customers
2026-07-29 16:18:51,971 - INFO - POST isteði gönderiliyor: https://api.stripe.com/v1/customers
2026-07-29 16:18:51,972 - INFO - POST isteði gönderiliyor: https://api.stripe.com/v1/customers
2026-07-29 16:18:52,698 - INFO - Baþarýlý cevap: 200
2026-07-29 16:18:52,710 - INFO - POST isteði gönderiliyor: https://api.stripe.com/v1/customers
2026-07-29 16:18:52,719 - INFO - Baþarýlý cevap: 200
2026-07-29 16:18:52,728 - INFO - POST isteði gönderiliyor: https://api.stripe.com/v1/customers
2026-07-29 16:18:52,783 - INFO - Baþarýlý cevap: 200
2026-07-29 16:18:52,790 - INFO - Baþarýlý cevap: 200
2026-07-29 16:18:52,791 - INFO - POST isteði gönderiliyor: https://api.stripe.com/v1/customers
2026-07-29 16:18:52,799 - INFO - POST isteði gönderiliyor: https://api.stripe.com/v1/customers
2026-07-29 16:18:52,828 - INFO - Baþarýlý cevap: 200
2026-07-29 16:18:52,835 - INFO - POST isteði gönderiliyor: https://api.stripe.com/v1/customers
2026-07-29 16:18:53,336 - INFO - Baþarýlý cevap: 200
2026-07-29 16:18:53,347 - INFO - POST isteði gönderiliyor: https://api.stripe.com/v1/customers
2026-07-29 16:18:53,350 - INFO - Baþarýlý cevap: 200
2026-07-29 16:18:53,354 - INFO - POST isteði gönderiliyor: https://api.stripe.com/v1/customers
2026-07-29 16:18:53,356 - INFO - Baþarýlý cevap: 200
2026-07-29 16:18:53,362 - INFO - POST isteði gönderiliyor: https://api.stripe.com/v1/customers
2026-07-29 16:18:53,410 - INFO - Baþarýlý cevap: 200
2026-07-29 16:18:53,417 - INFO - POST isteði gönderiliyor: https://api.stripe.com/v1/customers
2026-07-29 16:18:53,512 - INFO - Baþarýlý cevap: 200
2026-07-29 16:18:53,518 - INFO - POST isteði gönderiliyor: https://api.stripe.com/v1/customers
2026-07-29 16:18:53,944 - INFO - Baþarýlý cevap: 200
2026-07-29 16:18:53,958 - INFO - POST isteði gönderiliyor: https://api.stripe.com/v1/customers
2026-07-29 16:18:54,015 - INFO - Baþarýlý cevap: 200
2026-07-29 16:18:54,020 - INFO - POST isteði gönderiliyor: https://api.stripe.com/v1/customers
2026-07-29 16:18:54,037 - INFO - Baþarýlý cevap: 200
2026-07-29 16:18:54,037 - INFO - Baþarýlý cevap: 200
2026-07-29 16:18:54,043 - INFO - POST isteði gönderiliyor: https://api.stripe.com/v1/customers
2026-07-29 16:18:54,045 - INFO - POST isteði gönderiliyor: https://api.stripe.com/v1/customers
2026-07-29 16:18:54,102 - INFO - Baþarýlý cevap: 200
2026-07-29 16:18:54,108 - INFO - POST isteði gönderiliyor: https://api.stripe.com/v1/customers
2026-07-29 16:18:54,532 - INFO - Baþarýlý cevap: 200
2026-07-29 16:18:54,545 - INFO - POST isteði gönderiliyor: https://api.stripe.com/v1/customers
2026-07-29 16:18:54,639 - INFO - Baþarýlý cevap: 200
2026-07-29 16:18:54,646 - INFO - POST isteði gönderiliyor: https://api.stripe.com/v1/customers
2026-07-29 16:18:54,717 - INFO - Baþarýlý cevap: 200
2026-07-29 16:18:54,722 - INFO - POST isteði gönderiliyor: https://api.stripe.com/v1/customers
2026-07-29 16:18:54,759 - INFO - Baþarýlý cevap: 200
2026-07-29 16:18:54,766 - INFO - Baþarýlý cevap: 200
2026-07-29 16:18:54,766 - INFO - POST isteði gönderiliyor: https://api.stripe.com/v1/customers
2026-07-29 16:18:54,772 - INFO - POST isteði gönderiliyor: https://api.stripe.com/v1/customers
2026-07-29 16:18:55,158 - INFO - Baþarýlý cevap: 200
2026-07-29 16:18:55,166 - INFO - POST isteði gönderiliyor: https://api.stripe.com/v1/customers
2026-07-29 16:18:55,302 - INFO - Baþarýlý cevap: 200
2026-07-29 16:18:55,311 - INFO - POST isteði gönderiliyor: https://api.stripe.com/v1/customers
2026-07-29 16:18:55,409 - INFO - Baþarýlý cevap: 200
2026-07-29 16:18:55,415 - INFO - POST isteði gönderiliyor: https://api.stripe.com/v1/customers
2026-07-29 16:18:55,470 - INFO - Baþarýlý cevap: 200
2026-07-29 16:18:55,477 - INFO - POST isteði gönderiliyor: https://api.stripe.com/v1/customers
2026-07-29 16:18:55,488 - INFO - Baþarýlý cevap: 200
2026-07-29 16:18:55,494 - INFO - POST isteði gönderiliyor: https://api.stripe.com/v1/customers
2026-07-29 16:18:55,827 - INFO - Baþarýlý cevap: 200
2026-07-29 16:18:55,879 - INFO - Baþarýlý cevap: 200
2026-07-29 16:18:56,021 - INFO - Baþarýlý cevap: 200
2026-07-29 16:18:56,055 - INFO - Baþarýlý cevap: 200
2026-07-29 16:18:56,170 - INFO - Baþarýlý cevap: 200
2026-07-29 16:19:00,181 - INFO - DELETE isteði gönderiliyor: https://api.stripe.com/v1/customers/cus_UyUMWimkwkJw6g
2026-07-29 16:19:00,182 - INFO - DELETE isteði gönderiliyor: https://api.stripe.com/v1/customers/cus_UyUMJRcych7vLP
2026-07-29 16:19:00,183 - INFO - DELETE isteði gönderiliyor: https://api.stripe.com/v1/customers/cus_UyUMv5XZW3iDCM
2026-07-29 16:19:00,183 - INFO - DELETE isteði gönderiliyor: https://api.stripe.com/v1/customers/cus_UyUMuav7ewf0wB
2026-07-29 16:19:00,184 - INFO - DELETE isteði gönderiliyor: https://api.stripe.com/v1/customers/cus_UyUMgQDDzonXI5
2026-07-29 16:19:00,829 - INFO - Baþarýlý cevap: 200
2026-07-29 16:19:00,831 - INFO - Baþarýlý cevap: 200
2026-07-29 16:19:00,837 - INFO - DELETE isteði gönderiliyor: https://api.stripe.com/v1/customers/cus_UyUMxGNZq0jBEV
2026-07-29 16:19:00,839 - INFO - DELETE isteði gönderiliyor: https://api.stripe.com/v1/customers/cus_UyUMxA0BSNi3le
2026-07-29 16:19:00,894 - INFO - Baþarýlý cevap: 200
2026-07-29 16:19:00,900 - INFO - DELETE isteði gönderiliyor: https://api.stripe.com/v1/customers/cus_UyUMemjoundN3T
2026-07-29 16:19:00,928 - INFO - Baþarýlý cevap: 200
2026-07-29 16:19:00,934 - INFO - DELETE isteði gönderiliyor: https://api.stripe.com/v1/customers/cus_UyUMXBpMlQBHz0
2026-07-29 16:19:00,951 - INFO - Baþarýlý cevap: 200
2026-07-29 16:19:00,958 - INFO - DELETE isteði gönderiliyor: https://api.stripe.com/v1/customers/cus_UyUMVzqNk0ESmi
2026-07-29 16:19:01,495 - INFO - Baþarýlý cevap: 200
2026-07-29 16:19:01,503 - INFO - DELETE isteði gönderiliyor: https://api.stripe.com/v1/customers/cus_UyUMd93qnFCIkL
2026-07-29 16:19:01,592 - INFO - Baþarýlý cevap: 200
2026-07-29 16:19:01,598 - INFO - DELETE isteði gönderiliyor: https://api.stripe.com/v1/customers/cus_UyUMHIY7FpEvOQ
2026-07-29 16:19:01,614 - INFO - Baþarýlý cevap: 200
2026-07-29 16:19:01,620 - INFO - DELETE isteði gönderiliyor: https://api.stripe.com/v1/customers/cus_UyUMzQt5YqOqHb
2026-07-29 16:19:01,683 - INFO - Baþarýlý cevap: 200
2026-07-29 16:19:01,688 - INFO - DELETE isteði gönderiliyor: https://api.stripe.com/v1/customers/cus_UyUMkQxy0zJOW7
2026-07-29 16:19:01,793 - INFO - Baþarýlý cevap: 200
2026-07-29 16:19:01,800 - INFO - DELETE isteði gönderiliyor: https://api.stripe.com/v1/customers/cus_UyUMKjBxFBKdlM
2026-07-29 16:19:02,206 - INFO - Baþarýlý cevap: 200
2026-07-29 16:19:02,216 - INFO - DELETE isteði gönderiliyor: https://api.stripe.com/v1/customers/cus_UyUMkenToCdhUw
2026-07-29 16:19:02,255 - INFO - Baþarýlý cevap: 200
2026-07-29 16:19:02,260 - INFO - DELETE isteði gönderiliyor: https://api.stripe.com/v1/customers/cus_UyUMVas4GE6aGN
2026-07-29 16:19:02,266 - INFO - Baþarýlý cevap: 200
2026-07-29 16:19:02,272 - INFO - DELETE isteði gönderiliyor: https://api.stripe.com/v1/customers/cus_UyUMbpaIwLCIvW
2026-07-29 16:19:02,422 - INFO - Baþarýlý cevap: 200
2026-07-29 16:19:02,427 - INFO - DELETE isteði gönderiliyor: https://api.stripe.com/v1/customers/cus_UyUMssybkTyRek
2026-07-29 16:19:02,511 - INFO - Baþarýlý cevap: 200
2026-07-29 16:19:02,518 - INFO - DELETE isteði gönderiliyor: https://api.stripe.com/v1/customers/cus_UyUMVQps3UoZf3
2026-07-29 16:19:02,899 - INFO - Baþarýlý cevap: 200
2026-07-29 16:19:02,912 - INFO - DELETE isteði gönderiliyor: https://api.stripe.com/v1/customers/cus_UyUMQQ0WOWClxL
2026-07-29 16:19:03,031 - INFO - Baþarýlý cevap: 200
2026-07-29 16:19:03,038 - INFO - DELETE isteði gönderiliyor: https://api.stripe.com/v1/customers/cus_UyUMI8iWVTHp6w
2026-07-29 16:19:03,171 - INFO - Baþarýlý cevap: 200
2026-07-29 16:19:03,178 - INFO - DELETE isteði gönderiliyor: https://api.stripe.com/v1/customers/cus_UyUMJBcT34KoWy
2026-07-29 16:19:03,212 - INFO - Baþarýlý cevap: 200
2026-07-29 16:19:03,213 - INFO - Baþarýlý cevap: 200
2026-07-29 16:19:03,218 - INFO - DELETE isteði gönderiliyor: https://api.stripe.com/v1/customers/cus_UyUMk7TidkLTPe
2026-07-29 16:19:03,221 - INFO - DELETE isteði gönderiliyor: https://api.stripe.com/v1/customers/cus_UyUMFXSsstk4OV
2026-07-29 16:19:03,573 - INFO - Baþarýlý cevap: 200
2026-07-29 16:19:03,587 - INFO - DELETE isteði gönderiliyor: https://api.stripe.com/v1/customers/cus_UyUMfHt9WFjSyh
2026-07-29 16:19:03,730 - INFO - Baþarýlý cevap: 200
2026-07-29 16:19:03,736 - INFO - DELETE isteði gönderiliyor: https://api.stripe.com/v1/customers/cus_UyUMqKJ6ySJuiM
2026-07-29 16:19:03,864 - INFO - Baþarýlý cevap: 200
2026-07-29 16:19:03,870 - INFO - DELETE isteði gönderiliyor: https://api.stripe.com/v1/customers/cus_UyUMksSPa69xmB
2026-07-29 16:19:03,895 - INFO - Baþarýlý cevap: 200
2026-07-29 16:19:03,901 - INFO - DELETE isteði gönderiliyor: https://api.stripe.com/v1/customers/cus_UyUMLwTOeEieon
2026-07-29 16:19:03,995 - INFO - Baþarýlý cevap: 200
2026-07-29 16:19:04,001 - INFO - DELETE isteði gönderiliyor: https://api.stripe.com/v1/customers/cus_UyUMtpahKY40LK
2026-07-29 16:19:04,391 - INFO - Baþarýlý cevap: 200
2026-07-29 16:19:04,427 - INFO - Baþarýlý cevap: 200
2026-07-29 16:19:04,513 - INFO - Baþarýlý cevap: 200
2026-07-29 16:19:04,653 - INFO - Baþarýlý cevap: 200
2026-07-29 16:19:04,767 - INFO - Baþarýlý cevap: 200
2026-07-29 17:21:00,990 - INFO - GET isteði gönderiliyor: https://api.stripe.com/v1/customers
2026-07-29 17:21:02,689 - INFO - Baþarýlý cevap: 200
2026-07-29 17:21:02,696 - INFO - GET isteði gönderiliyor: https://api.stripe.com/v1/customers
2026-07-29 17:21:04,206 - INFO - Baþarýlý cevap: 200
2026-07-29 17:21:04,210 - INFO - GET isteði gönderiliyor: https://api.stripe.com/v1/customers
2026-07-29 17:21:05,173 - INFO - Baþarýlý cevap: 200
2026-07-29 17:21:05,176 - INFO - GET isteði gönderiliyor: https://api.stripe.com/v1/payment_intents
2026-07-29 17:21:06,202 - INFO - GET isteði gönderiliyor: https://api.stripe.com/v1/customers/cus_Uu0jKN86a5Br32
2026-07-29 17:21:06,861 - INFO - Baþarýlý cevap: 200
2026-07-29 17:21:06,927 - INFO - GET isteði gönderiliyor: https://api.stripe.com/v1/payment_intents
2026-07-29 17:21:07,732 - INFO - Baþarýlý cevap: 200
2026-07-29 17:21:07,743 - INFO - GET isteði gönderiliyor: https://api.stripe.com/v1/payment_intents
2026-07-29 17:21:08,048 - INFO - Baþarýlý cevap: 200
2026-07-29 17:21:09,164 - INFO - Baþarýlý cevap: 200
2026-07-29 17:21:09,168 - INFO - GET isteði gönderiliyor: https://api.stripe.com/v1/refunds
2026-07-29 17:21:09,708 - INFO - Baþarýlý cevap: 200
2026-07-29 17:21:09,711 - INFO - GET isteði gönderiliyor: https://api.stripe.com/v1/products
2026-07-29 17:21:10,551 - INFO - Baþarýlý cevap: 200
2026-07-29 17:21:16,954 - INFO - GET isteði gönderiliyor: https://api.stripe.com/v1/invoices
2026-07-29 17:21:18,027 - INFO - Baþarýlý cevap: 200
2026-07-29 17:21:18,218 - INFO - GET isteði gönderiliyor: https://api.stripe.com/v1/invoices
2026-07-29 17:21:19,682 - INFO - Baþarýlý cevap: 200
2026-07-29 17:21:22,065 - INFO - GET isteði gönderiliyor: https://api.stripe.com/v1/invoices
2026-07-29 17:21:22,632 - ERROR - HTTP hatasý: 400 Client Error: Bad Request for url: https://api.stripe.com/v1/invoices?limit=10&starting_after=inv_imp_fbb0c207161242&customer=cus_Uu0jKN86a5Br32
2026-07-29 17:21:22,682 - INFO - GET isteði gönderiliyor: https://api.stripe.com/v1/invoices
2026-07-29 17:21:23,698 - INFO - Baþarýlý cevap: 200
2026-07-29 17:21:39,282 - INFO - GET isteði gönderiliyor: https://api.stripe.com/v1/invoices
2026-07-29 17:21:40,092 - INFO - Baþarýlý cevap: 200
2026-07-29 17:21:40,184 - INFO - GET isteði gönderiliyor: https://api.stripe.com/v1/invoices
2026-07-29 17:21:40,952 - INFO - Baþarýlý cevap: 200
2026-07-29 17:21:47,139 - INFO - GET isteði gönderiliyor: https://api.stripe.com/v1/invoices
2026-07-29 17:21:47,658 - ERROR - HTTP hatasý: 400 Client Error: Bad Request for url: https://api.stripe.com/v1/invoices?limit=10&starting_after=inv_imp_fbb0c207161242&customer=cus_Uu0jKN86a5Br32
2026-07-29 17:21:47,756 - INFO - GET isteði gönderiliyor: https://api.stripe.com/v1/invoices
2026-07-29 17:21:48,881 - INFO - Baþarýlý cevap: 200
2026-07-29 17:21:57,399 - INFO - GET isteði gönderiliyor: https://api.stripe.com/v1/invoices
2026-07-29 17:21:58,164 - INFO - Baþarýlý cevap: 200
2026-07-29 17:21:58,274 - INFO - GET isteði gönderiliyor: https://api.stripe.com/v1/invoices
2026-07-29 17:21:59,756 - INFO - Baþarýlý cevap: 200
2026-07-29 17:27:40,041 - INFO - GET isteði gönderiliyor: https://api.stripe.com/v1/customers
2026-07-29 17:27:43,219 - INFO - GET isteði gönderiliyor: https://api.stripe.com/v1/customers/cus_Uu0jKN86a5Br32
2026-07-29 17:27:43,648 - INFO - Baþarýlý cevap: 200
2026-07-29 17:27:43,652 - INFO - GET isteði gönderiliyor: https://api.stripe.com/v1/customers
2026-07-29 17:27:43,728 - INFO - Baþarýlý cevap: 200
2026-07-29 17:27:43,743 - INFO - GET isteði gönderiliyor: https://api.stripe.com/v1/payment_intents
2026-07-29 17:27:44,901 - INFO - Baþarýlý cevap: 200
2026-07-29 17:27:45,329 - INFO - Baþarýlý cevap: 200
2026-07-29 17:27:45,332 - INFO - GET isteði gönderiliyor: https://api.stripe.com/v1/customers
2026-07-29 17:27:46,457 - INFO - Baþarýlý cevap: 200
2026-07-29 17:27:46,460 - INFO - GET isteði gönderiliyor: https://api.stripe.com/v1/payment_intents
2026-07-29 17:27:48,930 - INFO - Baþarýlý cevap: 200
2026-07-29 17:27:48,935 - INFO - GET isteði gönderiliyor: https://api.stripe.com/v1/payment_intents
2026-07-29 17:27:50,600 - INFO - Baþarýlý cevap: 200
2026-07-29 17:27:50,609 - INFO - GET isteði gönderiliyor: https://api.stripe.com/v1/refunds
2026-07-29 17:27:51,107 - INFO - Baþarýlý cevap: 200
2026-07-29 17:27:51,109 - INFO - GET isteði gönderiliyor: https://api.stripe.com/v1/products
2026-07-29 17:27:51,963 - INFO - Baþarýlý cevap: 200
2026-07-29 17:27:52,139 - INFO - GET isteði gönderiliyor: https://api.stripe.com/v1/invoices
2026-07-29 17:27:53,376 - INFO - Baþarýlý cevap: 200
2026-07-29 17:27:53,511 - INFO - GET isteði gönderiliyor: https://api.stripe.com/v1/invoices
2026-07-29 17:27:55,053 - INFO - Baþarýlý cevap: 200
2026-07-29 17:27:57,046 - INFO - GET isteði gönderiliyor: https://api.stripe.com/v1/invoices/in_1TyYIHKBkUL9vnMVEdz19Kyo
2026-07-29 17:27:57,597 - INFO - Baþarýlý cevap: 200
2026-07-29 17:30:44,547 - INFO - GET isteði gönderiliyor: https://api.stripe.com/v1/customers
2026-07-29 17:30:45,341 - INFO - Baþarýlý cevap: 200
2026-07-29 17:30:45,346 - INFO - GET isteði gönderiliyor: https://api.stripe.com/v1/customers
2026-07-29 17:30:54,769 - INFO - GET isteði gönderiliyor: https://api.stripe.com/v1/customers/cus_Uu0jKN86a5Br32
2026-07-29 17:30:55,368 - INFO - Baþarýlý cevap: 200
2026-07-29 17:31:04,648 - INFO - GET isteði gönderiliyor: https://api.stripe.com/v1/customers
2026-07-29 17:31:05,374 - INFO - Baþarýlý cevap: 200
2026-07-29 17:31:05,380 - INFO - GET isteði gönderiliyor: https://api.stripe.com/v1/customers
2026-07-29 17:31:06,102 - INFO - Baþarýlý cevap: 200
2026-07-29 17:31:06,128 - INFO - GET isteði gönderiliyor: https://api.stripe.com/v1/customers
2026-07-29 17:31:06,936 - INFO - Baþarýlý cevap: 200
2026-07-29 17:31:06,939 - INFO - GET isteði gönderiliyor: https://api.stripe.com/v1/payment_intents
2026-07-29 17:31:09,395 - INFO - Baþarýlý cevap: 200
2026-07-29 17:31:09,400 - INFO - GET isteði gönderiliyor: https://api.stripe.com/v1/payment_intents
2026-07-29 17:31:11,012 - INFO - Baþarýlý cevap: 200
2026-07-29 17:31:11,019 - INFO - GET isteði gönderiliyor: https://api.stripe.com/v1/refunds
2026-07-29 17:31:11,554 - INFO - Baþarýlý cevap: 200
2026-07-29 17:31:11,556 - INFO - GET isteði gönderiliyor: https://api.stripe.com/v1/products
2026-07-29 17:31:12,139 - INFO - Baþarýlý cevap: 200
2026-07-29 17:31:15,608 - INFO - GET isteði gönderiliyor: https://api.stripe.com/v1/customers
2026-07-29 17:31:16,588 - INFO - Baþarýlý cevap: 200
2026-07-29 17:31:16,591 - INFO - GET isteði gönderiliyor: https://api.stripe.com/v1/customers
2026-07-29 17:31:17,181 - INFO - GET isteði gönderiliyor: https://api.stripe.com/v1/customers/cus_Uu0jKN86a5Br32
2026-07-29 17:31:17,429 - INFO - Baþarýlý cevap: 200
2026-07-29 17:31:17,433 - INFO - GET isteði gönderiliyor: https://api.stripe.com/v1/customers
2026-07-29 17:31:17,615 - INFO - Baþarýlý cevap: 200
2026-07-29 17:31:17,626 - INFO - GET isteði gönderiliyor: https://api.stripe.com/v1/payment_intents
2026-07-29 17:31:18,067 - INFO - Baþarýlý cevap: 200
2026-07-29 17:31:18,070 - INFO - GET isteði gönderiliyor: https://api.stripe.com/v1/payment_intents
2026-07-29 17:31:18,822 - INFO - Baþarýlý cevap: 200
2026-07-29 17:31:20,130 - INFO - Baþarýlý cevap: 200
2026-07-29 17:31:20,135 - INFO - GET isteði gönderiliyor: https://api.stripe.com/v1/payment_intents
2026-07-29 17:31:21,697 - INFO - Baþarýlý cevap: 200
2026-07-29 17:31:21,701 - INFO - GET isteði gönderiliyor: https://api.stripe.com/v1/refunds
2026-07-29 17:31:22,293 - INFO - Baþarýlý cevap: 200
2026-07-29 17:31:22,295 - INFO - GET isteði gönderiliyor: https://api.stripe.com/v1/products
2026-07-29 17:31:22,883 - INFO - Baþarýlý cevap: 200
2026-07-29 17:31:25,226 - INFO - GET isteði gönderiliyor: https://api.stripe.com/v1/invoices
2026-07-29 17:31:26,147 - INFO - Baþarýlý cevap: 200
2026-07-29 17:31:26,245 - INFO - GET isteði gönderiliyor: https://api.stripe.com/v1/invoices
2026-07-29 17:31:27,356 - INFO - Baþarýlý cevap: 200
2026-07-29 17:31:56,986 - INFO - GET isteði gönderiliyor: https://api.stripe.com/v1/invoices/inv_imp_e7fe5e80e72842
2026-07-29 17:31:57,725 - ERROR - HTTP hatasý: 404 Client Error: Not Found for url: https://api.stripe.com/v1/invoices/inv_imp_e7fe5e80e72842
2026-07-29 17:32:02,841 - INFO - GET isteði gönderiliyor: https://api.stripe.com/v1/invoices/inv_imp_d998bfc9e61f44
2026-07-29 17:32:03,357 - ERROR - HTTP hatasý: 404 Client Error: Not Found for url: https://api.stripe.com/v1/invoices/inv_imp_d998bfc9e61f44
2026-07-29 17:32:06,598 - INFO - GET isteði gönderiliyor: https://api.stripe.com/v1/invoices/inv_imp_29d0f84759f842
2026-07-29 17:32:07,248 - ERROR - HTTP hatasý: 404 Client Error: Not Found for url: https://api.stripe.com/v1/invoices/inv_imp_29d0f84759f842
2026-07-29 17:32:14,052 - INFO - GET isteði gönderiliyor: https://api.stripe.com/v1/invoices/inv_imp_8d59ed3338884b
2026-07-29 17:32:14,724 - ERROR - HTTP hatasý: 404 Client Error: Not Found for url: https://api.stripe.com/v1/invoices/inv_imp_8d59ed3338884b
2026-07-29 17:37:16,195 - INFO - GET isteði gönderiliyor: https://api.stripe.com/v1/customers/cus_Uu0jKN86a5Br32
2026-07-29 17:37:17,217 - INFO - Baþarýlý cevap: 200
2026-07-29 17:37:17,267 - INFO - GET isteði gönderiliyor: https://api.stripe.com/v1/payment_intents
2026-07-29 17:37:18,525 - INFO - Baþarýlý cevap: 200
2026-07-29 17:37:24,834 - INFO - GET isteði gönderiliyor: https://api.stripe.com/v1/invoices
2026-07-29 17:37:25,822 - INFO - Baþarýlý cevap: 200
2026-07-29 17:37:25,947 - INFO - GET isteði gönderiliyor: https://api.stripe.com/v1/invoices
2026-07-29 17:37:27,250 - INFO - Baþarýlý cevap: 200
2026-07-29 17:37:29,081 - INFO - GET isteði gönderiliyor: https://api.stripe.com/v1/invoices/inv_imp_e7fe5e80e72842
2026-07-29 17:37:29,687 - ERROR - HTTP hatasý: 404 Client Error: Not Found for url: https://api.stripe.com/v1/invoices/inv_imp_e7fe5e80e72842
2026-07-29 17:41:55,737 - INFO - GET isteði gönderiliyor: https://api.stripe.com/v1/customers
2026-07-29 17:41:57,630 - INFO - Baþarýlý cevap: 200
2026-07-29 17:41:57,636 - INFO - GET isteði gönderiliyor: https://api.stripe.com/v1/customers
2026-07-29 17:41:59,134 - INFO - Baþarýlý cevap: 200
2026-07-29 17:41:59,137 - INFO - GET isteði gönderiliyor: https://api.stripe.com/v1/customers
2026-07-29 17:42:00,164 - INFO - Baþarýlý cevap: 200
2026-07-29 17:42:00,168 - INFO - GET isteði gönderiliyor: https://api.stripe.com/v1/payment_intents
2026-07-29 17:42:00,291 - INFO - GET isteði gönderiliyor: https://api.stripe.com/v1/customers/cus_Uu0jKN86a5Br32
2026-07-29 17:42:00,789 - INFO - Baþarýlý cevap: 200
2026-07-29 17:42:00,806 - INFO - GET isteði gönderiliyor: https://api.stripe.com/v1/payment_intents
2026-07-29 17:42:02,275 - INFO - Baþarýlý cevap: 200
2026-07-29 17:42:03,988 - INFO - Baþarýlý cevap: 200
2026-07-29 17:42:03,993 - INFO - GET isteði gönderiliyor: https://api.stripe.com/v1/payment_intents
2026-07-29 17:42:05,518 - INFO - Baþarýlý cevap: 200
2026-07-29 17:42:05,521 - INFO - GET isteði gönderiliyor: https://api.stripe.com/v1/refunds
2026-07-29 17:42:06,020 - INFO - GET isteði gönderiliyor: https://api.stripe.com/v1/invoices
2026-07-29 17:42:06,220 - INFO - Baþarýlý cevap: 200
2026-07-29 17:42:06,223 - INFO - GET isteði gönderiliyor: https://api.stripe.com/v1/products
2026-07-29 17:42:06,814 - INFO - Baþarýlý cevap: 200
2026-07-29 17:42:06,954 - INFO - GET isteði gönderiliyor: https://api.stripe.com/v1/invoices
2026-07-29 17:42:06,967 - INFO - Baþarýlý cevap: 200
2026-07-29 17:42:07,905 - INFO - Baþarýlý cevap: 200
2026-07-29 17:42:09,856 - INFO - GET isteði gönderiliyor: https://api.stripe.com/v1/invoices
2026-07-29 17:42:10,586 - ERROR - HTTP hatasý: 400 Client Error: Bad Request for url: https://api.stripe.com/v1/invoices?limit=10&starting_after=inv_imp_fbb0c207161242&customer=cus_Uu0jKN86a5Br32&status=open
2026-07-29 17:42:10,703 - INFO - GET isteði gönderiliyor: https://api.stripe.com/v1/invoices
2026-07-29 17:42:11,518 - INFO - Baþarýlý cevap: 200
2026-07-29 17:42:18,588 - INFO - GET isteði gönderiliyor: https://api.stripe.com/v1/invoices
2026-07-29 17:42:19,476 - INFO - Baþarýlý cevap: 200
2026-07-29 17:42:19,592 - INFO - GET isteði gönderiliyor: https://api.stripe.com/v1/invoices
2026-07-29 17:42:20,433 - INFO - Baþarýlý cevap: 200
2026-07-29 17:53:52,008 - INFO - GET isteði gönderiliyor: https://api.stripe.com/v1/products
2026-07-29 17:53:52,010 - INFO - GET isteði gönderiliyor: https://api.stripe.com/v1/customers
2026-07-29 17:53:52,880 - INFO - Baþarýlý cevap: 200
2026-07-29 17:53:55,371 - INFO - Baþarýlý cevap: 200
2026-07-29 17:54:05,722 - INFO - POST isteði gönderiliyor: https://api.stripe.com/v1/invoices/create_preview
2026-07-29 17:54:06,488 - INFO - Baþarýlý cevap: 200
2026-07-29 17:54:09,295 - INFO - POST isteði gönderiliyor: https://api.stripe.com/v1/invoices
2026-07-29 17:54:11,083 - INFO - Baþarýlý cevap: 200
2026-07-29 17:54:11,086 - INFO - POST isteði gönderiliyor: https://api.stripe.com/v1/invoiceitems
2026-07-29 17:54:13,319 - INFO - Baþarýlý cevap: 200
2026-07-29 17:54:13,322 - INFO - POST isteði gönderiliyor: https://api.stripe.com/v1/invoices/in_1TyYs2KBkUL9vnMVRNhOt2Ei/finalize
2026-07-29 17:54:15,493 - INFO - Baþarýlý cevap: 200
2026-07-29 17:54:15,530 - INFO - GET isteði gönderiliyor: https://api.stripe.com/v1/customers
2026-07-29 17:54:16,741 - INFO - GET isteði gönderiliyor: https://api.stripe.com/v1/invoices
2026-07-29 17:54:17,394 - INFO - Baþarýlý cevap: 200
2026-07-29 17:54:17,398 - INFO - GET isteði gönderiliyor: https://api.stripe.com/v1/customers
2026-07-29 17:54:17,709 - INFO - Baþarýlý cevap: 200
2026-07-29 17:54:19,026 - INFO - Baþarýlý cevap: 200
2026-07-29 17:54:19,029 - INFO - GET isteði gönderiliyor: https://api.stripe.com/v1/customers
2026-07-29 17:54:20,167 - INFO - Baþarýlý cevap: 200
2026-07-29 17:54:20,170 - INFO - GET isteði gönderiliyor: https://api.stripe.com/v1/payment_intents
2026-07-29 17:54:20,769 - INFO - GET isteði gönderiliyor: https://api.stripe.com/v1/customers/cus_Uu0jKN86a5Br32
2026-07-29 17:54:21,536 - INFO - Baþarýlý cevap: 200
2026-07-29 17:54:21,577 - INFO - GET isteði gönderiliyor: https://api.stripe.com/v1/payment_intents
2026-07-29 17:54:22,375 - INFO - Baþarýlý cevap: 200
2026-07-29 17:54:22,379 - INFO - GET isteði gönderiliyor: https://api.stripe.com/v1/payment_intents
2026-07-29 17:54:22,617 - INFO - Baþarýlý cevap: 200
2026-07-29 17:54:24,259 - INFO - Baþarýlý cevap: 200
2026-07-29 17:54:24,261 - INFO - GET isteði gönderiliyor: https://api.stripe.com/v1/refunds
2026-07-29 17:54:24,917 - INFO - Baþarýlý cevap: 200
2026-07-29 17:54:24,919 - INFO - GET isteði gönderiliyor: https://api.stripe.com/v1/products
2026-07-29 17:54:25,683 - INFO - Baþarýlý cevap: 200
2026-07-29 17:54:41,198 - INFO - GET isteði gönderiliyor: https://api.stripe.com/v1/invoices
2026-07-29 17:54:41,920 - INFO - Baþarýlý cevap: 200
2026-07-29 17:54:41,992 - INFO - GET isteði gönderiliyor: https://api.stripe.com/v1/invoices
2026-07-29 17:54:42,640 - INFO - Baþarýlý cevap: 200
2026-07-29 18:07:29,071 - INFO - GET isteði gönderiliyor: https://api.stripe.com/v1/customers
2026-07-29 18:07:30,639 - INFO - Baþarýlý cevap: 200
2026-07-29 18:07:30,643 - INFO - GET isteði gönderiliyor: https://api.stripe.com/v1/customers
2026-07-29 18:07:31,711 - INFO - Baþarýlý cevap: 200
2026-07-29 18:07:31,714 - INFO - GET isteði gönderiliyor: https://api.stripe.com/v1/customers
2026-07-29 18:07:32,789 - INFO - Baþarýlý cevap: 200
2026-07-29 18:07:32,793 - INFO - GET isteði gönderiliyor: https://api.stripe.com/v1/payment_intents
2026-07-29 18:07:33,605 - INFO - GET isteði gönderiliyor: https://api.stripe.com/v1/customers
2026-07-29 18:07:33,606 - INFO - GET isteði gönderiliyor: https://api.stripe.com/v1/products
2026-07-29 18:07:34,355 - INFO - Baþarýlý cevap: 200
2026-07-29 18:07:34,407 - INFO - Baþarýlý cevap: 200
2026-07-29 18:07:34,858 - INFO - Baþarýlý cevap: 200
2026-07-29 18:07:34,867 - INFO - GET isteði gönderiliyor: https://api.stripe.com/v1/payment_intents
2026-07-29 18:07:34,925 - INFO - GET isteði gönderiliyor: https://api.stripe.com/v1/customers/cus_Uu0jKN86a5Br32
2026-07-29 18:07:35,659 - INFO - Baþarýlý cevap: 200
2026-07-29 18:07:35,668 - INFO - GET isteði gönderiliyor: https://api.stripe.com/v1/payment_intents
2026-07-29 18:07:36,120 - INFO - Baþarýlý cevap: 200
2026-07-29 18:07:36,123 - INFO - GET isteði gönderiliyor: https://api.stripe.com/v1/refunds
2026-07-29 18:07:36,682 - INFO - Baþarýlý cevap: 200
2026-07-29 18:07:36,684 - INFO - GET isteði gönderiliyor: https://api.stripe.com/v1/products
2026-07-29 18:07:37,108 - INFO - Baþarýlý cevap: 200
2026-07-29 18:07:37,406 - INFO - Baþarýlý cevap: 200
2026-07-29 18:07:49,313 - INFO - GET isteði gönderiliyor: https://api.stripe.com/v1/invoices
2026-07-29 18:07:49,865 - INFO - Baþarýlý cevap: 200
2026-07-29 18:07:49,945 - INFO - GET isteði gönderiliyor: https://api.stripe.com/v1/invoices
2026-07-29 18:07:50,759 - INFO - Baþarýlý cevap: 200
2026-07-29 18:08:00,061 - INFO - GET isteði gönderiliyor: https://api.stripe.com/v1/invoices/in_1TyYs2KBkUL9vnMVRNhOt2Ei
2026-07-29 18:08:00,789 - INFO - Baþarýlý cevap: 200
2026-07-29 18:08:00,792 - INFO - POST isteði gönderiliyor: https://api.stripe.com/v1/invoices/in_1TyYs2KBkUL9vnMVRNhOt2Ei/void
2026-07-29 18:08:01,979 - INFO - Baþarýlý cevap: 200
2026-07-29 18:08:03,815 - INFO - GET isteði gönderiliyor: https://api.stripe.com/v1/invoices
2026-07-29 18:08:04,590 - INFO - Baþarýlý cevap: 200
2026-07-29 18:09:40,943 - INFO - GET isteði gönderiliyor: https://api.stripe.com/v1/customers
2026-07-29 18:09:41,918 - INFO - Baþarýlý cevap: 200
2026-07-29 18:09:51,031 - INFO - GET isteði gönderiliyor: https://api.stripe.com/v1/customers/cus_Uu0jKN86a5Br32
2026-07-29 18:09:51,903 - INFO - Baþarýlý cevap: 200
2026-07-29 18:09:51,910 - INFO - GET isteði gönderiliyor: https://api.stripe.com/v1/customers/cus_Uu0jKN86a5Br32
2026-07-29 18:09:51,924 - INFO - GET isteði gönderiliyor: https://api.stripe.com/v1/payment_intents
2026-07-29 18:09:52,435 - INFO - Baþarýlý cevap: 200
2026-07-29 18:09:53,082 - INFO - Baþarýlý cevap: 200
2026-07-29 18:09:53,261 - INFO - GET isteði gönderiliyor: https://api.stripe.com/v1/payment_intents
2026-07-29 18:09:54,311 - INFO - Baþarýlý cevap: 200
2026-07-29 18:10:36,752 - INFO - POST isteði gönderiliyor: https://api.stripe.com/v1/customers
2026-07-29 18:10:37,522 - INFO - Baþarýlý cevap: 200
2026-07-29 18:10:48,119 - INFO - GET isteði gönderiliyor: https://api.stripe.com/v1/customers/cus_UyWAW9bi3Raw9q
2026-07-29 18:10:50,116 - INFO - Baþarýlý cevap: 200
2026-07-29 18:10:50,136 - INFO - GET isteði gönderiliyor: https://api.stripe.com/v1/payment_intents
2026-07-29 18:10:50,834 - INFO - Baþarýlý cevap: 200
2026-07-29 18:10:57,469 - INFO - GET isteði gönderiliyor: https://api.stripe.com/v1/customers
2026-07-29 18:10:59,148 - INFO - GET isteði gönderiliyor: https://api.stripe.com/v1/customers
2026-07-29 18:10:59,548 - INFO - Baþarýlý cevap: 200
2026-07-29 18:10:59,552 - INFO - GET isteði gönderiliyor: https://api.stripe.com/v1/customers
2026-07-29 18:10:59,860 - INFO - Baþarýlý cevap: 200
2026-07-29 18:11:01,050 - INFO - Baþarýlý cevap: 200
2026-07-29 18:11:01,053 - INFO - GET isteði gönderiliyor: https://api.stripe.com/v1/customers
2026-07-29 18:11:02,066 - INFO - Baþarýlý cevap: 200
2026-07-29 18:11:02,069 - INFO - GET isteði gönderiliyor: https://api.stripe.com/v1/payment_intents
2026-07-29 18:11:04,967 - INFO - Baþarýlý cevap: 200
2026-07-29 18:11:04,971 - INFO - GET isteði gönderiliyor: https://api.stripe.com/v1/payment_intents
2026-07-29 18:11:06,592 - INFO - Baþarýlý cevap: 200
2026-07-29 18:11:06,595 - INFO - GET isteði gönderiliyor: https://api.stripe.com/v1/refunds
2026-07-29 18:11:07,040 - INFO - GET isteði gönderiliyor: https://api.stripe.com/v1/customers/cus_UyWAW9bi3Raw9q
2026-07-29 18:11:07,528 - INFO - Baþarýlý cevap: 200
2026-07-29 18:11:07,530 - INFO - GET isteði gönderiliyor: https://api.stripe.com/v1/products
2026-07-29 18:11:07,834 - INFO - Baþarýlý cevap: 200
2026-07-29 18:11:07,855 - INFO - GET isteði gönderiliyor: https://api.stripe.com/v1/payment_intents
2026-07-29 18:11:08,318 - INFO - Baþarýlý cevap: 200
2026-07-29 18:11:08,458 - INFO - Baþarýlý cevap: 200
2026-07-29 18:12:04,382 - INFO - Import Ýþlemi Tamamlandý: Baþlýksýz e-tablo - Sayfa1 (18).csv -> invoices (Baþarýlý: 2, Baþarýsýz: 0)
2026-07-29 18:12:04,391 - INFO - GET isteði gönderiliyor: https://api.stripe.com/v1/customers
2026-07-29 18:12:04,395 - INFO - GET isteði gönderiliyor: https://api.stripe.com/v1/payment_intents
2026-07-29 18:12:04,398 - INFO - GET isteði gönderiliyor: https://api.stripe.com/v1/products
2026-07-29 18:12:05,084 - INFO - Baþarýlý cevap: 200
2026-07-29 18:12:05,290 - INFO - Baþarýlý cevap: 200
2026-07-29 18:12:05,322 - INFO - Baþarýlý cevap: 200
2026-07-29 18:12:05,325 - INFO - GET isteði gönderiliyor: https://api.stripe.com/v1/customers
2026-07-29 18:12:06,127 - INFO - Baþarýlý cevap: 200
2026-07-29 18:12:06,130 - INFO - GET isteði gönderiliyor: https://api.stripe.com/v1/customers
2026-07-29 18:12:07,009 - INFO - Baþarýlý cevap: 200
2026-07-29 18:12:07,013 - INFO - GET isteði gönderiliyor: https://api.stripe.com/v1/payment_intents
2026-07-29 18:12:07,154 - INFO - GET isteði gönderiliyor: https://api.stripe.com/v1/customers/cus_UyWAW9bi3Raw9q
2026-07-29 18:12:07,636 - INFO - Baþarýlý cevap: 200
2026-07-29 18:12:07,684 - INFO - GET isteði gönderiliyor: https://api.stripe.com/v1/payment_intents
2026-07-29 18:12:08,250 - INFO - Baþarýlý cevap: 200
2026-07-29 18:12:09,263 - INFO - Baþarýlý cevap: 200
2026-07-29 18:12:09,267 - INFO - GET isteði gönderiliyor: https://api.stripe.com/v1/payment_intents
2026-07-29 18:12:10,513 - INFO - Baþarýlý cevap: 200
2026-07-29 18:12:10,517 - INFO - GET isteði gönderiliyor: https://api.stripe.com/v1/refunds
2026-07-29 18:12:11,017 - INFO - Baþarýlý cevap: 200
2026-07-29 18:12:11,019 - INFO - GET isteði gönderiliyor: https://api.stripe.com/v1/products
2026-07-29 18:12:11,612 - INFO - Baþarýlý cevap: 200
2026-07-29 18:12:13,374 - INFO - GET isteði gönderiliyor: https://api.stripe.com/v1/invoices
2026-07-29 18:12:14,088 - INFO - Baþarýlý cevap: 200
2026-07-29 18:12:14,141 - INFO - GET isteði gönderiliyor: https://api.stripe.com/v1/invoices
2026-07-29 18:12:14,702 - INFO - Baþarýlý cevap: 200
2026-07-29 18:12:32,196 - INFO - GET isteði gönderiliyor: https://api.stripe.com/v1/invoices/inv_imp_a591402cf24149
2026-07-29 18:12:32,693 - ERROR - HTTP hatasý: 404 Client Error: Not Found for url: https://api.stripe.com/v1/invoices/inv_imp_a591402cf24149
2026-07-29 18:12:39,449 - INFO - GET isteði gönderiliyor: https://api.stripe.com/v1/customers/cus_UyWAW9bi3Raw9q
2026-07-29 18:12:40,079 - INFO - Baþarýlý cevap: 200
2026-07-29 18:12:40,091 - INFO - GET isteði gönderiliyor: https://api.stripe.com/v1/payment_intents
2026-07-29 18:12:40,785 - INFO - Baþarýlý cevap: 200
2026-07-29 18:12:44,933 - INFO - GET isteði gönderiliyor: https://api.stripe.com/v1/invoices
2026-07-29 18:12:45,625 - INFO - Baþarýlý cevap: 200
2026-07-29 18:12:45,644 - INFO - GET isteði gönderiliyor: https://api.stripe.com/v1/invoices
2026-07-29 18:12:46,244 - INFO - Baþarýlý cevap: 200
2026-07-29 18:12:48,137 - INFO - GET isteði gönderiliyor: https://api.stripe.com/v1/invoices/inv_imp_a591402cf24149
2026-07-29 18:12:48,699 - ERROR - HTTP hatasý: 404 Client Error: Not Found for url: https://api.stripe.com/v1/invoices/inv_imp_a591402cf24149
2026-07-29 18:13:12,669 - INFO - GET isteði gönderiliyor: https://api.stripe.com/v1/customers
2026-07-29 18:13:12,672 - INFO - GET isteði gönderiliyor: https://api.stripe.com/v1/products
2026-07-29 18:13:13,665 - INFO - Baþarýlý cevap: 200
2026-07-29 18:13:13,797 - INFO - Baþarýlý cevap: 200
2026-07-29 18:13:20,487 - INFO - POST isteði gönderiliyor: https://api.stripe.com/v1/invoices/create_preview
2026-07-29 18:13:21,364 - INFO - Baþarýlý cevap: 200
2026-07-29 18:13:25,590 - INFO - POST isteði gönderiliyor: https://api.stripe.com/v1/invoices/create_preview
2026-07-29 18:13:26,384 - INFO - Baþarýlý cevap: 200
2026-07-29 18:13:29,765 - INFO - POST isteði gönderiliyor: https://api.stripe.com/v1/invoices
2026-07-29 18:13:30,852 - INFO - Baþarýlý cevap: 200
2026-07-29 18:13:30,854 - INFO - POST isteði gönderiliyor: https://api.stripe.com/v1/invoiceitems
2026-07-29 18:13:31,585 - INFO - Baþarýlý cevap: 200
2026-07-29 18:13:31,587 - INFO - POST isteði gönderiliyor: https://api.stripe.com/v1/invoiceitems
2026-07-29 18:13:32,264 - INFO - Baþarýlý cevap: 200
2026-07-29 18:13:32,267 - INFO - POST isteði gönderiliyor: https://api.stripe.com/v1/invoices/in_1TyZAkKBkUL9vnMVuVTnGVmj/finalize
2026-07-29 18:13:34,269 - INFO - Baþarýlý cevap: 200
2026-07-29 18:13:34,287 - INFO - GET isteði gönderiliyor: https://api.stripe.com/v1/customers
2026-07-29 18:13:35,520 - INFO - GET isteði gönderiliyor: https://api.stripe.com/v1/invoices
2026-07-29 18:13:35,703 - INFO - Baþarýlý cevap: 200
2026-07-29 18:13:35,706 - INFO - GET isteði gönderiliyor: https://api.stripe.com/v1/customers
2026-07-29 18:13:36,717 - INFO - Baþarýlý cevap: 200
2026-07-29 18:13:37,423 - INFO - Baþarýlý cevap: 200
2026-07-29 18:13:37,427 - INFO - GET isteði gönderiliyor: https://api.stripe.com/v1/customers
2026-07-29 18:13:38,164 - INFO - GET isteði gönderiliyor: https://api.stripe.com/v1/customers/cus_UyWAW9bi3Raw9q
2026-07-29 18:13:38,881 - INFO - Baþarýlý cevap: 200
2026-07-29 18:13:38,897 - INFO - GET isteði gönderiliyor: https://api.stripe.com/v1/payment_intents
2026-07-29 18:13:39,082 - INFO - Baþarýlý cevap: 200
2026-07-29 18:13:39,085 - INFO - GET isteði gönderiliyor: https://api.stripe.com/v1/payment_intents
2026-07-29 18:13:39,562 - INFO - Baþarýlý cevap: 200
2026-07-29 18:13:41,743 - INFO - Baþarýlý cevap: 200
2026-07-29 18:13:41,747 - INFO - GET isteði gönderiliyor: https://api.stripe.com/v1/payment_intents
2026-07-29 18:13:43,190 - INFO - Baþarýlý cevap: 200
2026-07-29 18:13:43,194 - INFO - GET isteði gönderiliyor: https://api.stripe.com/v1/refunds
2026-07-29 18:13:43,959 - INFO - Baþarýlý cevap: 200
2026-07-29 18:13:43,961 - INFO - GET isteði gönderiliyor: https://api.stripe.com/v1/products
2026-07-29 18:13:44,718 - INFO - Baþarýlý cevap: 200
2026-07-29 18:13:45,103 - INFO - GET isteði gönderiliyor: https://api.stripe.com/v1/invoices
2026-07-29 18:13:45,667 - INFO - Baþarýlý cevap: 200
2026-07-29 18:13:45,699 - INFO - GET isteði gönderiliyor: https://api.stripe.com/v1/invoices
2026-07-29 18:13:46,454 - INFO - Baþarýlý cevap: 200
2026-07-29 18:25:40,393 - INFO - GET isteði gönderiliyor: https://api.stripe.com/v1/customers
2026-07-29 18:25:41,847 - INFO - Baþarýlý cevap: 200
2026-07-29 18:25:41,854 - INFO - GET isteði gönderiliyor: https://api.stripe.com/v1/customers
2026-07-29 18:25:43,401 - INFO - Baþarýlý cevap: 200
2026-07-29 18:25:43,405 - INFO - GET isteði gönderiliyor: https://api.stripe.com/v1/customers
2026-07-29 18:25:44,383 - INFO - GET isteði gönderiliyor: https://api.stripe.com/v1/customers/cus_UyWAW9bi3Raw9q
2026-07-29 18:25:44,752 - INFO - Baþarýlý cevap: 200
2026-07-29 18:25:44,755 - INFO - GET isteði gönderiliyor: https://api.stripe.com/v1/payment_intents
2026-07-29 18:25:44,959 - INFO - Baþarýlý cevap: 200
2026-07-29 18:25:44,976 - INFO - GET isteði gönderiliyor: https://api.stripe.com/v1/payment_intents
2026-07-29 18:25:45,616 - INFO - Baþarýlý cevap: 200
2026-07-29 18:25:47,736 - INFO - Baþarýlý cevap: 200
2026-07-29 18:25:47,742 - INFO - GET isteði gönderiliyor: https://api.stripe.com/v1/payment_intents
2026-07-29 18:25:49,035 - INFO - Baþarýlý cevap: 200
2026-07-29 18:25:49,039 - INFO - GET isteði gönderiliyor: https://api.stripe.com/v1/refunds
2026-07-29 18:25:49,611 - INFO - Baþarýlý cevap: 200
2026-07-29 18:25:49,614 - INFO - GET isteði gönderiliyor: https://api.stripe.com/v1/products
2026-07-29 18:25:50,993 - INFO - Baþarýlý cevap: 200
2026-07-29 18:25:56,417 - INFO - GET isteði gönderiliyor: https://api.stripe.com/v1/invoices
2026-07-29 18:25:57,290 - INFO - Baþarýlý cevap: 200
2026-07-29 18:25:57,339 - INFO - GET isteði gönderiliyor: https://api.stripe.com/v1/invoices
2026-07-29 18:25:57,935 - INFO - Baþarýlý cevap: 200
2026-07-30 11:08:42,119 - INFO - GET isteði gönderiliyor: https://api.stripe.com/v1/customers
2026-07-30 11:08:51,093 - INFO - GET isteði gönderiliyor: https://api.stripe.com/v1/customers/cus_UyWAW9bi3Raw9q
2026-07-30 11:08:51,101 - ERROR - Sunucuya baðlanýlamadý: https://api.stripe.com/v1/customers/cus_UyWAW9bi3Raw9q
2026-07-30 11:08:51,112 - INFO - GET isteði gönderiliyor: https://api.stripe.com/v1/payment_intents
2026-07-30 11:08:51,135 - ERROR - Sunucuya baðlanýlamadý: https://api.stripe.com/v1/payment_intents
2026-07-30 11:08:53,250 - ERROR - Sunucuya baðlanýlamadý: https://api.stripe.com/v1/customers
2026-07-30 11:08:53,251 - INFO - GET isteði gönderiliyor: https://api.stripe.com/v1/payment_intents
2026-07-30 11:08:53,260 - ERROR - Sunucuya baðlanýlamadý: https://api.stripe.com/v1/payment_intents
2026-07-30 11:08:53,261 - INFO - GET isteði gönderiliyor: https://api.stripe.com/v1/refunds
2026-07-30 11:08:53,267 - ERROR - Sunucuya baðlanýlamadý: https://api.stripe.com/v1/refunds
2026-07-30 11:08:53,269 - INFO - GET isteði gönderiliyor: https://api.stripe.com/v1/products
2026-07-30 11:08:53,273 - ERROR - Sunucuya baðlanýlamadý: https://api.stripe.com/v1/products
2026-07-30 11:08:57,345 - INFO - GET isteði gönderiliyor: https://api.stripe.com/v1/invoices
2026-07-30 11:08:57,350 - ERROR - Sunucuya baðlanýlamadý: https://api.stripe.com/v1/invoices
2026-07-30 11:08:57,407 - INFO - GET isteði gönderiliyor: https://api.stripe.com/v1/invoices
2026-07-30 11:08:57,413 - ERROR - Sunucuya baðlanýlamadý: https://api.stripe.com/v1/invoices
2026-07-30 11:09:04,024 - INFO - GET isteði gönderiliyor: https://api.stripe.com/v1/invoices
2026-07-30 11:09:04,029 - ERROR - Sunucuya baðlanýlamadý: https://api.stripe.com/v1/invoices
2026-07-30 11:09:04,100 - INFO - GET isteði gönderiliyor: https://api.stripe.com/v1/invoices
2026-07-30 11:09:04,113 - ERROR - Sunucuya baðlanýlamadý: https://api.stripe.com/v1/invoices
2026-07-30 11:09:16,202 - INFO - GET isteði gönderiliyor: https://api.stripe.com/v1/invoices
2026-07-30 11:09:16,207 - ERROR - Sunucuya baðlanýlamadý: https://api.stripe.com/v1/invoices
2026-07-30 11:09:16,259 - INFO - GET isteði gönderiliyor: https://api.stripe.com/v1/invoices
2026-07-30 11:09:16,265 - ERROR - Sunucuya baðlanýlamadý: https://api.stripe.com/v1/invoices
2026-07-30 11:09:57,388 - INFO - GET isteði gönderiliyor: https://api.stripe.com/v1/products
2026-07-30 11:09:57,396 - ERROR - Sunucuya baðlanýlamadý: https://api.stripe.com/v1/products
2026-07-30 11:10:01,560 - INFO - GET isteði gönderiliyor: https://api.stripe.com/v1/customers
2026-07-30 11:10:01,565 - ERROR - Sunucuya baðlanýlamadý: https://api.stripe.com/v1/customers
2026-07-30 11:10:03,608 - INFO - GET isteði gönderiliyor: https://api.stripe.com/v1/customers
2026-07-30 11:10:03,614 - ERROR - Sunucuya baðlanýlamadý: https://api.stripe.com/v1/customers
2026-07-30 11:10:03,617 - INFO - GET isteði gönderiliyor: https://api.stripe.com/v1/payment_intents
2026-07-30 11:10:03,623 - ERROR - Sunucuya baðlanýlamadý: https://api.stripe.com/v1/payment_intents
2026-07-30 11:10:03,625 - INFO - GET isteði gönderiliyor: https://api.stripe.com/v1/refunds
2026-07-30 11:10:03,630 - ERROR - Sunucuya baðlanýlamadý: https://api.stripe.com/v1/refunds
2026-07-30 11:10:03,631 - INFO - GET isteði gönderiliyor: https://api.stripe.com/v1/products
2026-07-30 11:10:03,635 - ERROR - Sunucuya baðlanýlamadý: https://api.stripe.com/v1/products
2026-07-30 11:10:08,187 - INFO - GET isteði gönderiliyor: https://api.stripe.com/v1/customers
2026-07-30 11:10:08,193 - ERROR - Sunucuya baðlanýlamadý: https://api.stripe.com/v1/customers
2026-07-30 11:10:08,764 - INFO - GET isteði gönderiliyor: https://api.stripe.com/v1/products
2026-07-30 11:10:08,771 - ERROR - Sunucuya baðlanýlamadý: https://api.stripe.com/v1/products
2026-07-30 11:10:09,274 - INFO - GET isteði gönderiliyor: https://api.stripe.com/v1/payment_intents
2026-07-30 11:10:09,279 - ERROR - Sunucuya baðlanýlamadý: https://api.stripe.com/v1/payment_intents
2026-07-30 11:10:09,957 - INFO - GET isteði gönderiliyor: https://api.stripe.com/v1/refunds
2026-07-30 11:10:09,962 - ERROR - Sunucuya baðlanýlamadý: https://api.stripe.com/v1/refunds
2026-07-30 11:10:10,694 - INFO - GET isteði gönderiliyor: https://api.stripe.com/v1/customers
2026-07-30 11:10:10,697 - ERROR - Sunucuya baðlanýlamadý: https://api.stripe.com/v1/customers
2026-07-30 11:10:10,724 - INFO - GET isteði gönderiliyor: https://api.stripe.com/v1/products
2026-07-30 11:10:10,728 - ERROR - Sunucuya baðlanýlamadý: https://api.stripe.com/v1/products
2026-07-30 11:10:17,911 - INFO - GET isteði gönderiliyor: https://api.stripe.com/v1/customers/cus_UyWAW9bi3Raw9q
2026-07-30 11:10:17,916 - ERROR - Sunucuya baðlanýlamadý: https://api.stripe.com/v1/customers/cus_UyWAW9bi3Raw9q
2026-07-30 11:10:17,925 - INFO - GET isteði gönderiliyor: https://api.stripe.com/v1/payment_intents
2026-07-30 11:10:17,930 - ERROR - Sunucuya baðlanýlamadý: https://api.stripe.com/v1/payment_intents
2026-07-30 11:10:22,492 - INFO - GET isteði gönderiliyor: https://api.stripe.com/v1/invoices
2026-07-30 11:10:22,497 - ERROR - Sunucuya baðlanýlamadý: https://api.stripe.com/v1/invoices
2026-07-30 11:10:22,508 - INFO - GET isteði gönderiliyor: https://api.stripe.com/v1/invoices
2026-07-30 11:10:22,512 - ERROR - Sunucuya baðlanýlamadý: https://api.stripe.com/v1/invoices
2026-07-30 11:11:00,524 - INFO - GET isteði gönderiliyor: https://api.stripe.com/v1/invoices
2026-07-30 11:11:01,198 - INFO - Baþarýlý cevap: 200
2026-07-30 11:11:01,557 - INFO - GET isteði gönderiliyor: https://api.stripe.com/v1/invoices
2026-07-30 11:11:02,170 - INFO - Baþarýlý cevap: 200
2026-07-30 11:11:16,739 - INFO - GET isteði gönderiliyor: https://api.stripe.com/v1/payment_intents
2026-07-30 11:11:17,478 - INFO - Baþarýlý cevap: 200
2026-07-30 12:09:50,812 - INFO - GET isteði gönderiliyor: https://api.stripe.com/v1/customers/cus_UyWAW9bi3Raw9q
2026-07-30 12:09:52,728 - INFO - Baþarýlý cevap: 200
2026-07-30 12:09:52,759 - INFO - GET isteði gönderiliyor: https://api.stripe.com/v1/payment_intents
2026-07-30 12:09:53,637 - INFO - Baþarýlý cevap: 200
2026-07-30 12:09:57,064 - INFO - GET isteði gönderiliyor: https://api.stripe.com/v1/invoices
2026-07-30 12:10:07,540 - ERROR - Sunucu zamanýnda cevap vermedi: https://api.stripe.com/v1/invoices
2026-07-30 12:10:07,565 - INFO - GET isteði gönderiliyor: https://api.stripe.com/v1/invoices
2026-07-30 12:10:13,430 - INFO - Baþarýlý cevap: 200
2026-07-30 12:11:47,038 - INFO - GET isteði gönderiliyor: https://api.stripe.com/v1/customers
2026-07-30 12:11:58,074 - INFO - Baþarýlý cevap: 200
2026-07-30 12:11:58,076 - INFO - GET isteði gönderiliyor: https://api.stripe.com/v1/customers
2026-07-30 12:12:00,005 - INFO - Baþarýlý cevap: 200
2026-07-30 12:12:00,008 - INFO - GET isteði gönderiliyor: https://api.stripe.com/v1/customers
2026-07-30 12:12:01,760 - INFO - Baþarýlý cevap: 200
2026-07-30 12:12:01,763 - INFO - GET isteði gönderiliyor: https://api.stripe.com/v1/payment_intents
2026-07-30 12:12:05,288 - INFO - Baþarýlý cevap: 200
2026-07-30 12:12:05,293 - INFO - GET isteði gönderiliyor: https://api.stripe.com/v1/payment_intents
2026-07-30 12:12:07,101 - INFO - Baþarýlý cevap: 200
2026-07-30 12:12:07,104 - INFO - GET isteði gönderiliyor: https://api.stripe.com/v1/refunds
2026-07-30 12:12:07,849 - INFO - Baþarýlý cevap: 200
2026-07-30 12:12:07,851 - INFO - GET isteði gönderiliyor: https://api.stripe.com/v1/products
2026-07-30 12:12:09,876 - INFO - Baþarýlý cevap: 200
2026-07-30 12:12:16,885 - INFO - GET isteði gönderiliyor: https://api.stripe.com/v1/customers
2026-07-30 12:12:17,829 - INFO - Baþarýlý cevap: 200
2026-07-30 12:12:23,904 - INFO - GET isteði gönderiliyor: https://api.stripe.com/v1/customers/cus_UyWAW9bi3Raw9q
2026-07-30 12:12:24,694 - INFO - Baþarýlý cevap: 200
2026-07-30 12:12:24,714 - INFO - GET isteði gönderiliyor: https://api.stripe.com/v1/payment_intents
2026-07-30 12:12:25,501 - INFO - Baþarýlý cevap: 200
2026-07-30 12:12:33,469 - INFO - GET isteði gönderiliyor: https://api.stripe.com/v1/invoices
2026-07-30 12:12:34,432 - INFO - Baþarýlý cevap: 200
2026-07-30 12:12:34,507 - INFO - GET isteði gönderiliyor: https://api.stripe.com/v1/invoices
2026-07-30 12:12:35,239 - INFO - Baþarýlý cevap: 200
2026-07-30 12:18:45,130 - INFO - GET isteði gönderiliyor: https://api.stripe.com/v1/customers
2026-07-30 12:18:48,473 - INFO - GET isteði gönderiliyor: https://api.stripe.com/v1/customers/cus_UyWAW9bi3Raw9q
2026-07-30 12:18:49,621 - INFO - Baþarýlý cevap: 200
2026-07-30 12:18:49,635 - INFO - GET isteði gönderiliyor: https://api.stripe.com/v1/payment_intents
2026-07-30 12:18:50,585 - INFO - GET isteði gönderiliyor: https://api.stripe.com/v1/customers/cus_UyWAW9bi3Raw9q
2026-07-30 12:18:51,213 - INFO - Baþarýlý cevap: 200
2026-07-30 12:18:51,219 - INFO - GET isteði gönderiliyor: https://api.stripe.com/v1/customers
2026-07-30 12:18:51,591 - INFO - Baþarýlý cevap: 200
2026-07-30 12:18:51,772 - INFO - Baþarýlý cevap: 200
2026-07-30 12:18:51,779 - INFO - GET isteði gönderiliyor: https://api.stripe.com/v1/payment_intents
2026-07-30 12:18:52,807 - INFO - Baþarýlý cevap: 200
2026-07-30 12:18:54,111 - INFO - Baþarýlý cevap: 200
2026-07-30 12:18:54,115 - INFO - GET isteði gönderiliyor: https://api.stripe.com/v1/customers
2026-07-30 12:18:56,244 - INFO - GET isteði gönderiliyor: https://api.stripe.com/v1/invoices
2026-07-30 12:18:56,791 - INFO - Baþarýlý cevap: 200
2026-07-30 12:18:56,793 - INFO - GET isteði gönderiliyor: https://api.stripe.com/v1/payment_intents
2026-07-30 12:18:57,363 - INFO - Baþarýlý cevap: 200
2026-07-30 12:18:57,403 - INFO - GET isteði gönderiliyor: https://api.stripe.com/v1/invoices
2026-07-30 12:18:59,111 - INFO - Baþarýlý cevap: 200
2026-07-30 12:18:59,595 - INFO - GET isteði gönderiliyor: https://api.stripe.com/v1/invoices/inv_imp_a591402cf24149
2026-07-30 12:19:00,506 - INFO - Baþarýlý cevap: 200
2026-07-30 12:19:00,510 - INFO - GET isteði gönderiliyor: https://api.stripe.com/v1/payment_intents
2026-07-30 12:19:00,870 - ERROR - HTTP hatasý: 404 Client Error: Not Found for url: https://api.stripe.com/v1/invoices/inv_imp_a591402cf24149
2026-07-30 12:19:02,027 - INFO - Baþarýlý cevap: 200
2026-07-30 12:19:02,030 - INFO - GET isteði gönderiliyor: https://api.stripe.com/v1/refunds
2026-07-30 12:19:03,255 - INFO - Baþarýlý cevap: 200
2026-07-30 12:19:03,257 - INFO - GET isteði gönderiliyor: https://api.stripe.com/v1/products
2026-07-30 12:19:04,172 - INFO - Baþarýlý cevap: 200
2026-07-30 12:20:25,792 - INFO - GET isteði gönderiliyor: https://api.stripe.com/v1/customers
2026-07-30 12:20:26,953 - INFO - Baþarýlý cevap: 200
2026-07-30 12:20:35,317 - INFO - GET isteði gönderiliyor: https://api.stripe.com/v1/products
2026-07-30 12:20:36,409 - INFO - Baþarýlý cevap: 200
2026-07-30 12:20:39,526 - INFO - GET isteði gönderiliyor: https://api.stripe.com/v1/payment_intents
2026-07-30 12:20:41,439 - INFO - Baþarýlý cevap: 200
2026-07-30 12:20:43,962 - INFO - GET isteði gönderiliyor: https://api.stripe.com/v1/refunds
2026-07-30 12:20:45,025 - INFO - Baþarýlý cevap: 200
2026-07-30 12:20:48,908 - INFO - GET isteði gönderiliyor: https://api.stripe.com/v1/products
2026-07-30 12:20:48,911 - INFO - GET isteði gönderiliyor: https://api.stripe.com/v1/customers
2026-07-30 12:20:50,026 - INFO - Baþarýlý cevap: 200
2026-07-30 12:20:50,445 - INFO - Baþarýlý cevap: 200
2026-07-30 12:21:43,230 - INFO - GET isteði gönderiliyor: https://api.stripe.com/v1/customers
2026-07-30 12:21:44,272 - INFO - Baþarýlý cevap: 200
2026-07-30 12:22:17,484 - INFO - GET isteði gönderiliyor: https://api.stripe.com/v1/customers
2026-07-30 12:22:19,903 - INFO - Baþarýlý cevap: 200
2026-07-30 12:37:36,609 - INFO - GET isteði gönderiliyor: https://api.stripe.com/v1/customers
2026-07-30 12:37:38,935 - INFO - Baþarýlý cevap: 200
2026-07-30 12:37:38,939 - INFO - GET isteði gönderiliyor: https://api.stripe.com/v1/customers
2026-07-30 12:37:40,329 - INFO - Baþarýlý cevap: 200
2026-07-30 12:37:40,333 - INFO - GET isteði gönderiliyor: https://api.stripe.com/v1/customers
2026-07-30 12:37:41,648 - INFO - Baþarýlý cevap: 200
2026-07-30 12:37:41,651 - INFO - GET isteði gönderiliyor: https://api.stripe.com/v1/payment_intents
2026-07-30 12:37:43,926 - INFO - Baþarýlý cevap: 200
2026-07-30 12:37:43,930 - INFO - GET isteði gönderiliyor: https://api.stripe.com/v1/payment_intents
2026-07-30 12:37:46,111 - INFO - Baþarýlý cevap: 200
2026-07-30 12:37:46,117 - INFO - GET isteði gönderiliyor: https://api.stripe.com/v1/refunds
2026-07-30 12:37:46,735 - INFO - Baþarýlý cevap: 200
2026-07-30 12:37:46,737 - INFO - GET isteði gönderiliyor: https://api.stripe.com/v1/products
2026-07-30 12:37:48,408 - INFO - Baþarýlý cevap: 200
2026-07-30 12:38:06,083 - INFO - GET isteði gönderiliyor: https://api.stripe.com/v1/customers/cus_UyWAW9bi3Raw9q
2026-07-30 12:38:07,414 - INFO - Baþarýlý cevap: 200
2026-07-30 12:38:07,431 - INFO - GET isteði gönderiliyor: https://api.stripe.com/v1/payment_intents
2026-07-30 12:38:08,243 - INFO - Baþarýlý cevap: 200
2026-07-30 12:38:17,018 - INFO - GET isteði gönderiliyor: https://api.stripe.com/v1/customers
2026-07-30 12:38:18,700 - INFO - Baþarýlý cevap: 200
2026-07-30 12:38:48,100 - INFO - GET isteði gönderiliyor: https://api.stripe.com/v1/customers
2026-07-30 12:38:49,724 - INFO - Baþarýlý cevap: 200
2026-07-30 12:41:32,604 - INFO - GET isteði gönderiliyor: https://api.stripe.com/v1/customers
2026-07-30 12:41:33,705 - INFO - Baþarýlý cevap: 200
2026-07-30 12:41:33,710 - INFO - GET isteði gönderiliyor: https://api.stripe.com/v1/customers
2026-07-30 12:41:34,674 - INFO - Baþarýlý cevap: 200
2026-07-30 12:41:34,678 - INFO - GET isteði gönderiliyor: https://api.stripe.com/v1/customers
2026-07-30 12:41:36,330 - INFO - Baþarýlý cevap: 200
2026-07-30 12:41:36,332 - INFO - GET isteði gönderiliyor: https://api.stripe.com/v1/payment_intents
2026-07-30 12:41:44,978 - INFO - Baþarýlý cevap: 200
2026-07-30 12:41:44,982 - INFO - GET isteði gönderiliyor: https://api.stripe.com/v1/payment_intents
2026-07-30 12:41:48,127 - INFO - Baþarýlý cevap: 200
2026-07-30 12:41:48,130 - INFO - GET isteði gönderiliyor: https://api.stripe.com/v1/refunds
2026-07-30 12:41:48,720 - INFO - Baþarýlý cevap: 200
2026-07-30 12:41:48,721 - INFO - GET isteði gönderiliyor: https://api.stripe.com/v1/products
2026-07-30 12:41:50,730 - INFO - Baþarýlý cevap: 200
2026-07-30 12:42:00,955 - INFO - GET isteði gönderiliyor: https://api.stripe.com/v1/customers
2026-07-30 12:42:02,959 - INFO - Baþarýlý cevap: 200
2026-07-30 12:42:23,518 - INFO - GET isteði gönderiliyor: https://api.stripe.com/v1/customers
2026-07-30 12:42:25,436 - INFO - Baþarýlý cevap: 200
2026-07-30 12:44:52,860 - INFO - GET isteði gönderiliyor: https://api.stripe.com/v1/customers/cus_UyWAW9bi3Raw9q
2026-07-30 12:44:53,479 - INFO - Baþarýlý cevap: 200
2026-07-30 12:44:53,487 - INFO - GET isteði gönderiliyor: https://api.stripe.com/v1/payment_intents
2026-07-30 12:44:55,137 - INFO - Baþarýlý cevap: 200
2026-07-30 12:45:16,714 - INFO - GET isteði gönderiliyor: https://api.stripe.com/v1/customers
2026-07-30 12:45:18,849 - INFO - Baþarýlý cevap: 200
2026-07-30 12:45:18,853 - INFO - GET isteði gönderiliyor: https://api.stripe.com/v1/customers
2026-07-30 12:45:20,166 - INFO - Baþarýlý cevap: 200
2026-07-30 12:45:20,171 - INFO - GET isteði gönderiliyor: https://api.stripe.com/v1/customers
2026-07-30 12:45:22,252 - INFO - Baþarýlý cevap: 200
2026-07-30 12:45:22,255 - INFO - GET isteði gönderiliyor: https://api.stripe.com/v1/payment_intents
2026-07-30 12:45:23,352 - INFO - GET isteði gönderiliyor: https://api.stripe.com/v1/customers
2026-07-30 12:45:24,189 - INFO - Baþarýlý cevap: 200
2026-07-30 12:45:25,862 - INFO - Baþarýlý cevap: 200
2026-07-30 12:45:25,868 - INFO - GET isteði gönderiliyor: https://api.stripe.com/v1/payment_intents
2026-07-30 12:45:29,409 - INFO - Baþarýlý cevap: 200
2026-07-30 12:45:29,413 - INFO - GET isteði gönderiliyor: https://api.stripe.com/v1/refunds
2026-07-30 12:45:30,995 - INFO - Baþarýlý cevap: 200
2026-07-30 12:45:30,996 - INFO - GET isteði gönderiliyor: https://api.stripe.com/v1/products
2026-07-30 12:45:31,775 - INFO - Baþarýlý cevap: 200
2026-07-30 12:45:45,986 - INFO - GET isteði gönderiliyor: https://api.stripe.com/v1/products
2026-07-30 12:45:48,211 - INFO - Baþarýlý cevap: 200
2026-07-30 12:46:05,238 - INFO - GET isteði gönderiliyor: https://api.stripe.com/v1/products
2026-07-30 12:46:05,897 - INFO - Baþarýlý cevap: 200
2026-07-30 12:46:23,970 - INFO - GET isteði gönderiliyor: https://api.stripe.com/v1/customers
2026-07-30 12:46:24,975 - INFO - Baþarýlý cevap: 200
2026-07-30 12:46:31,915 - INFO - GET isteði gönderiliyor: https://api.stripe.com/v1/customers
2026-07-30 12:46:33,369 - INFO - Baþarýlý cevap: 200
2026-07-30 12:46:33,371 - INFO - GET isteði gönderiliyor: https://api.stripe.com/v1/customers
2026-07-30 12:46:34,874 - INFO - Baþarýlý cevap: 200
2026-07-30 12:46:34,877 - INFO - GET isteði gönderiliyor: https://api.stripe.com/v1/customers
2026-07-30 12:46:35,672 - INFO - Baþarýlý cevap: 200
2026-07-30 12:46:35,674 - INFO - GET isteði gönderiliyor: https://api.stripe.com/v1/payment_intents
2026-07-30 12:46:39,298 - INFO - Baþarýlý cevap: 200
2026-07-30 12:46:39,302 - INFO - GET isteði gönderiliyor: https://api.stripe.com/v1/payment_intents
2026-07-30 12:46:41,870 - INFO - Baþarýlý cevap: 200
2026-07-30 12:46:41,874 - INFO - GET isteði gönderiliyor: https://api.stripe.com/v1/refunds
2026-07-30 12:46:42,536 - INFO - Baþarýlý cevap: 200
2026-07-30 12:46:42,538 - INFO - GET isteði gönderiliyor: https://api.stripe.com/v1/products
2026-07-30 12:46:43,594 - INFO - Baþarýlý cevap: 200
2026-07-30 12:46:59,063 - INFO - GET isteði gönderiliyor: https://api.stripe.com/v1/customers/cus_UyWAW9bi3Raw9q
2026-07-30 12:46:59,907 - INFO - Baþarýlý cevap: 200
2026-07-30 12:46:59,916 - INFO - GET isteði gönderiliyor: https://api.stripe.com/v1/payment_intents
2026-07-30 12:47:00,656 - INFO - Baþarýlý cevap: 200
2026-07-30 12:47:16,212 - INFO - GET isteði gönderiliyor: https://api.stripe.com/v1/customers
2026-07-30 12:47:17,727 - INFO - Baþarýlý cevap: 200
2026-07-30 12:49:28,161 - INFO - POST isteði gönderiliyor: https://api.stripe.com/v1/payment_intents
2026-07-30 12:49:29,060 - INFO - Baþarýlý cevap: 200
2026-07-30 12:49:29,069 - INFO - POST isteði gönderiliyor: https://api.stripe.com/v1/prices
2026-07-30 12:49:29,696 - INFO - Baþarýlý cevap: 200
2026-07-30 12:50:31,843 - INFO - GET isteði gönderiliyor: https://api.stripe.com/v1/customers
2026-07-30 12:50:32,811 - INFO - Baþarýlý cevap: 200
2026-07-30 12:50:32,815 - INFO - GET isteði gönderiliyor: https://api.stripe.com/v1/invoices
2026-07-30 12:50:35,422 - INFO - Baþarýlý cevap: 200
2026-07-30 12:50:35,499 - INFO - GET isteði gönderiliyor: https://api.stripe.com/v1/payment_intents
2026-07-30 12:50:36,427 - INFO - Baþarýlý cevap: 200
2026-07-30 12:50:36,429 - INFO - GET isteði gönderiliyor: https://api.stripe.com/v1/products
2026-07-30 12:50:37,124 - INFO - Baþarýlý cevap: 200
2026-07-30 12:50:37,126 - INFO - GET isteði gönderiliyor: https://api.stripe.com/v1/refunds
2026-07-30 12:50:37,746 - INFO - Baþarýlý cevap: 200
2026-07-30 12:50:37,748 - INFO - GET isteði gönderiliyor: https://api.stripe.com/v1/customers
2026-07-30 12:50:38,581 - INFO - Baþarýlý cevap: 200
2026-07-30 12:50:38,584 - INFO - GET isteði gönderiliyor: https://api.stripe.com/v1/customers
2026-07-30 12:50:39,960 - INFO - Baþarýlý cevap: 200
2026-07-30 12:50:39,966 - INFO - GET isteði gönderiliyor: https://api.stripe.com/v1/invoices
2026-07-30 12:50:40,985 - INFO - Baþarýlý cevap: 200
2026-07-30 12:50:41,050 - INFO - GET isteði gönderiliyor: https://api.stripe.com/v1/payment_intents
2026-07-30 12:50:41,748 - INFO - Baþarýlý cevap: 200
2026-07-30 12:50:41,752 - INFO - GET isteði gönderiliyor: https://api.stripe.com/v1/payment_intents
2026-07-30 12:50:42,903 - INFO - Baþarýlý cevap: 200
2026-07-30 12:50:42,907 - INFO - GET isteði gönderiliyor: https://api.stripe.com/v1/products
2026-07-30 12:50:43,625 - INFO - Baþarýlý cevap: 200
2026-07-30 12:50:43,628 - INFO - GET isteði gönderiliyor: https://api.stripe.com/v1/products
2026-07-30 12:50:44,343 - INFO - Baþarýlý cevap: 200
2026-07-30 12:50:44,347 - INFO - GET isteði gönderiliyor: https://api.stripe.com/v1/refunds
2026-07-30 12:50:45,019 - INFO - Baþarýlý cevap: 200
2026-07-30 12:56:10,623 - INFO - GET isteði gönderiliyor: https://api.stripe.com/v1/customers
2026-07-30 12:56:13,010 - INFO - Baþarýlý cevap: 200
2026-07-30 12:56:13,013 - INFO - GET isteði gönderiliyor: https://api.stripe.com/v1/customers
2026-07-30 12:56:15,038 - INFO - Baþarýlý cevap: 200
2026-07-30 12:56:15,042 - INFO - GET isteði gönderiliyor: https://api.stripe.com/v1/customers
2026-07-30 12:56:16,209 - INFO - Baþarýlý cevap: 200
2026-07-30 12:56:16,211 - INFO - GET isteði gönderiliyor: https://api.stripe.com/v1/payment_intents
2026-07-30 12:56:18,978 - INFO - GET isteði gönderiliyor: https://api.stripe.com/v1/customers
2026-07-30 12:56:19,165 - INFO - Baþarýlý cevap: 200
2026-07-30 12:56:19,172 - INFO - GET isteði gönderiliyor: https://api.stripe.com/v1/payment_intents
2026-07-30 12:56:19,995 - INFO - Baþarýlý cevap: 200
2026-07-30 12:56:22,458 - INFO - Baþarýlý cevap: 200
2026-07-30 12:56:22,461 - INFO - GET isteði gönderiliyor: https://api.stripe.com/v1/refunds
2026-07-30 12:56:23,199 - INFO - Baþarýlý cevap: 200
2026-07-30 12:56:23,202 - INFO - GET isteði gönderiliyor: https://api.stripe.com/v1/products
2026-07-30 12:56:24,151 - INFO - Baþarýlý cevap: 200
2026-07-30 12:56:31,239 - INFO - GET isteði gönderiliyor: https://api.stripe.com/v1/payment_intents
2026-07-30 12:56:38,047 - INFO - GET isteði gönderiliyor: https://api.stripe.com/v1/refunds
2026-07-30 12:56:40,359 - INFO - GET isteði gönderiliyor: https://api.stripe.com/v1/customers
2026-07-30 12:56:40,364 - INFO - GET isteði gönderiliyor: https://api.stripe.com/v1/products
2026-07-30 12:56:42,953 - INFO - GET isteði gönderiliyor: https://api.stripe.com/v1/invoices
2026-07-30 12:56:46,525 - INFO - Baþarýlý cevap: 200
2026-07-30 12:56:53,011 - ERROR - Sunucu zamanýnda cevap vermedi: https://api.stripe.com/v1/products
2026-07-30 12:56:53,042 - ERROR - Sunucu zamanýnda cevap vermedi: https://api.stripe.com/v1/customers
2026-07-30 12:56:53,672 - INFO - Baþarýlý cevap: 200
2026-07-30 12:56:57,323 - INFO - GET isteði gönderiliyor: https://api.stripe.com/v1/customers/cus_UyWAW9bi3Raw9q
2026-07-30 12:56:59,114 - INFO - Baþarýlý cevap: 200
2026-07-30 12:57:01,445 - INFO - Baþarýlý cevap: 200
2026-07-30 12:57:01,460 - INFO - GET isteði gönderiliyor: https://api.stripe.com/v1/payment_intents
2026-07-30 12:57:03,315 - INFO - Baþarýlý cevap: 200
2026-07-30 12:57:12,638 - INFO - GET isteði gönderiliyor: https://api.stripe.com/v1/invoices
2026-07-30 12:57:24,019 - ERROR - Sunucu zamanýnda cevap vermedi: https://api.stripe.com/v1/invoices
2026-07-30 12:57:24,038 - INFO - GET isteði gönderiliyor: https://api.stripe.com/v1/invoices
2026-07-30 12:57:31,983 - INFO - Baþarýlý cevap: 200
2026-07-30 12:57:39,024 - INFO - GET isteði gönderiliyor: https://api.stripe.com/v1/customers
2026-07-30 12:57:41,790 - INFO - Baþarýlý cevap: 200
2026-07-30 12:57:41,794 - INFO - GET isteði gönderiliyor: https://api.stripe.com/v1/customers
2026-07-30 12:57:43,226 - INFO - GET isteði gönderiliyor: https://api.stripe.com/v1/customers/cus_UyWAW9bi3Raw9q
2026-07-30 12:57:44,290 - INFO - Baþarýlý cevap: 200
2026-07-30 12:57:44,292 - INFO - GET isteði gönderiliyor: https://api.stripe.com/v1/customers
2026-07-30 12:57:44,756 - INFO - Baþarýlý cevap: 200
2026-07-30 12:57:44,769 - INFO - GET isteði gönderiliyor: https://api.stripe.com/v1/payment_intents
2026-07-30 12:57:45,183 - INFO - Baþarýlý cevap: 200
2026-07-30 12:57:45,186 - INFO - GET isteði gönderiliyor: https://api.stripe.com/v1/payment_intents
2026-07-30 12:57:45,371 - INFO - GET isteði gönderiliyor: https://api.stripe.com/v1/customers/cus_UyWAW9bi3Raw9q
2026-07-30 12:57:45,404 - INFO - Baþarýlý cevap: 200
2026-07-30 12:57:46,073 - INFO - Baþarýlý cevap: 200
2026-07-30 12:57:46,112 - INFO - GET isteði gönderiliyor: https://api.stripe.com/v1/payment_intents
2026-07-30 12:57:47,832 - INFO - Baþarýlý cevap: 200
2026-07-30 12:57:49,103 - INFO - GET isteði gönderiliyor: https://api.stripe.com/v1/invoices
2026-07-30 12:57:49,924 - INFO - Baþarýlý cevap: 200
2026-07-30 12:57:49,929 - INFO - GET isteði gönderiliyor: https://api.stripe.com/v1/payment_intents
2026-07-30 12:57:49,998 - INFO - Baþarýlý cevap: 200
2026-07-30 12:57:50,082 - INFO - GET isteði gönderiliyor: https://api.stripe.com/v1/invoices
2026-07-30 12:57:50,655 - INFO - Baþarýlý cevap: 200
2026-07-30 12:57:52,747 - INFO - Baþarýlý cevap: 200
2026-07-30 12:57:52,752 - INFO - GET isteði gönderiliyor: https://api.stripe.com/v1/refunds
2026-07-30 12:57:53,379 - INFO - Baþarýlý cevap: 200
2026-07-30 12:57:53,381 - INFO - GET isteði gönderiliyor: https://api.stripe.com/v1/products
2026-07-30 12:57:54,289 - INFO - Baþarýlý cevap: 200
2026-07-30 13:08:18,915 - INFO - GET isteði gönderiliyor: https://api.stripe.com/v1/customers
2026-07-30 13:08:25,415 - INFO - GET isteði gönderiliyor: https://api.stripe.com/v1/customers
2026-07-30 13:08:28,949 - INFO - GET isteði gönderiliyor: https://api.stripe.com/v1/products
2026-07-30 13:08:30,259 - ERROR - Sunucuya baðlanýlamadý: https://api.stripe.com/v1/customers
2026-07-30 13:08:30,259 - ERROR - Sunucuya baðlanýlamadý: https://api.stripe.com/v1/customers
2026-07-30 13:08:30,259 - ERROR - Sunucuya baðlanýlamadý: https://api.stripe.com/v1/products
2026-07-30 13:08:30,262 - INFO - GET isteði gönderiliyor: https://api.stripe.com/v1/payment_intents
2026-07-30 13:08:41,572 - ERROR - Sunucuya baðlanýlamadý: https://api.stripe.com/v1/payment_intents
2026-07-30 13:08:41,574 - INFO - GET isteði gönderiliyor: https://api.stripe.com/v1/refunds
2026-07-30 13:08:41,579 - ERROR - Sunucuya baðlanýlamadý: https://api.stripe.com/v1/refunds
2026-07-30 13:08:41,580 - INFO - GET isteði gönderiliyor: https://api.stripe.com/v1/products
2026-07-30 13:08:41,584 - ERROR - Sunucuya baðlanýlamadý: https://api.stripe.com/v1/products
2026-07-30 13:11:24,349 - INFO - GET isteði gönderiliyor: https://api.stripe.com/v1/payment_intents
2026-07-30 13:11:25,211 - INFO - Baþarýlý cevap: 200
2026-07-30 13:11:32,022 - INFO - GET isteði gönderiliyor: https://api.stripe.com/v1/payment_intents
2026-07-30 13:11:32,885 - INFO - Baþarýlý cevap: 200
2026-07-30 13:11:44,853 - INFO - GET isteði gönderiliyor: https://api.stripe.com/v1/customers
2026-07-30 13:11:45,802 - INFO - Baþarýlý cevap: 200
2026-07-30 13:11:51,530 - INFO - GET isteði gönderiliyor: https://api.stripe.com/v1/customers
2026-07-30 13:11:52,635 - INFO - Baþarýlý cevap: 200
2026-07-30 13:11:56,758 - INFO - GET isteði gönderiliyor: https://api.stripe.com/v1/customers
2026-07-30 13:11:57,603 - INFO - Baþarýlý cevap: 200
2026-07-30 13:11:59,990 - INFO - GET isteði gönderiliyor: https://api.stripe.com/v1/customers
2026-07-30 13:12:00,814 - INFO - Baþarýlý cevap: 200
2026-07-30 13:16:22,557 - INFO - GET isteði gönderiliyor: https://api.stripe.com/v1/customers
2026-07-30 13:16:23,973 - INFO - Baþarýlý cevap: 200
2026-07-30 13:16:23,976 - INFO - GET isteði gönderiliyor: https://api.stripe.com/v1/customers
2026-07-30 13:16:25,213 - INFO - Baþarýlý cevap: 200
2026-07-30 13:16:25,215 - INFO - GET isteði gönderiliyor: https://api.stripe.com/v1/customers
2026-07-30 13:16:26,393 - INFO - Baþarýlý cevap: 200
2026-07-30 13:16:26,396 - INFO - GET isteði gönderiliyor: https://api.stripe.com/v1/payment_intents
2026-07-30 13:16:28,425 - INFO - Baþarýlý cevap: 200
2026-07-30 13:16:28,429 - INFO - GET isteði gönderiliyor: https://api.stripe.com/v1/payment_intents
2026-07-30 13:16:30,007 - INFO - Baþarýlý cevap: 200
2026-07-30 13:16:30,010 - INFO - GET isteði gönderiliyor: https://api.stripe.com/v1/refunds
2026-07-30 13:16:30,520 - INFO - Baþarýlý cevap: 200
2026-07-30 13:16:30,522 - INFO - GET isteði gönderiliyor: https://api.stripe.com/v1/products
2026-07-30 13:16:31,165 - INFO - Baþarýlý cevap: 200
2026-07-30 13:16:56,473 - INFO - GET isteði gönderiliyor: https://api.stripe.com/v1/customers
2026-07-30 13:16:57,496 - INFO - Baþarýlý cevap: 200
2026-07-30 13:17:07,143 - INFO - GET isteði gönderiliyor: https://api.stripe.com/v1/customers
2026-07-30 13:17:07,988 - INFO - Baþarýlý cevap: 200
2026-07-30 13:17:47,213 - INFO - GET isteði gönderiliyor: https://api.stripe.com/v1/customers
2026-07-30 13:17:47,980 - INFO - Baþarýlý cevap: 200
2026-07-30 13:17:47,983 - INFO - GET isteði gönderiliyor: https://api.stripe.com/v1/customers
2026-07-30 13:17:48,705 - INFO - Baþarýlý cevap: 200
2026-07-30 13:17:48,707 - INFO - GET isteði gönderiliyor: https://api.stripe.com/v1/customers
2026-07-30 13:17:49,377 - INFO - Baþarýlý cevap: 200
2026-07-30 13:17:49,381 - INFO - GET isteði gönderiliyor: https://api.stripe.com/v1/payment_intents
2026-07-30 13:17:52,047 - INFO - Baþarýlý cevap: 200
2026-07-30 13:17:52,051 - INFO - GET isteði gönderiliyor: https://api.stripe.com/v1/payment_intents
2026-07-30 13:17:53,714 - INFO - Baþarýlý cevap: 200
2026-07-30 13:17:53,719 - INFO - GET isteði gönderiliyor: https://api.stripe.com/v1/refunds
2026-07-30 13:17:54,242 - INFO - Baþarýlý cevap: 200
2026-07-30 13:17:54,244 - INFO - GET isteði gönderiliyor: https://api.stripe.com/v1/products
2026-07-30 13:17:54,982 - INFO - Baþarýlý cevap: 200
2026-07-30 13:18:01,166 - INFO - GET isteði gönderiliyor: https://api.stripe.com/v1/products
2026-07-30 13:18:01,723 - INFO - Baþarýlý cevap: 200
2026-07-30 13:18:03,887 - INFO - GET isteði gönderiliyor: https://api.stripe.com/v1/customers
2026-07-30 13:18:05,268 - INFO - Baþarýlý cevap: 200
2026-07-30 14:36:39,646 - INFO - GET isteði gönderiliyor: https://api.stripe.com/v1/customers/cus_UyWAW9bi3Raw9q
2026-07-30 14:36:42,463 - INFO - Baþarýlý cevap: 200
2026-07-30 14:36:42,476 - INFO - GET isteði gönderiliyor: https://api.stripe.com/v1/payment_intents
2026-07-30 14:36:46,878 - INFO - Baþarýlý cevap: 200
2026-07-30 14:36:46,881 - INFO - GET isteði gönderiliyor: https://api.stripe.com/v1/invoices
2026-07-30 14:36:48,096 - INFO - Baþarýlý cevap: 200
2026-07-30 14:36:48,158 - INFO - GET isteði gönderiliyor: https://api.stripe.com/v1/invoices
2026-07-30 14:36:50,594 - INFO - Baþarýlý cevap: 200
2026-07-30 14:36:59,549 - INFO - GET isteði gönderiliyor: https://api.stripe.com/v1/payment_intents
2026-07-30 14:37:00,960 - INFO - Baþarýlý cevap: 200
2026-07-30 14:37:01,484 - INFO - GET isteði gönderiliyor: https://api.stripe.com/v1/customers
2026-07-30 14:37:01,486 - INFO - GET isteði gönderiliyor: https://api.stripe.com/v1/products
2026-07-30 14:37:08,543 - INFO - Baþarýlý cevap: 200
2026-07-30 14:37:09,771 - INFO - Baþarýlý cevap: 200
2026-07-30 14:37:20,698 - INFO - POST isteði gönderiliyor: https://api.stripe.com/v1/invoices/create_preview
2026-07-30 14:37:23,637 - INFO - Baþarýlý cevap: 200
2026-07-30 14:37:27,635 - INFO - POST isteði gönderiliyor: https://api.stripe.com/v1/invoices
2026-07-30 14:37:29,491 - INFO - Baþarýlý cevap: 200
2026-07-30 14:37:29,493 - INFO - POST isteði gönderiliyor: https://api.stripe.com/v1/invoiceitems
2026-07-30 14:37:31,543 - INFO - Baþarýlý cevap: 200
2026-07-30 14:37:31,546 - INFO - POST isteði gönderiliyor: https://api.stripe.com/v1/invoices/in_1TysHEKBkUL9vnMVqi4kSIfS/finalize
2026-07-30 14:37:38,765 - INFO - Baþarýlý cevap: 200
2026-07-30 14:37:38,779 - INFO - GET isteði gönderiliyor: https://api.stripe.com/v1/customers
2026-07-30 14:37:39,979 - INFO - GET isteði gönderiliyor: https://api.stripe.com/v1/invoices
2026-07-30 14:37:41,571 - INFO - Baþarýlý cevap: 200
2026-07-30 14:37:41,734 - INFO - Baþarýlý cevap: 200
2026-07-30 14:37:41,740 - INFO - GET isteði gönderiliyor: https://api.stripe.com/v1/customers
2026-07-30 14:37:42,288 - INFO - GET isteði gönderiliyor: https://api.stripe.com/v1/customers/cus_UyWAW9bi3Raw9q
2026-07-30 14:37:44,695 - INFO - Baþarýlý cevap: 200
2026-07-30 14:37:44,709 - INFO - GET isteði gönderiliyor: https://api.stripe.com/v1/payment_intents
2026-07-30 14:37:46,119 - INFO - Baþarýlý cevap: 200
2026-07-30 14:37:47,008 - INFO - Baþarýlý cevap: 200
2026-07-30 14:37:47,012 - INFO - GET isteði gönderiliyor: https://api.stripe.com/v1/customers
2026-07-30 14:37:48,754 - INFO - GET isteði gönderiliyor: https://api.stripe.com/v1/invoices
2026-07-30 14:37:51,323 - INFO - Baþarýlý cevap: 200
2026-07-30 14:37:51,380 - INFO - GET isteði gönderiliyor: https://api.stripe.com/v1/invoices
2026-07-30 14:37:51,411 - INFO - Baþarýlý cevap: 200
2026-07-30 14:37:51,415 - INFO - GET isteði gönderiliyor: https://api.stripe.com/v1/payment_intents
2026-07-30 14:37:53,436 - INFO - Baþarýlý cevap: 200
2026-07-30 14:37:53,496 - INFO - GET isteði gönderiliyor: https://api.stripe.com/v1/invoices/in_1TysHEKBkUL9vnMVqi4kSIfS
2026-07-30 14:38:03,806 - ERROR - Sunucu zamanýnda cevap vermedi: https://api.stripe.com/v1/invoices/in_1TysHEKBkUL9vnMVqi4kSIfS
2026-07-30 14:38:07,164 - ERROR - Sunucuya baðlanýlamadý: https://api.stripe.com/v1/payment_intents
2026-07-30 14:38:07,166 - INFO - GET isteði gönderiliyor: https://api.stripe.com/v1/refunds
2026-07-30 14:38:18,348 - ERROR - Sunucu zamanýnda cevap vermedi: https://api.stripe.com/v1/refunds
2026-07-30 14:38:18,351 - INFO - GET isteði gönderiliyor: https://api.stripe.com/v1/products
2026-07-30 14:38:20,309 - INFO - Baþarýlý cevap: 200
2026-07-30 16:26:38,648 - INFO - POST isteði gönderiliyor: https://api.stripe.com/v1/customers
2026-07-30 16:26:38,649 - INFO - POST isteði gönderiliyor: https://api.stripe.com/v1/customers
2026-07-30 16:26:38,650 - INFO - POST isteði gönderiliyor: https://api.stripe.com/v1/customers
2026-07-30 16:26:38,653 - INFO - POST isteði gönderiliyor: https://api.stripe.com/v1/customers
2026-07-30 16:26:38,656 - INFO - POST isteði gönderiliyor: https://api.stripe.com/v1/customers
2026-07-30 16:26:39,606 - INFO - Baþarýlý cevap: 200
2026-07-30 16:26:39,652 - INFO - Baþarýlý cevap: 200
2026-07-30 16:26:39,653 - INFO - Baþarýlý cevap: 200
2026-07-30 16:26:39,664 - INFO - Baþarýlý cevap: 200
2026-07-30 16:26:39,666 - INFO - Baþarýlý cevap: 200
2026-07-30 16:26:39,670 - INFO - POST isteði gönderiliyor: https://api.stripe.com/v1/customers
2026-07-30 16:26:39,703 - INFO - POST isteði gönderiliyor: https://api.stripe.com/v1/customers
2026-07-30 16:26:39,703 - INFO - POST isteði gönderiliyor: https://api.stripe.com/v1/customers
2026-07-30 16:26:39,704 - INFO - POST isteði gönderiliyor: https://api.stripe.com/v1/customers
2026-07-30 16:26:39,706 - INFO - POST isteði gönderiliyor: https://api.stripe.com/v1/customers
2026-07-30 16:26:40,361 - INFO - Baþarýlý cevap: 200
2026-07-30 16:26:40,408 - INFO - Baþarýlý cevap: 200
2026-07-30 16:26:40,410 - INFO - POST isteði gönderiliyor: https://api.stripe.com/v1/customers
2026-07-30 16:26:40,423 - INFO - POST isteði gönderiliyor: https://api.stripe.com/v1/customers
2026-07-30 16:26:40,439 - INFO - Baþarýlý cevap: 200
2026-07-30 16:26:40,460 - INFO - POST isteði gönderiliyor: https://api.stripe.com/v1/customers
2026-07-30 16:26:40,520 - INFO - Baþarýlý cevap: 200
2026-07-30 16:26:40,562 - INFO - Baþarýlý cevap: 200
2026-07-30 16:26:40,567 - INFO - POST isteði gönderiliyor: https://api.stripe.com/v1/customers
2026-07-30 16:26:40,576 - INFO - POST isteði gönderiliyor: https://api.stripe.com/v1/customers
2026-07-30 16:26:41,218 - INFO - Baþarýlý cevap: 200
2026-07-30 16:26:41,220 - INFO - Baþarýlý cevap: 200
2026-07-30 16:26:41,242 - INFO - Baþarýlý cevap: 200
2026-07-30 16:26:41,261 - INFO - POST isteði gönderiliyor: https://api.stripe.com/v1/customers
2026-07-30 16:26:41,263 - INFO - POST isteði gönderiliyor: https://api.stripe.com/v1/customers
2026-07-30 16:26:41,268 - INFO - POST isteði gönderiliyor: https://api.stripe.com/v1/customers
2026-07-30 16:26:41,344 - INFO - Baþarýlý cevap: 200
2026-07-30 16:26:41,386 - INFO - POST isteði gönderiliyor: https://api.stripe.com/v1/customers
2026-07-30 16:26:41,435 - INFO - Baþarýlý cevap: 200
2026-07-30 16:26:41,445 - INFO - POST isteði gönderiliyor: https://api.stripe.com/v1/customers
2026-07-30 16:26:41,984 - INFO - Baþarýlý cevap: 200
2026-07-30 16:26:41,994 - INFO - POST isteði gönderiliyor: https://api.stripe.com/v1/customers
2026-07-30 16:26:42,042 - INFO - Baþarýlý cevap: 200
2026-07-30 16:26:42,048 - INFO - POST isteði gönderiliyor: https://api.stripe.com/v1/customers
2026-07-30 16:26:42,139 - INFO - Baþarýlý cevap: 200
2026-07-30 16:26:42,140 - INFO - Baþarýlý cevap: 200
2026-07-30 16:26:42,153 - INFO - POST isteði gönderiliyor: https://api.stripe.com/v1/customers
2026-07-30 16:26:42,157 - INFO - POST isteði gönderiliyor: https://api.stripe.com/v1/customers
2026-07-30 16:26:42,245 - INFO - Baþarýlý cevap: 200
2026-07-30 16:26:42,263 - INFO - POST isteði gönderiliyor: https://api.stripe.com/v1/customers
2026-07-30 16:26:42,642 - INFO - Baþarýlý cevap: 200
2026-07-30 16:26:42,662 - INFO - POST isteði gönderiliyor: https://api.stripe.com/v1/customers
2026-07-30 16:26:42,740 - INFO - Baþarýlý cevap: 200
2026-07-30 16:26:42,782 - INFO - POST isteði gönderiliyor: https://api.stripe.com/v1/customers
2026-07-30 16:26:43,003 - INFO - Baþarýlý cevap: 200
2026-07-30 16:26:43,018 - INFO - Baþarýlý cevap: 200
2026-07-30 16:26:43,044 - INFO - POST isteði gönderiliyor: https://api.stripe.com/v1/customers
2026-07-30 16:26:43,047 - INFO - POST isteði gönderiliyor: https://api.stripe.com/v1/customers
2026-07-30 16:26:43,249 - INFO - Baþarýlý cevap: 200
2026-07-30 16:26:43,290 - INFO - POST isteði gönderiliyor: https://api.stripe.com/v1/customers
2026-07-30 16:26:43,443 - INFO - Baþarýlý cevap: 200
2026-07-30 16:26:43,638 - INFO - Baþarýlý cevap: 200
2026-07-30 16:26:43,819 - INFO - Baþarýlý cevap: 200
2026-07-30 16:26:43,934 - INFO - Baþarýlý cevap: 200
2026-07-30 16:26:44,121 - INFO - Baþarýlý cevap: 200
2026-07-30 16:29:13,060 - INFO - DELETE isteði gönderiliyor: https://api.stripe.com/v1/customers/cus_Uyriv9i9p26ll2
2026-07-30 16:29:13,062 - INFO - DELETE isteði gönderiliyor: https://api.stripe.com/v1/customers/cus_Uyri698KlXBTWT
2026-07-30 16:29:13,064 - INFO - DELETE isteði gönderiliyor: https://api.stripe.com/v1/customers/cus_UyriSDkkWCJTye
2026-07-30 16:29:13,067 - INFO - DELETE isteði gönderiliyor: https://api.stripe.com/v1/customers/cus_Uyrim9FL895RA2
2026-07-30 16:29:13,072 - INFO - DELETE isteði gönderiliyor: https://api.stripe.com/v1/customers/cus_Uyriv4x2Peh10H
2026-07-30 16:29:13,924 - INFO - Baþarýlý cevap: 200
2026-07-30 16:29:13,944 - INFO - Baþarýlý cevap: 200
2026-07-30 16:29:13,991 - INFO - DELETE isteði gönderiliyor: https://api.stripe.com/v1/customers/cus_UyrixUqkyvrn9D
2026-07-30 16:29:13,994 - INFO - DELETE isteði gönderiliyor: https://api.stripe.com/v1/customers/cus_UyriZhSBnu2RrD
2026-07-30 16:29:14,029 - INFO - Baþarýlý cevap: 200
2026-07-30 16:29:14,037 - INFO - DELETE isteði gönderiliyor: https://api.stripe.com/v1/customers/cus_UyriNM7oLIZkmR
2026-07-30 16:29:14,093 - INFO - Baþarýlý cevap: 200
2026-07-30 16:29:14,095 - INFO - Baþarýlý cevap: 200
2026-07-30 16:29:14,127 - INFO - DELETE isteði gönderiliyor: https://api.stripe.com/v1/customers/cus_UyriRrteuehNJw
2026-07-30 16:29:14,133 - INFO - DELETE isteði gönderiliyor: https://api.stripe.com/v1/customers/cus_UyriLz0j0g0oXC
2026-07-30 16:29:14,767 - INFO - Baþarýlý cevap: 200
2026-07-30 16:29:14,769 - INFO - Baþarýlý cevap: 200
2026-07-30 16:29:14,810 - INFO - DELETE isteði gönderiliyor: https://api.stripe.com/v1/customers/cus_UyriN8ECYTSb98
2026-07-30 16:29:14,815 - INFO - DELETE isteði gönderiliyor: https://api.stripe.com/v1/customers/cus_Uyriiboyaj5kaE
2026-07-30 16:29:14,819 - INFO - Baþarýlý cevap: 200
2026-07-30 16:29:14,827 - INFO - DELETE isteði gönderiliyor: https://api.stripe.com/v1/customers/cus_UyriUFUQM5EdTx
2026-07-30 16:29:14,858 - INFO - Baþarýlý cevap: 200
2026-07-30 16:29:14,869 - INFO - DELETE isteði gönderiliyor: https://api.stripe.com/v1/customers/cus_UyriG9GJDD27Xk
2026-07-30 16:29:14,963 - INFO - Baþarýlý cevap: 200
2026-07-30 16:29:14,973 - INFO - DELETE isteði gönderiliyor: https://api.stripe.com/v1/customers/cus_Uyri9DaqSvanLa
2026-07-30 16:29:15,467 - INFO - Baþarýlý cevap: 200
2026-07-30 16:29:15,476 - INFO - DELETE isteði gönderiliyor: https://api.stripe.com/v1/customers/cus_UyriCIqXwg1AbS
2026-07-30 16:29:15,519 - INFO - Baþarýlý cevap: 200
2026-07-30 16:29:15,527 - INFO - DELETE isteði gönderiliyor: https://api.stripe.com/v1/customers/cus_Uyrie5s0WJFiQD
2026-07-30 16:29:15,536 - INFO - Baþarýlý cevap: 200
2026-07-30 16:29:15,546 - INFO - DELETE isteði gönderiliyor: https://api.stripe.com/v1/customers/cus_UyrisrQwx2XxyT
2026-07-30 16:29:15,572 - INFO - Baþarýlý cevap: 200
2026-07-30 16:29:15,584 - INFO - DELETE isteði gönderiliyor: https://api.stripe.com/v1/customers/cus_UyriwzBhCLw8Yj
2026-07-30 16:29:15,714 - INFO - Baþarýlý cevap: 200
2026-07-30 16:29:15,757 - INFO - DELETE isteði gönderiliyor: https://api.stripe.com/v1/customers/cus_UyriJgb59NRuQ5
2026-07-30 16:29:16,181 - INFO - Baþarýlý cevap: 200
2026-07-30 16:29:16,182 - INFO - Baþarýlý cevap: 200
2026-07-30 16:29:16,196 - INFO - DELETE isteði gönderiliyor: https://api.stripe.com/v1/customers/cus_UyriVFvEDt9qs1
2026-07-30 16:29:16,197 - INFO - DELETE isteði gönderiliyor: https://api.stripe.com/v1/customers/cus_Uyri2zwVzuL1Bu
2026-07-30 16:29:16,289 - INFO - Baþarýlý cevap: 200
2026-07-30 16:29:16,299 - INFO - DELETE isteði gönderiliyor: https://api.stripe.com/v1/customers/cus_UyrijJcX0pLLWw
2026-07-30 16:29:16,408 - INFO - Baþarýlý cevap: 200
2026-07-30 16:29:16,416 - INFO - DELETE isteði gönderiliyor: https://api.stripe.com/v1/customers/cus_UyriUSXSyFoiOg
2026-07-30 16:29:16,596 - INFO - Baþarýlý cevap: 200
2026-07-30 16:29:16,640 - INFO - DELETE isteði gönderiliyor: https://api.stripe.com/v1/customers/cus_UyriGkTaW2ElM5
2026-07-30 16:29:16,932 - INFO - Baþarýlý cevap: 200
2026-07-30 16:29:16,952 - INFO - Baþarýlý cevap: 200
2026-07-30 16:29:16,975 - INFO - DELETE isteði gönderiliyor: https://api.stripe.com/v1/customers/cus_UyriDgfkZBa2GN
2026-07-30 16:29:16,977 - INFO - DELETE isteði gönderiliyor: https://api.stripe.com/v1/customers/cus_UyriQ0hVISyVTd
2026-07-30 16:29:17,044 - INFO - Baþarýlý cevap: 200
2026-07-30 16:29:17,054 - INFO - DELETE isteði gönderiliyor: https://api.stripe.com/v1/customers/cus_UyrilXt3MKIGoA
2026-07-30 16:29:17,234 - INFO - Baþarýlý cevap: 200
2026-07-30 16:29:17,278 - INFO - DELETE isteði gönderiliyor: https://api.stripe.com/v1/customers/cus_UyrisgXchg8cI3
2026-07-30 16:29:17,401 - INFO - Baþarýlý cevap: 200
2026-07-30 16:29:17,409 - INFO - DELETE isteði gönderiliyor: https://api.stripe.com/v1/customers/cus_Uyri3x0rbBgqch
2026-07-30 16:29:17,825 - INFO - Baþarýlý cevap: 200
2026-07-30 16:29:17,879 - INFO - Baþarýlý cevap: 200
2026-07-30 16:29:18,001 - INFO - Baþarýlý cevap: 200
2026-07-30 16:29:18,088 - INFO - Baþarýlý cevap: 200
2026-07-30 16:29:18,143 - INFO - Baþarýlý cevap: 200
2026-07-30 16:31:57,582 - INFO - GET isteði gönderiliyor: https://api.stripe.com/v1/customers
2026-07-30 16:31:59,575 - INFO - Baþarýlý cevap: 200
2026-07-30 16:31:59,579 - INFO - GET isteði gönderiliyor: https://api.stripe.com/v1/customers
2026-07-30 16:32:01,551 - INFO - Baþarýlý cevap: 200
2026-07-30 16:32:01,556 - INFO - GET isteði gönderiliyor: https://api.stripe.com/v1/customers
2026-07-30 16:32:02,778 - INFO - Baþarýlý cevap: 200
2026-07-30 16:32:02,781 - INFO - GET isteði gönderiliyor: https://api.stripe.com/v1/payment_intents
2026-07-30 16:32:03,305 - INFO - GET isteði gönderiliyor: https://api.stripe.com/v1/customers/cus_UyWAW9bi3Raw9q
2026-07-30 16:32:03,986 - INFO - Baþarýlý cevap: 200
2026-07-30 16:32:04,033 - INFO - GET isteði gönderiliyor: https://api.stripe.com/v1/payment_intents
2026-07-30 16:32:04,825 - INFO - Baþarýlý cevap: 200
2026-07-30 16:32:05,271 - INFO - Baþarýlý cevap: 200
2026-07-30 16:32:05,278 - INFO - GET isteði gönderiliyor: https://api.stripe.com/v1/payment_intents
2026-07-30 16:32:07,129 - INFO - Baþarýlý cevap: 200
2026-07-30 16:32:07,132 - INFO - GET isteði gönderiliyor: https://api.stripe.com/v1/refunds
2026-07-30 16:32:07,851 - INFO - Baþarýlý cevap: 200
2026-07-30 16:32:07,853 - INFO - GET isteði gönderiliyor: https://api.stripe.com/v1/products
2026-07-30 16:32:08,667 - INFO - Baþarýlý cevap: 200
2026-07-30 16:32:12,406 - INFO - GET isteði gönderiliyor: https://api.stripe.com/v1/invoices
2026-07-30 16:32:13,131 - INFO - Baþarýlý cevap: 200
2026-07-30 16:32:14,087 - INFO - GET isteði gönderiliyor: https://api.stripe.com/v1/invoices
2026-07-30 16:32:14,956 - INFO - Baþarýlý cevap: 200
2026-07-30 16:33:00,986 - INFO - GET isteði gönderiliyor: https://api.stripe.com/v1/invoices/in_1TysHEKBkUL9vnMVqi4kSIfS
2026-07-30 16:33:01,709 - INFO - Baþarýlý cevap: 200
2026-07-30 16:33:01,711 - INFO - POST isteði gönderiliyor: https://api.stripe.com/v1/invoices/in_1TysHEKBkUL9vnMVqi4kSIfS/void
2026-07-30 16:33:02,583 - INFO - Baþarýlý cevap: 200
2026-07-30 16:33:05,140 - INFO - GET isteði gönderiliyor: https://api.stripe.com/v1/invoices
2026-07-30 16:33:05,891 - INFO - Baþarýlý cevap: 200
2026-07-30 16:33:06,109 - INFO - GET isteði gönderiliyor: https://api.stripe.com/v1/invoices
2026-07-30 16:33:07,091 - INFO - Baþarýlý cevap: 200
2026-07-30 16:33:53,863 - INFO - GET isteði gönderiliyor: https://api.stripe.com/v1/invoices
2026-07-30 16:33:54,501 - INFO - Baþarýlý cevap: 200
2026-07-30 16:33:54,628 - INFO - GET isteði gönderiliyor: https://api.stripe.com/v1/invoices
2026-07-30 16:33:55,235 - INFO - Baþarýlý cevap: 200
2026-07-30 16:41:46,169 - INFO - GET isteði gönderiliyor: https://api.stripe.com/v1/customers
2026-07-30 16:41:46,172 - INFO - GET isteði gönderiliyor: https://api.stripe.com/v1/products
2026-07-30 16:41:47,130 - INFO - Baþarýlý cevap: 200
2026-07-30 16:41:47,666 - INFO - Baþarýlý cevap: 200
2026-07-30 16:42:23,594 - INFO - POST isteði gönderiliyor: https://api.stripe.com/v1/invoices/create_preview
2026-07-30 16:42:24,513 - INFO - Baþarýlý cevap: 200
2026-07-30 16:42:28,247 - INFO - POST isteði gönderiliyor: https://api.stripe.com/v1/invoices/create_preview
2026-07-30 16:42:29,301 - INFO - Baþarýlý cevap: 200
2026-07-30 16:42:33,679 - INFO - POST isteði gönderiliyor: https://api.stripe.com/v1/invoices
2026-07-30 16:42:34,609 - INFO - Baþarýlý cevap: 200
2026-07-30 16:42:34,611 - INFO - POST isteði gönderiliyor: https://api.stripe.com/v1/invoiceitems
2026-07-30 16:42:35,640 - INFO - Baþarýlý cevap: 200
2026-07-30 16:42:35,641 - INFO - POST isteði gönderiliyor: https://api.stripe.com/v1/invoiceitems
2026-07-30 16:42:36,397 - INFO - Baþarýlý cevap: 200
2026-07-30 16:42:36,399 - INFO - POST isteði gönderiliyor: https://api.stripe.com/v1/invoices/in_1TyuEHKBkUL9vnMVq3Y41Dp9/finalize
2026-07-30 16:42:38,409 - INFO - Baþarýlý cevap: 200
2026-07-30 16:42:38,512 - INFO - GET isteði gönderiliyor: https://api.stripe.com/v1/customers
2026-07-30 16:42:39,696 - INFO - GET isteði gönderiliyor: https://api.stripe.com/v1/invoices
2026-07-30 16:42:39,962 - INFO - Baþarýlý cevap: 200
2026-07-30 16:42:39,974 - INFO - GET isteði gönderiliyor: https://api.stripe.com/v1/customers
2026-07-30 16:42:40,792 - INFO - Baþarýlý cevap: 200
2026-07-30 16:42:41,350 - INFO - Baþarýlý cevap: 200
2026-07-30 16:42:41,353 - INFO - GET isteði gönderiliyor: https://api.stripe.com/v1/customers
2026-07-30 16:42:42,747 - INFO - Baþarýlý cevap: 200
2026-07-30 16:42:42,751 - INFO - GET isteði gönderiliyor: https://api.stripe.com/v1/payment_intents
2026-07-30 16:42:45,374 - INFO - Baþarýlý cevap: 200
2026-07-30 16:42:45,394 - INFO - GET isteði gönderiliyor: https://api.stripe.com/v1/payment_intents
2026-07-30 16:42:47,151 - INFO - Baþarýlý cevap: 200
2026-07-30 16:42:47,160 - INFO - GET isteði gönderiliyor: https://api.stripe.com/v1/refunds
2026-07-30 16:42:47,985 - INFO - Baþarýlý cevap: 200
2026-07-30 16:42:47,987 - INFO - GET isteði gönderiliyor: https://api.stripe.com/v1/products
2026-07-30 16:42:48,942 - INFO - Baþarýlý cevap: 200
2026-07-30 16:44:01,144 - INFO - GET isteði gönderiliyor: https://api.stripe.com/v1/customers/cus_UyWAW9bi3Raw9q
2026-07-30 16:44:02,007 - INFO - Baþarýlý cevap: 200
2026-07-30 16:44:02,034 - INFO - GET isteði gönderiliyor: https://api.stripe.com/v1/payment_intents
2026-07-30 16:44:03,344 - INFO - Baþarýlý cevap: 200
2026-07-30 16:44:12,439 - INFO - GET isteði gönderiliyor: https://api.stripe.com/v1/invoices
2026-07-30 16:44:13,452 - INFO - Baþarýlý cevap: 200
2026-07-30 16:44:13,653 - INFO - GET isteði gönderiliyor: https://api.stripe.com/v1/invoices
2026-07-30 16:44:14,584 - INFO - Baþarýlý cevap: 200
2026-07-30 16:44:32,356 - INFO - GET isteði gönderiliyor: https://api.stripe.com/v1/customers
2026-07-30 16:44:32,388 - INFO - GET isteði gönderiliyor: https://api.stripe.com/v1/products
2026-07-30 16:44:33,430 - INFO - Baþarýlý cevap: 200
2026-07-30 16:44:33,682 - INFO - Baþarýlý cevap: 200
2026-07-30 16:44:49,152 - INFO - Import Ýþlemi Tamamlandý: Baþlýksýz e-tablo - Sayfa1 (19).csv -> invoices (Baþarýlý: 1, Baþarýsýz: 0)
2026-07-30 16:44:49,198 - INFO - GET isteði gönderiliyor: https://api.stripe.com/v1/customers
2026-07-30 16:44:49,217 - INFO - GET isteði gönderiliyor: https://api.stripe.com/v1/customers
2026-07-30 16:44:49,228 - INFO - GET isteði gönderiliyor: https://api.stripe.com/v1/products
2026-07-30 16:44:49,234 - INFO - GET isteði gönderiliyor: https://api.stripe.com/v1/payment_intents
2026-07-30 16:44:49,947 - INFO - Baþarýlý cevap: 200
2026-07-30 16:44:50,090 - INFO - Baþarýlý cevap: 200
2026-07-30 16:44:50,164 - INFO - Baþarýlý cevap: 200
2026-07-30 16:44:50,170 - INFO - Baþarýlý cevap: 200
2026-07-30 16:44:50,196 - INFO - GET isteði gönderiliyor: https://api.stripe.com/v1/customers
2026-07-30 16:44:51,217 - INFO - Baþarýlý cevap: 200
2026-07-30 16:44:51,220 - INFO - GET isteði gönderiliyor: https://api.stripe.com/v1/customers
2026-07-30 16:44:51,976 - INFO - Baþarýlý cevap: 200
2026-07-30 16:44:51,979 - INFO - GET isteði gönderiliyor: https://api.stripe.com/v1/payment_intents
2026-07-30 16:44:53,571 - INFO - GET isteði gönderiliyor: https://api.stripe.com/v1/customers/cus_UyWAW9bi3Raw9q
2026-07-30 16:44:54,393 - INFO - Baþarýlý cevap: 200
2026-07-30 16:44:54,535 - INFO - GET isteði gönderiliyor: https://api.stripe.com/v1/payment_intents
2026-07-30 16:44:55,214 - INFO - Baþarýlý cevap: 200
2026-07-30 16:44:55,231 - INFO - GET isteði gönderiliyor: https://api.stripe.com/v1/payment_intents
2026-07-30 16:44:55,395 - INFO - Baþarýlý cevap: 200
2026-07-30 16:44:57,014 - INFO - Baþarýlý cevap: 200
2026-07-30 16:44:57,017 - INFO - GET isteði gönderiliyor: https://api.stripe.com/v1/refunds
2026-07-30 16:44:57,600 - INFO - Baþarýlý cevap: 200
2026-07-30 16:44:57,602 - INFO - GET isteði gönderiliyor: https://api.stripe.com/v1/products
2026-07-30 16:44:58,404 - INFO - Baþarýlý cevap: 200
2026-07-30 16:45:00,825 - INFO - GET isteði gönderiliyor: https://api.stripe.com/v1/invoices
2026-07-30 16:45:01,528 - INFO - Baþarýlý cevap: 200
2026-07-30 16:45:01,750 - INFO - GET isteði gönderiliyor: https://api.stripe.com/v1/invoices
2026-07-30 16:45:02,379 - INFO - Baþarýlý cevap: 200
2026-07-30 16:47:11,693 - INFO - GET isteði gönderiliyor: https://api.stripe.com/v1/customers
2026-07-30 16:47:12,929 - INFO - Baþarýlý cevap: 200
2026-07-30 16:47:12,933 - INFO - GET isteði gönderiliyor: https://api.stripe.com/v1/customers
2026-07-30 16:47:13,869 - INFO - Baþarýlý cevap: 200
2026-07-30 16:47:13,872 - INFO - GET isteði gönderiliyor: https://api.stripe.com/v1/customers
2026-07-30 16:47:14,648 - INFO - Baþarýlý cevap: 200
2026-07-30 16:47:14,651 - INFO - GET isteði gönderiliyor: https://api.stripe.com/v1/payment_intents
2026-07-30 16:47:17,914 - INFO - Baþarýlý cevap: 200
2026-07-30 16:47:17,923 - INFO - GET isteði gönderiliyor: https://api.stripe.com/v1/payment_intents
2026-07-30 16:47:19,922 - INFO - Baþarýlý cevap: 200
2026-07-30 16:47:19,929 - INFO - GET isteði gönderiliyor: https://api.stripe.com/v1/refunds
2026-07-30 16:47:20,564 - INFO - Baþarýlý cevap: 200
2026-07-30 16:47:20,567 - INFO - GET isteði gönderiliyor: https://api.stripe.com/v1/products
2026-07-30 16:47:21,666 - INFO - Baþarýlý cevap: 200
2026-07-30 16:47:24,657 - INFO - GET isteði gönderiliyor: https://api.stripe.com/v1/customers
2026-07-30 16:47:26,295 - INFO - Baþarýlý cevap: 200
2026-07-30 16:47:55,012 - INFO - GET isteði gönderiliyor: https://api.stripe.com/v1/customers
2026-07-30 16:47:56,515 - INFO - Baþarýlý cevap: 200
2026-07-30 16:50:24,358 - INFO - GET isteði gönderiliyor: https://api.stripe.com/v1/customers
2026-07-30 16:50:25,051 - INFO - Baþarýlý cevap: 200
2026-07-30 16:51:19,222 - INFO - GET isteði gönderiliyor: https://api.stripe.com/v1/customers
2026-07-30 16:51:19,942 - INFO - Baþarýlý cevap: 200
2026-07-30 16:51:21,907 - INFO - GET isteði gönderiliyor: https://api.stripe.com/v1/customers
2026-07-30 16:51:22,411 - INFO - Baþarýlý cevap: 200
2026-07-30 16:51:22,472 - INFO - GET isteði gönderiliyor: https://api.stripe.com/v1/customers
2026-07-30 16:51:23,114 - INFO - Baþarýlý cevap: 200
2026-07-30 16:51:23,196 - INFO - GET isteði gönderiliyor: https://api.stripe.com/v1/customers
2026-07-30 16:51:23,839 - INFO - Baþarýlý cevap: 200
2026-07-30 16:51:31,941 - INFO - GET isteði gönderiliyor: https://api.stripe.com/v1/customers
2026-07-30 16:51:32,503 - INFO - Baþarýlý cevap: 200
2026-07-30 16:51:33,699 - INFO - GET isteði gönderiliyor: https://api.stripe.com/v1/customers
2026-07-30 16:51:34,342 - INFO - Baþarýlý cevap: 200
2026-07-30 16:51:34,397 - INFO - GET isteði gönderiliyor: https://api.stripe.com/v1/customers
2026-07-30 16:51:34,972 - INFO - Baþarýlý cevap: 200
2026-07-30 16:51:34,993 - INFO - GET isteði gönderiliyor: https://api.stripe.com/v1/customers
2026-07-30 16:51:35,482 - INFO - Baþarýlý cevap: 200
2026-07-30 16:51:43,190 - INFO - GET isteði gönderiliyor: https://api.stripe.com/v1/customers
2026-07-30 16:51:44,910 - INFO - Baþarýlý cevap: 200
2026-07-30 16:51:44,966 - INFO - GET isteði gönderiliyor: https://api.stripe.com/v1/customers
2026-07-30 16:51:46,118 - INFO - Baþarýlý cevap: 200
2026-07-30 16:51:46,206 - INFO - GET isteði gönderiliyor: https://api.stripe.com/v1/customers
2026-07-30 16:51:47,150 - INFO - Baþarýlý cevap: 200
2026-07-30 16:51:58,100 - INFO - GET isteði gönderiliyor: https://api.stripe.com/v1/customers
2026-07-30 16:51:58,667 - INFO - Baþarýlý cevap: 200
2026-07-30 16:55:35,409 - INFO - GET isteði gönderiliyor: https://api.stripe.com/v1/customers
2026-07-30 16:55:35,414 - INFO - GET isteði gönderiliyor: https://api.stripe.com/v1/products
2026-07-30 16:55:36,218 - INFO - Baþarýlý cevap: 200
2026-07-30 16:55:37,283 - INFO - Baþarýlý cevap: 200
2026-07-30 16:55:39,942 - INFO - GET isteði gönderiliyor: https://api.stripe.com/v1/payment_intents
2026-07-30 16:55:40,810 - INFO - Baþarýlý cevap: 200
2026-07-30 16:55:57,929 - INFO - GET isteði gönderiliyor: https://api.stripe.com/v1/customers/cus_UyWAW9bi3Raw9q
2026-07-30 16:55:58,745 - INFO - Baþarýlý cevap: 200
2026-07-30 16:55:58,856 - INFO - GET isteði gönderiliyor: https://api.stripe.com/v1/payment_intents
2026-07-30 16:55:59,511 - INFO - Baþarýlý cevap: 200
2026-07-30 16:56:04,408 - INFO - GET isteði gönderiliyor: https://api.stripe.com/v1/payment_intents
2026-07-30 16:56:05,549 - INFO - Baþarýlý cevap: 200
2026-07-30 17:08:36,295 - INFO - POST isteði gönderiliyor: https://api.stripe.com/v1/payment_intents
2026-07-30 17:08:37,296 - INFO - Baþarýlý cevap: 200
2026-07-30 17:08:37,346 - INFO - GET isteði gönderiliyor: https://api.stripe.com/v1/payment_intents
2026-07-30 17:08:37,401 - INFO - GET isteði gönderiliyor: https://api.stripe.com/v1/customers
2026-07-30 17:08:38,401 - INFO - Baþarýlý cevap: 200
2026-07-30 17:08:38,988 - INFO - Baþarýlý cevap: 200
2026-07-30 17:08:38,999 - INFO - GET isteði gönderiliyor: https://api.stripe.com/v1/customers
2026-07-30 17:08:40,434 - INFO - Baþarýlý cevap: 200
2026-07-30 17:08:40,440 - INFO - GET isteði gönderiliyor: https://api.stripe.com/v1/customers
2026-07-30 17:08:41,932 - INFO - Baþarýlý cevap: 200
2026-07-30 17:08:41,936 - INFO - GET isteði gönderiliyor: https://api.stripe.com/v1/payment_intents
2026-07-30 17:08:45,043 - INFO - Baþarýlý cevap: 200
2026-07-30 17:08:45,048 - INFO - GET isteði gönderiliyor: https://api.stripe.com/v1/payment_intents
2026-07-30 17:08:46,501 - INFO - Baþarýlý cevap: 200
2026-07-30 17:08:46,505 - INFO - GET isteði gönderiliyor: https://api.stripe.com/v1/refunds
2026-07-30 17:08:47,206 - INFO - Baþarýlý cevap: 200
2026-07-30 17:08:47,208 - INFO - GET isteði gönderiliyor: https://api.stripe.com/v1/products
2026-07-30 17:08:48,082 - INFO - Baþarýlý cevap: 200
2026-07-30 17:09:51,997 - INFO - GET isteði gönderiliyor: https://api.stripe.com/v1/customers/cus_UyWAW9bi3Raw9q
2026-07-30 17:09:52,916 - INFO - Baþarýlý cevap: 200
2026-07-30 17:09:53,433 - INFO - GET isteði gönderiliyor: https://api.stripe.com/v1/payment_intents
2026-07-30 17:09:54,317 - INFO - Baþarýlý cevap: 200
2026-07-30 17:13:11,444 - INFO - GET isteði gönderiliyor: https://api.stripe.com/v1/products
2026-07-30 17:13:12,572 - INFO - Baþarýlý cevap: 200
2026-07-30 17:13:12,865 - INFO - GET isteði gönderiliyor: https://api.stripe.com/v1/payment_intents
2026-07-30 17:13:13,805 - INFO - Baþarýlý cevap: 200
2026-07-30 17:13:24,427 - INFO - GET isteði gönderiliyor: https://api.stripe.com/v1/customers/cus_UyWAW9bi3Raw9q
2026-07-30 17:13:24,915 - INFO - Baþarýlý cevap: 200
2026-07-30 17:13:24,940 - INFO - GET isteði gönderiliyor: https://api.stripe.com/v1/payment_intents
2026-07-30 17:13:25,688 - INFO - Baþarýlý cevap: 200
2026-07-30 17:14:28,261 - INFO - GET isteði gönderiliyor: https://api.stripe.com/v1/products
2026-07-30 17:14:28,852 - INFO - Baþarýlý cevap: 200
2026-07-31 10:06:28,002 - INFO - GET isteÄŸi gÃ¶nderiliyor: https://api.stripe.com/v1/invoices
2026-07-31 10:06:28,675 - ERROR - HTTP hatasÄ±: 400 Client Error: Bad Request for url: https://api.stripe.com/v1/invoices?limit=10&customer=cus_test_softdel_999
2026-07-31 10:06:28,700 - INFO - GET isteÄŸi gÃ¶nderiliyor: https://api.stripe.com/v1/invoices
2026-07-31 10:06:29,291 - ERROR - HTTP hatasÄ±: 400 Client Error: Bad Request for url: https://api.stripe.com/v1/invoices?limit=10&customer=cus_test_softdel_999
2026-07-31 10:06:53,766 - INFO - POST isteÄŸi gÃ¶nderiliyor: https://api.stripe.com/v1/payment_intents
2026-07-31 10:06:54,684 - INFO - BaÅŸarÄ±lÄ± cevap: 200
2026-07-31 10:06:54,731 - INFO - POST isteÄŸi gÃ¶nderiliyor: https://api.stripe.com/v1/prices
2026-07-31 10:06:55,281 - INFO - BaÅŸarÄ±lÄ± cevap: 200
2026-07-31 10:06:55,380 - INFO - GET isteÄŸi gÃ¶nderiliyor: https://api.stripe.com/v1/customers
2026-07-31 10:06:56,744 - INFO - BaÅŸarÄ±lÄ± cevap: 200
2026-07-31 10:06:56,749 - INFO - GET isteÄŸi gÃ¶nderiliyor: https://api.stripe.com/v1/invoices
2026-07-31 10:06:58,667 - INFO - BaÅŸarÄ±lÄ± cevap: 200
2026-07-31 10:06:58,804 - INFO - GET isteÄŸi gÃ¶nderiliyor: https://api.stripe.com/v1/payment_intents
2026-07-31 10:06:59,674 - INFO - BaÅŸarÄ±lÄ± cevap: 200
2026-07-31 10:06:59,680 - INFO - GET isteÄŸi gÃ¶nderiliyor: https://api.stripe.com/v1/products
2026-07-31 10:07:00,184 - INFO - BaÅŸarÄ±lÄ± cevap: 200
2026-07-31 10:07:00,186 - INFO - GET isteÄŸi gÃ¶nderiliyor: https://api.stripe.com/v1/refunds
2026-07-31 10:07:00,655 - INFO - BaÅŸarÄ±lÄ± cevap: 200
2026-07-31 10:07:00,660 - INFO - GET isteÄŸi gÃ¶nderiliyor: https://api.stripe.com/v1/customers
2026-07-31 10:07:01,230 - INFO - BaÅŸarÄ±lÄ± cevap: 200
2026-07-31 10:07:01,236 - INFO - GET isteÄŸi gÃ¶nderiliyor: https://api.stripe.com/v1/customers
2026-07-31 10:07:02,028 - INFO - BaÅŸarÄ±lÄ± cevap: 200
2026-07-31 10:07:02,037 - INFO - GET isteÄŸi gÃ¶nderiliyor: https://api.stripe.com/v1/invoices
2026-07-31 10:07:02,981 - INFO - BaÅŸarÄ±lÄ± cevap: 200
2026-07-31 10:07:03,154 - INFO - GET isteÄŸi gÃ¶nderiliyor: https://api.stripe.com/v1/payment_intents
2026-07-31 10:07:03,700 - INFO - BaÅŸarÄ±lÄ± cevap: 200
2026-07-31 10:07:03,702 - INFO - GET isteÄŸi gÃ¶nderiliyor: https://api.stripe.com/v1/payment_intents
2026-07-31 10:07:04,463 - INFO - BaÅŸarÄ±lÄ± cevap: 200
2026-07-31 10:07:04,469 - INFO - GET isteÄŸi gÃ¶nderiliyor: https://api.stripe.com/v1/products
2026-07-31 10:07:05,029 - INFO - BaÅŸarÄ±lÄ± cevap: 200
2026-07-31 10:07:05,034 - INFO - GET isteÄŸi gÃ¶nderiliyor: https://api.stripe.com/v1/products
2026-07-31 10:07:06,623 - INFO - BaÅŸarÄ±lÄ± cevap: 200
2026-07-31 10:07:06,631 - INFO - GET isteÄŸi gÃ¶nderiliyor: https://api.stripe.com/v1/refunds
2026-07-31 10:07:07,233 - INFO - BaÅŸarÄ±lÄ± cevap: 200
2026-07-31 10:09:39,991 - INFO - GET isteði gönderiliyor: https://api.stripe.com/v1/customers
2026-07-31 10:09:41,781 - INFO - Baþarýlý cevap: 200
2026-07-31 10:09:41,786 - INFO - GET isteði gönderiliyor: https://api.stripe.com/v1/customers
2026-07-31 10:09:43,443 - INFO - Baþarýlý cevap: 200
2026-07-31 10:09:43,448 - INFO - GET isteði gönderiliyor: https://api.stripe.com/v1/customers
2026-07-31 10:09:44,582 - INFO - Baþarýlý cevap: 200
2026-07-31 10:09:44,586 - INFO - GET isteði gönderiliyor: https://api.stripe.com/v1/payment_intents
2026-07-31 10:09:47,217 - INFO - Baþarýlý cevap: 200
2026-07-31 10:09:47,225 - INFO - GET isteði gönderiliyor: https://api.stripe.com/v1/payment_intents
2026-07-31 10:09:48,973 - INFO - Baþarýlý cevap: 200
2026-07-31 10:09:48,978 - INFO - GET isteði gönderiliyor: https://api.stripe.com/v1/refunds
2026-07-31 10:09:49,586 - INFO - Baþarýlý cevap: 200
2026-07-31 10:09:49,593 - INFO - GET isteði gönderiliyor: https://api.stripe.com/v1/products
2026-07-31 10:09:50,509 - INFO - Baþarýlý cevap: 200
2026-07-31 10:09:56,605 - INFO - GET isteði gönderiliyor: https://api.stripe.com/v1/customers/cus_UyWAW9bi3Raw9q
2026-07-31 10:09:57,317 - INFO - Baþarýlý cevap: 200
2026-07-31 10:09:57,370 - INFO - GET isteði gönderiliyor: https://api.stripe.com/v1/payment_intents
2026-07-31 10:09:57,963 - INFO - Baþarýlý cevap: 200
2026-07-31 10:10:03,009 - INFO - GET isteði gönderiliyor: https://api.stripe.com/v1/invoices
2026-07-31 10:10:04,465 - INFO - Baþarýlý cevap: 200
2026-07-31 10:10:04,863 - INFO - GET isteði gönderiliyor: https://api.stripe.com/v1/invoices
2026-07-31 10:10:05,555 - INFO - Baþarýlý cevap: 200
2026-07-31 10:10:26,385 - INFO - GET isteði gönderiliyor: https://api.stripe.com/v1/invoices/in_1TyuEHKBkUL9vnMVq3Y41Dp9
2026-07-31 10:10:27,169 - INFO - Baþarýlý cevap: 200
2026-07-31 10:10:31,409 - INFO - GET isteði gönderiliyor: https://api.stripe.com/v1/invoices
2026-07-31 10:10:31,925 - INFO - Baþarýlý cevap: 200
2026-07-31 10:10:31,963 - INFO - GET isteði gönderiliyor: https://api.stripe.com/v1/invoices
2026-07-31 10:10:32,417 - INFO - Baþarýlý cevap: 200
2026-07-31 10:11:10,795 - INFO - GET isteði gönderiliyor: https://api.stripe.com/v1/customers
2026-07-31 10:11:11,575 - INFO - Baþarýlý cevap: 200
2026-07-31 10:11:11,577 - INFO - GET isteði gönderiliyor: https://api.stripe.com/v1/customers
2026-07-31 10:11:12,250 - INFO - Baþarýlý cevap: 200
2026-07-31 10:11:12,254 - INFO - GET isteði gönderiliyor: https://api.stripe.com/v1/customers
2026-07-31 10:11:13,000 - INFO - Baþarýlý cevap: 200
2026-07-31 10:11:13,005 - INFO - GET isteði gönderiliyor: https://api.stripe.com/v1/payment_intents
2026-07-31 10:11:14,189 - INFO - GET isteði gönderiliyor: https://api.stripe.com/v1/customers/cus_UyWAW9bi3Raw9q
2026-07-31 10:11:14,783 - INFO - Baþarýlý cevap: 200
2026-07-31 10:11:14,796 - INFO - GET isteði gönderiliyor: https://api.stripe.com/v1/payment_intents
2026-07-31 10:11:15,786 - INFO - Baþarýlý cevap: 200
2026-07-31 10:11:16,084 - INFO - Baþarýlý cevap: 200
2026-07-31 10:11:16,088 - INFO - GET isteði gönderiliyor: https://api.stripe.com/v1/payment_intents
2026-07-31 10:11:17,283 - INFO - Baþarýlý cevap: 200
2026-07-31 10:11:17,287 - INFO - GET isteði gönderiliyor: https://api.stripe.com/v1/refunds
2026-07-31 10:11:17,839 - INFO - Baþarýlý cevap: 200
2026-07-31 10:11:17,841 - INFO - GET isteði gönderiliyor: https://api.stripe.com/v1/products
2026-07-31 10:11:18,673 - INFO - Baþarýlý cevap: 200
2026-07-31 10:11:19,325 - INFO - GET isteði gönderiliyor: https://api.stripe.com/v1/invoices
2026-07-31 10:11:20,011 - INFO - Baþarýlý cevap: 200
2026-07-31 10:11:20,054 - INFO - GET isteði gönderiliyor: https://api.stripe.com/v1/invoices
2026-07-31 10:11:20,528 - INFO - Baþarýlý cevap: 200
2026-07-31 10:11:26,996 - INFO - GET isteði gönderiliyor: https://api.stripe.com/v1/invoices
2026-07-31 10:11:27,590 - INFO - Baþarýlý cevap: 200
2026-07-31 10:11:27,622 - INFO - GET isteði gönderiliyor: https://api.stripe.com/v1/invoices
2026-07-31 10:11:28,120 - INFO - Baþarýlý cevap: 200
2026-07-31 10:12:17,809 - INFO - GET isteði gönderiliyor: https://api.stripe.com/v1/customers
2026-07-31 10:12:18,635 - INFO - Baþarýlý cevap: 200
2026-07-31 10:12:18,641 - INFO - GET isteði gönderiliyor: https://api.stripe.com/v1/customers
2026-07-31 10:12:19,240 - INFO - GET isteði gönderiliyor: https://api.stripe.com/v1/customers/cus_UyWAW9bi3Raw9q
2026-07-31 10:12:19,401 - INFO - Baþarýlý cevap: 200
2026-07-31 10:12:19,404 - INFO - GET isteði gönderiliyor: https://api.stripe.com/v1/customers
2026-07-31 10:12:19,712 - INFO - Baþarýlý cevap: 200
2026-07-31 10:12:19,725 - INFO - GET isteði gönderiliyor: https://api.stripe.com/v1/payment_intents
2026-07-31 10:12:20,008 - INFO - Baþarýlý cevap: 200
2026-07-31 10:12:20,010 - INFO - GET isteði gönderiliyor: https://api.stripe.com/v1/payment_intents
2026-07-31 10:12:20,319 - INFO - Baþarýlý cevap: 200
2026-07-31 10:12:22,110 - INFO - Baþarýlý cevap: 200
2026-07-31 10:12:22,116 - INFO - GET isteði gönderiliyor: https://api.stripe.com/v1/payment_intents
2026-07-31 10:12:23,351 - INFO - Baþarýlý cevap: 200
2026-07-31 10:12:23,355 - INFO - GET isteði gönderiliyor: https://api.stripe.com/v1/refunds
2026-07-31 10:12:23,490 - INFO - GET isteði gönderiliyor: https://api.stripe.com/v1/invoices
2026-07-31 10:12:23,929 - INFO - Baþarýlý cevap: 200
2026-07-31 10:12:23,931 - INFO - GET isteði gönderiliyor: https://api.stripe.com/v1/products
2026-07-31 10:12:24,099 - INFO - Baþarýlý cevap: 200
2026-07-31 10:12:24,135 - INFO - GET isteði gönderiliyor: https://api.stripe.com/v1/invoices
2026-07-31 10:12:24,522 - INFO - Baþarýlý cevap: 200
2026-07-31 10:12:24,684 - INFO - Baþarýlý cevap: 200
